"BehaviorSpace results (NetLogo 6.4.0)","Table version 2.0"
"/home/adam/repos/foundation-simulation/model/foundation.nlogo"
"Foundation Religious-Economic Tipping Point"
"10/10/2026 12:40:31:256 +0200"
"min-pxcor","max-pxcor","min-pycor","max-pycor"
"-32","31","-32","31"
"[run number]","missionary-effectiveness","royal-intolerance","initial-missionaries","initial-traders","trade-attractiveness","tech-decay-rate","religion-trade-weight","independence-effort","view-mode","[step]","control-fraction","cumulative-trade-profit","controlled-planets","controlled-kingdoms","mean-religion","mean-dependency","total-executed-missionaries","total-executed-traders","foundation-treasury","recruitment-costs","total-successful-trades","ticks","model-valid?","netlogo-version","100000 + behaviorspace-run-number","(list missionary-effectiveness royal-intolerance initial-missionaries initial-traders trade-attractiveness tech-decay-rate religion-trade-weight independence-effort view-mode)"
"2","0.1","0.2","12","12","0.6","0.015","0.55","0.15","kingdom","450","0","-192.9807479477998","0","0","0.019558753641003717","0.009069836076012827","11","24","7.019252052200169","365","22","450","true","6.4.0","100002","[0.1 0.2 12 12 0.6 0.015 0.55 0.15 kingdom]"
"1","0.1","0.2","12","12","0.6","0.015","0.55","0.15","kingdom","450","0","40.991161099664765","0","0","0.02485659779085628","0.025121237648389486","10","15","240.9911610996645","325","51","450","true","6.4.0","100001","[0.1 0.2 12 12 0.6 0.015 0.55 0.15 kingdom]"
"4","0.1","0.2","12","12","0.6","0.015","0.55","0.15","kingdom","450","0","-40.63057287924537","0","0","0.035259421962117884","0.02600015538010499","21","19","159.36942712075455","480","60","450","true","6.4.0","100004","[0.1 0.2 12 12 0.6 0.015 0.55 0.15 kingdom]"
"3","0.1","0.2","12","12","0.6","0.015","0.55","0.15","kingdom","450","0","-32.26069504710061","0","0","0.03801537012510091","0.019067458850951458","17","19","167.73930495289935","440","55","450","true","6.4.0","100003","[0.1 0.2 12 12 0.6 0.015 0.55 0.15 kingdom]"
"5","0.1","0.2","12","12","0.6","0.015","0.55","0.15","kingdom","450","0","26.234301828969343","0","0","0.03048951319181308","0.017082684171026773","18","15","226.23430182896925","380","56","450","true","6.4.0","100005","[0.1 0.2 12 12 0.6 0.015 0.55 0.15 kingdom]"
"8","0.1","0.2","12","12","0.6","0.015","0.55","0.15","kingdom","450","0","-190.6627995581629","0","0","0.01878752828221097","0.0016720873812567179","21","27","9.33720044183713","430","35","450","true","6.4.0","100008","[0.1 0.2 12 12 0.6 0.015 0.55 0.15 kingdom]"
"6","0.1","0.2","12","12","0.6","0.015","0.55","0.15","kingdom","450","0","-177.65107375823496","0","0","0.027116507381216716","0.01815924582292102","17","29","22.34892624176509","530","50","450","true","6.4.0","100006","[0.1 0.2 12 12 0.6 0.015 0.55 0.15 kingdom]"
"7","0.1","0.2","12","12","0.6","0.015","0.55","0.15","kingdom","450","0","-55.329157057781345","0","0","0.04007238174330573","0.024110548403818204","22","15","144.67084294221874","445","52","450","true","6.4.0","100007","[0.1 0.2 12 12 0.6 0.015 0.55 0.15 kingdom]"
"9","0.1","0.2","12","12","0.6","0.015","0.55","0.15","kingdom","450","0","-42.502145048834585","0","0","0.02807111499226566","0.03817392842406586","25","22","157.49785495116546","540","62","450","true","6.4.0","100009","[0.1 0.2 12 12 0.6 0.015 0.55 0.15 kingdom]"
"10","0.1","0.2","12","12","0.6","0.015","0.55","0.15","kingdom","450","0","-30.33975414552039","0","0","0.03124110017137473","0.025201321862929296","19","17","169.6602458544794","445","59","450","true","6.4.0","100010","[0.1 0.2 12 12 0.6 0.015 0.55 0.15 kingdom]"
"12","0.1","0.2","12","12","0.6","0.015","0.55","0.15","kingdom","450","0","101.95577759910306","0","0","0.0366719294320741","0.028042123841626944","12","15","301.9557775991031","320","59","450","true","6.4.0","100012","[0.1 0.2 12 12 0.6 0.015 0.55 0.15 kingdom]"
"11","0.1","0.2","12","12","0.6","0.015","0.55","0.15","kingdom","450","0","-154.39293596090286","0","0","0.03229595053382386","0.028279435215206667","17","26","45.60706403909734","550","54","450","true","6.4.0","100011","[0.1 0.2 12 12 0.6 0.015 0.55 0.15 kingdom]"
"14","0.1","0.2","12","12","0.6","0.015","0.55","0.15","kingdom","450","0","-26.32610473373516","0","0","0.04057724140132434","0.030194777624366856","16","18","173.67389526626476","430","55","450","true","6.4.0","100014","[0.1 0.2 12 12 0.6 0.015 0.55 0.15 kingdom]"
"13","0.1","0.2","12","12","0.6","0.015","0.55","0.15","kingdom","450","0","25.297733407220484","0","0","0.03898758544499166","0.043649118483356425","16","22","225.29773340722053","480","67","450","true","6.4.0","100013","[0.1 0.2 12 12 0.6 0.015 0.55 0.15 kingdom]"
"15","0.1","0.2","12","12","0.6","0.015","0.55","0.15","kingdom","450","0","-198.4474880607188","0","0","0.019588132386252503","0.020113341683269805","22","21","1.5525119392812456","535","45","450","true","6.4.0","100015","[0.1 0.2 12 12 0.6 0.015 0.55 0.15 kingdom]"
"16","0.1","0.2","12","12","0.6","0.015","0.55","0.15","kingdom","450","0","12.21583917089863","0","0","0.042375625752547434","0.02434129697624198","10","20","212.2158391708985","400","57","450","true","6.4.0","100016","[0.1 0.2 12 12 0.6 0.015 0.55 0.15 kingdom]"
"17","0.1","0.2","12","12","0.6","0.015","0.55","0.15","kingdom","450","0","-163.35124286313481","0","0","0.027954566204306735","0.01921405930283254","20","25","36.64875713686512","565","52","450","true","6.4.0","100017","[0.1 0.2 12 12 0.6 0.015 0.55 0.15 kingdom]"
"18","0.1","0.2","12","12","0.6","0.015","0.55","0.15","kingdom","450","0","75.24374053563672","0","0","0.04477632349837408","0.0326419730979132","14","16","275.2437405356368","380","58","450","true","6.4.0","100018","[0.1 0.2 12 12 0.6 0.015 0.55 0.15 kingdom]"
"19","0.1","0.2","12","12","0.6","0.015","0.55","0.15","kingdom","450","0","-14.685049141807738","0","0","0.035827882962627323","0.05043936517048391","15","25","185.3149508581925","500","68","450","true","6.4.0","100019","[0.1 0.2 12 12 0.6 0.015 0.55 0.15 kingdom]"
"20","0.1","0.2","12","12","0.6","0.015","0.55","0.15","kingdom","450","0","-53.31005601758853","0","0","0.026408803327032826","0.038527319405501026","18","26","146.6899439824112","555","67","450","true","6.4.0","100020","[0.1 0.2 12 12 0.6 0.015 0.55 0.15 kingdom]"
"21","0.1","0.3","12","12","0.6","0.015","0.55","0.15","kingdom","450","0","-185.6986248837792","0","0","0.029794919882433216","0.023262581146108414","27","22","14.301375116220768","555","52","450","true","6.4.0","100021","[0.1 0.3 12 12 0.6 0.015 0.55 0.15 kingdom]"
"22","0.1","0.3","12","12","0.6","0.015","0.55","0.15","kingdom","450","0","-194.8917217764585","0","0","0.016508836322655367","0.008345551942482727","22","22","5.108278223541468","430","33","450","true","6.4.0","100022","[0.1 0.3 12 12 0.6 0.015 0.55 0.15 kingdom]"
"23","0.1","0.3","12","12","0.6","0.015","0.55","0.15","kingdom","450","0","-174.2476539563188","0","0","0.02204686719212258","0.030666386592271364","19","25","25.75234604368119","535","49","450","true","6.4.0","100023","[0.1 0.3 12 12 0.6 0.015 0.55 0.15 kingdom]"
"24","0.1","0.3","12","12","0.6","0.015","0.55","0.15","kingdom","450","0","-29.500752361504617","0","0","0.023041097938684623","0.023408486229978518","25","11","170.49924763849555","405","53","450","true","6.4.0","100024","[0.1 0.3 12 12 0.6 0.015 0.55 0.15 kingdom]"
"25","0.1","0.3","12","12","0.6","0.015","0.55","0.15","kingdom","450","0","-126.81966798861392","0","0","0.042385731120521034","0.019132697797644864","22","21","73.18033201138597","525","56","450","true","6.4.0","100025","[0.1 0.3 12 12 0.6 0.015 0.55 0.15 kingdom]"
"26","0.1","0.3","12","12","0.6","0.015","0.55","0.15","kingdom","450","0","-45.15044640347337","0","0","0.02298867960650854","0.027687905210137347","21","21","154.84955359652656","515","65","450","true","6.4.0","100026","[0.1 0.3 12 12 0.6 0.015 0.55 0.15 kingdom]"
"28","0.1","0.3","12","12","0.6","0.015","0.55","0.15","kingdom","450","0","7.3645194790728254","0","0","0.04488775935194053","0.03564572209700927","20","19","207.3645194790729","485","63","450","true","6.4.0","100028","[0.1 0.3 12 12 0.6 0.015 0.55 0.15 kingdom]"
"27","0.1","0.3","12","12","0.6","0.015","0.55","0.15","kingdom","450","0","11.892512382194067","0","0","0.019882783768823128","0.028917145207840732","20","17","211.8925123821942","445","64","450","true","6.4.0","100027","[0.1 0.3 12 12 0.6 0.015 0.55 0.15 kingdom]"
"29","0.1","0.3","12","12","0.6","0.015","0.55","0.15","kingdom","450","0","-70.00895912038729","0","0","0.044588246890444445","0.017843275567184055","14","18","129.99104087961277","410","47","450","true","6.4.0","100029","[0.1 0.3 12 12 0.6 0.015 0.55 0.15 kingdom]"
"30","0.1","0.3","12","12","0.6","0.015","0.55","0.15","kingdom","450","0","-189.4215890978568","0","0","0.02314240217261315","0.025735557671311932","26","25","10.578410902143256","595","55","450","true","6.4.0","100030","[0.1 0.3 12 12 0.6 0.015 0.55 0.15 kingdom]"
"31","0.1","0.3","12","12","0.6","0.015","0.55","0.15","kingdom","450","0","-111.66833148893316","0","0","0.028915169307694815","0.030185185658224138","18","28","88.3316685110671","565","63","450","true","6.4.0","100031","[0.1 0.3 12 12 0.6 0.015 0.55 0.15 kingdom]"
"32","0.1","0.3","12","12","0.6","0.015","0.55","0.15","kingdom","450","0","9.56003424672906","0","0","0.03307532152737738","0.04216761396127955","23","17","209.56003424672915","475","70","450","true","6.4.0","100032","[0.1 0.3 12 12 0.6 0.015 0.55 0.15 kingdom]"
"33","0.1","0.3","12","12","0.6","0.015","0.55","0.15","kingdom","450","0","-72.946225579612","0","0","0.03876721806050383","0.033741482627624414","17","21","127.05377442038797","455","60","450","true","6.4.0","100033","[0.1 0.3 12 12 0.6 0.015 0.55 0.15 kingdom]"
"34","0.1","0.3","12","12","0.6","0.015","0.55","0.15","kingdom","450","0","-192.3100625374094","0","0","0.03376179522437231","0.014940871483660806","20","28","7.68993746259051","515","46","450","true","6.4.0","100034","[0.1 0.3 12 12 0.6 0.015 0.55 0.15 kingdom]"
"35","0.1","0.3","12","12","0.6","0.015","0.55","0.15","kingdom","450","0","-191.11864544292757","0","0","0.03292602036976852","0.02587048701532772","33","18","8.881354557072576","585","55","450","true","6.4.0","100035","[0.1 0.3 12 12 0.6 0.015 0.55 0.15 kingdom]"
"36","0.1","0.3","12","12","0.6","0.015","0.55","0.15","kingdom","450","0","-189.93005200639186","0","0","0.03879120076228871","0.02403446291329614","31","17","10.069947993608132","510","44","450","true","6.4.0","100036","[0.1 0.3 12 12 0.6 0.015 0.55 0.15 kingdom]"
"37","0.1","0.3","12","12","0.6","0.015","0.55","0.15","kingdom","450","0","-164.89138662358266","0","0","0.029690635815872137","0.021324473620391658","26","17","35.10861337641741","500","49","450","true","6.4.0","100037","[0.1 0.3 12 12 0.6 0.015 0.55 0.15 kingdom]"
"38","0.1","0.3","12","12","0.6","0.015","0.55","0.15","kingdom","450","0","-193.40214359742103","0","0","0.033813172046189194","0.0158349707727165","21","23","6.597856402578945","540","48","450","true","6.4.0","100038","[0.1 0.3 12 12 0.6 0.015 0.55 0.15 kingdom]"
"39","0.1","0.3","12","12","0.6","0.015","0.55","0.15","kingdom","450","0","-192.7742629565176","0","0","0.016718660312172118","0.016141392832581956","27","21","7.225737043482372","505","42","450","true","6.4.0","100039","[0.1 0.3 12 12 0.6 0.015 0.55 0.15 kingdom]"
"40","0.1","0.3","12","12","0.6","0.015","0.55","0.15","kingdom","450","0","-182.96672810998714","0","0","0.02114505956784884","0.017606966198943978","26","24","17.033271890012884","605","64","450","true","6.4.0","100040","[0.1 0.3 12 12 0.6 0.015 0.55 0.15 kingdom]"
"41","0.1","0.4","12","12","0.6","0.015","0.55","0.15","kingdom","450","0","-152.07556394136003","0","0","0.020607049161123873","0.011994174970280902","24","18","47.92443605863997","510","48","450","true","6.4.0","100041","[0.1 0.4 12 12 0.6 0.015 0.55 0.15 kingdom]"
"42","0.1","0.4","12","12","0.6","0.015","0.55","0.15","kingdom","450","0","-129.0006999435937","0","0","0.01863913646653372","0.015178258671826206","22","25","70.99930005640643","550","59","450","true","6.4.0","100042","[0.1 0.4 12 12 0.6 0.015 0.55 0.15 kingdom]"
"43","0.1","0.4","12","12","0.6","0.015","0.55","0.15","kingdom","450","0","-195.2999899250358","0","0","0.01046556386522548","0.006460856171187825","24","24","4.700010074964132","415","30","450","true","6.4.0","100043","[0.1 0.4 12 12 0.6 0.015 0.55 0.15 kingdom]"
"44","0.1","0.4","12","12","0.6","0.015","0.55","0.15","kingdom","450","0","-80.25539216791837","0","0","0.02638163883573895","0.017589944389427934","20","20","119.7446078320814","500","56","450","true","6.4.0","100044","[0.1 0.4 12 12 0.6 0.015 0.55 0.15 kingdom]"
"45","0.1","0.4","12","12","0.6","0.015","0.55","0.15","kingdom","450","0","-80.18507538845537","0","0","0.027602471885386594","0.018254038944018874","25","20","119.81492461154448","535","65","450","true","6.4.0","100045","[0.1 0.4 12 12 0.6 0.015 0.55 0.15 kingdom]"
"46","0.1","0.4","12","12","0.6","0.015","0.55","0.15","kingdom","450","0","-95.76803917280043","0","0","0.01674440837246565","0.01650372745024463","18","20","104.23196082719974","465","50","450","true","6.4.0","100046","[0.1 0.4 12 12 0.6 0.015 0.55 0.15 kingdom]"
"47","0.1","0.4","12","12","0.6","0.015","0.55","0.15","kingdom","450","0","-178.17238967267633","0","0","0.026756345673825045","0.019450513343196404","27","19","21.82761032732361","555","56","450","true","6.4.0","100047","[0.1 0.4 12 12 0.6 0.015 0.55 0.15 kingdom]"
"48","0.1","0.4","12","12","0.6","0.015","0.55","0.15","kingdom","450","0","-192.4359971667889","0","0","0.006480010528971467","0.0037125044874361445","19","25","7.5640028332111005","420","35","450","true","6.4.0","100048","[0.1 0.4 12 12 0.6 0.015 0.55 0.15 kingdom]"
"49","0.1","0.4","12","12","0.6","0.015","0.55","0.15","kingdom","450","0","-156.38931287250637","0","0","0.025628443045599088","0.026076643613275056","21","25","43.61068712749365","510","47","450","true","6.4.0","100049","[0.1 0.4 12 12 0.6 0.015 0.55 0.15 kingdom]"
"50","0.1","0.4","12","12","0.6","0.015","0.55","0.15","kingdom","450","0","-188.23259843346244","0","0","0.026207771848332333","0.022085850276919887","31","27","11.767401566537599","615","59","450","true","6.4.0","100050","[0.1 0.4 12 12 0.6 0.015 0.55 0.15 kingdom]"
"51","0.1","0.4","12","12","0.6","0.015","0.55","0.15","kingdom","450","0","-189.5122194639866","0","0","0.023748000303380496","0.02667055233234701","30","25","10.487780536013261","630","63","450","true","6.4.0","100051","[0.1 0.4 12 12 0.6 0.015 0.55 0.15 kingdom]"
"52","0.1","0.4","12","12","0.6","0.015","0.55","0.15","kingdom","450","0","-124.8862240822239","0","0","0.025063514093057446","0.02227298185709863","23","21","75.11377591777614","515","56","450","true","6.4.0","100052","[0.1 0.4 12 12 0.6 0.015 0.55 0.15 kingdom]"
"53","0.1","0.4","12","12","0.6","0.015","0.55","0.15","kingdom","450","0","-193.1532703727606","0","0","0.016669542970941267","0.009274051654230255","28","22","6.846729627239474","525","46","450","true","6.4.0","100053","[0.1 0.4 12 12 0.6 0.015 0.55 0.15 kingdom]"
"54","0.1","0.4","12","12","0.6","0.015","0.55","0.15","kingdom","450","0","-190.1090169060693","0","0","0.02042115133488073","0.016168660605000638","24","29","9.890983093930696","585","53","450","true","6.4.0","100054","[0.1 0.4 12 12 0.6 0.015 0.55 0.15 kingdom]"
"55","0.1","0.4","12","12","0.6","0.015","0.55","0.15","kingdom","450","0","-194.33168966965565","0","0","0.022175981502030328","0.010045112559611248","19","34","5.668310330344271","530","45","450","true","6.4.0","100055","[0.1 0.4 12 12 0.6 0.015 0.55 0.15 kingdom]"
"57","0.1","0.4","12","12","0.6","0.015","0.55","0.15","kingdom","450","0","-187.76228383006176","0","0","0.022009761913783756","0.013901408112310531","28","21","12.237716169938189","500","42","450","true","6.4.0","100057","[0.1 0.4 12 12 0.6 0.015 0.55 0.15 kingdom]"
"56","0.1","0.4","12","12","0.6","0.015","0.55","0.15","kingdom","450","0","-91.18838335677295","0","0","0.01609987031466679","0.025347723290455218","18","20","108.81161664322715","465","53","450","true","6.4.0","100056","[0.1 0.4 12 12 0.6 0.015 0.55 0.15 kingdom]"
"60","0.1","0.4","12","12","0.6","0.015","0.55","0.15","kingdom","450","0","-71.27941077428909","0","0","0.02556248062174309","0.04369600668935551","26","18","128.72058922571094","520","59","450","true","6.4.0","100060","[0.1 0.4 12 12 0.6 0.015 0.55 0.15 kingdom]"
"58","0.1","0.4","12","12","0.6","0.015","0.55","0.15","kingdom","450","0","-181.90991460529938","0","0","0.025027696822001125","0.010438685202456149","24","22","18.09008539470057","505","47","450","true","6.4.0","100058","[0.1 0.4 12 12 0.6 0.015 0.55 0.15 kingdom]"
"59","0.1","0.4","12","12","0.6","0.015","0.55","0.15","kingdom","450","0","-194.3005725828458","0","0","0.016552338528821743","0.01971489848360605","24","26","5.699427417154304","545","47","450","true","6.4.0","100059","[0.1 0.4 12 12 0.6 0.015 0.55 0.15 kingdom]"
"61","0.1","0.5","12","12","0.6","0.015","0.55","0.15","kingdom","450","0","-192.34634364381117","0","0","0.015370460662191974","0.01883498329889905","21","22","7.653656356188812","540","47","450","true","6.4.0","100061","[0.1 0.5 12 12 0.6 0.015 0.55 0.15 kingdom]"
"62","0.1","0.5","12","12","0.6","0.015","0.55","0.15","kingdom","450","0","-194.0855071634007","0","0","0.012556682152926197","0.03695119885013367","37","20","5.914492836599223","525","48","450","true","6.4.0","100062","[0.1 0.5 12 12 0.6 0.015 0.55 0.15 kingdom]"
"63","0.1","0.5","12","12","0.6","0.015","0.55","0.15","kingdom","450","0","-182.19165599122428","0","0","0.023880304248090446","0.016911868719326772","25","21","17.80834400877583","485","41","450","true","6.4.0","100063","[0.1 0.5 12 12 0.6 0.015 0.55 0.15 kingdom]"
"64","0.1","0.5","12","12","0.6","0.015","0.55","0.15","kingdom","450","0","-196.10883750639118","0","0","0.012637671023298826","0.011870204909620003","27","26","3.8911624936087676","495","45","450","true","6.4.0","100064","[0.1 0.5 12 12 0.6 0.015 0.55 0.15 kingdom]"
"65","0.1","0.5","12","12","0.6","0.015","0.55","0.15","kingdom","450","0","-191.51868654309476","0","0","0.01094593770239854","0.007519063880118788","29","23","8.481313456905255","505","43","450","true","6.4.0","100065","[0.1 0.5 12 12 0.6 0.015 0.55 0.15 kingdom]"
"66","0.1","0.5","12","12","0.6","0.015","0.55","0.15","kingdom","450","0","-198.65340175313372","0","0","0.015236226892049532","0.01983217365573181","21","25","1.3465982468662787","570","54","450","true","6.4.0","100066","[0.1 0.5 12 12 0.6 0.015 0.55 0.15 kingdom]"
"67","0.1","0.5","12","12","0.6","0.015","0.55","0.15","kingdom","450","0","-197.9029805064731","0","0","0.013671961349699108","0.0027078688701776747","25","28","2.0970194935268243","460","35","450","true","6.4.0","100067","[0.1 0.5 12 12 0.6 0.015 0.55 0.15 kingdom]"
"68","0.1","0.5","12","12","0.6","0.015","0.55","0.15","kingdom","450","0","-196.8918064898811","0","0","0.013294919217631406","0.01415707348856009","23","29","3.1081935101188893","550","50","450","true","6.4.0","100068","[0.1 0.5 12 12 0.6 0.015 0.55 0.15 kingdom]"
"69","0.1","0.5","12","12","0.6","0.015","0.55","0.15","kingdom","450","0","-83.82595914382138","0","0","0.0170744917904841","0.029175621790418937","27","19","116.17404085617864","540","60","450","true","6.4.0","100069","[0.1 0.5 12 12 0.6 0.015 0.55 0.15 kingdom]"
"70","0.1","0.5","12","12","0.6","0.015","0.55","0.15","kingdom","450","0","-114.84205096351405","0","0","0.028425703561096596","0.03964543902992802","17","27","85.15794903648603","575","63","450","true","6.4.0","100070","[0.1 0.5 12 12 0.6 0.015 0.55 0.15 kingdom]"
"71","0.1","0.5","12","12","0.6","0.015","0.55","0.15","kingdom","450","0","-198.04804481999298","0","0","0.020203436970569203","0.007995423735816586","28","24","1.9519551800069728","495","42","450","true","6.4.0","100071","[0.1 0.5 12 12 0.6 0.015 0.55 0.15 kingdom]"
"72","0.1","0.5","12","12","0.6","0.015","0.55","0.15","kingdom","450","0","-132.15835972105322","0","0","0.008628098089988498","0.014486235242484557","26","17","67.84164027894676","480","47","450","true","6.4.0","100072","[0.1 0.5 12 12 0.6 0.015 0.55 0.15 kingdom]"
"73","0.1","0.5","12","12","0.6","0.015","0.55","0.15","kingdom","450","0","-191.07460186105837","0","0","0.004272246668044246","0.004430025181405406","22","25","8.925398138941599","410","32","450","true","6.4.0","100073","[0.1 0.5 12 12 0.6 0.015 0.55 0.15 kingdom]"
"74","0.1","0.5","12","12","0.6","0.015","0.55","0.15","kingdom","450","0","-192.88731985326746","0","0","0.02229195956708529","0.010927062105724998","23","26","7.112680146732635","515","45","450","true","6.4.0","100074","[0.1 0.5 12 12 0.6 0.015 0.55 0.15 kingdom]"
"75","0.1","0.5","12","12","0.6","0.015","0.55","0.15","kingdom","450","0","-186.48461584557526","0","0","0.006855651498484257","0.02717001336699195","31","28","13.515384154424693","580","52","450","true","6.4.0","100075","[0.1 0.5 12 12 0.6 0.015 0.55 0.15 kingdom]"
"77","0.1","0.5","12","12","0.6","0.015","0.55","0.15","kingdom","450","0","-182.03138694506757","0","0","0.013417990301048073","0.020231576280787446","29","25","17.96861305493253","540","52","450","true","6.4.0","100077","[0.1 0.5 12 12 0.6 0.015 0.55 0.15 kingdom]"
"76","0.1","0.5","12","12","0.6","0.015","0.55","0.15","kingdom","450","0","-195.07072623957288","0","0","0.019484710856527667","0.020874216055186603","30","27","4.929273760427202","600","57","450","true","6.4.0","100076","[0.1 0.5 12 12 0.6 0.015 0.55 0.15 kingdom]"
"78","0.1","0.5","12","12","0.6","0.015","0.55","0.15","kingdom","450","0","-130.40957637147872","0","0","0.014742867661750246","0.019096366286237978","22","20","69.59042362852128","520","53","450","true","6.4.0","100078","[0.1 0.5 12 12 0.6 0.015 0.55 0.15 kingdom]"
"79","0.1","0.5","12","12","0.6","0.015","0.55","0.15","kingdom","450","0","-198.8201749761176","0","0","0.004206034693027853","0.006814045250604028","33","23","1.179825023882346","485","39","450","true","6.4.0","100079","[0.1 0.5 12 12 0.6 0.015 0.55 0.15 kingdom]"
"80","0.1","0.5","12","12","0.6","0.015","0.55","0.15","kingdom","450","0","-194.21515724408496","0","0","0.008298847248835057","0.001999118210198466","24","21","5.78484275591499","385","27","450","true","6.4.0","100080","[0.1 0.5 12 12 0.6 0.015 0.55 0.15 kingdom]"
"81","0.1","0.6","12","12","0.6","0.015","0.55","0.15","kingdom","450","0","-182.85508075636295","0","0","0.0157964778394996","0.019891641581164663","26","27","17.144919243637098","590","56","450","true","6.4.0","100081","[0.1 0.6 12 12 0.6 0.015 0.55 0.15 kingdom]"
"82","0.1","0.6","12","12","0.6","0.015","0.55","0.15","kingdom","450","0","-192.05410473102245","0","0","0.003327727965209379","0.0073420879649885905","32","21","7.945895268977512","445","36","450","true","6.4.0","100082","[0.1 0.6 12 12 0.6 0.015 0.55 0.15 kingdom]"
"83","0.1","0.6","12","12","0.6","0.015","0.55","0.15","kingdom","450","0","-153.41403602175006","0","0","0.019102577707629523","0.017114250272529396","17","23","46.585963978249936","515","48","450","true","6.4.0","100083","[0.1 0.6 12 12 0.6 0.015 0.55 0.15 kingdom]"
"84","0.1","0.6","12","12","0.6","0.015","0.55","0.15","kingdom","450","0","-196.02624989984952","0","0","0.006710771309499177","0.004873817294226116","27","24","3.9737501001505002","450","35","450","true","6.4.0","100084","[0.1 0.6 12 12 0.6 0.015 0.55 0.15 kingdom]"
"85","0.1","0.6","12","12","0.6","0.015","0.55","0.15","kingdom","450","0","-185.85944557527765","0","0","0.014358816048837098","0.04959322014721037","34","29","14.140554424722344","730","73","450","true","6.4.0","100085","[0.1 0.6 12 12 0.6 0.015 0.55 0.15 kingdom]"
"86","0.1","0.6","12","12","0.6","0.015","0.55","0.15","kingdom","450","0","-190.44168775786608","0","0","0.0169538392327762","0.015498229950559864","31","20","9.558312242133931","515","46","450","true","6.4.0","100086","[0.1 0.6 12 12 0.6 0.015 0.55 0.15 kingdom]"
"87","0.1","0.6","12","12","0.6","0.015","0.55","0.15","kingdom","450","0","-191.98593445788097","0","0","0.010374090356636586","0.008916794559522576","28","30","8.014065542118733","565","54","450","true","6.4.0","100087","[0.1 0.6 12 12 0.6 0.015 0.55 0.15 kingdom]"
"88","0.1","0.6","12","12","0.6","0.015","0.55","0.15","kingdom","450","0","-193.57825339903573","0","0","0.0029051638585462706","0.0022098038692227612","30","23","6.421746600964301","395","29","450","true","6.4.0","100088","[0.1 0.6 12 12 0.6 0.015 0.55 0.15 kingdom]"
"89","0.1","0.6","12","12","0.6","0.015","0.55","0.15","kingdom","450","0","-198.56206467265946","0","0","0.0038008774680934874","3.930814289819526E-4","24","24","1.4379353273405258","395","28","450","true","6.4.0","100089","[0.1 0.6 12 12 0.6 0.015 0.55 0.15 kingdom]"
"90","0.1","0.6","12","12","0.6","0.015","0.55","0.15","kingdom","450","0","-199.711104936144","0","0","0.024194704356145746","0.012736568927513006","37","22","0.288895063856053","580","54","450","true","6.4.0","100090","[0.1 0.6 12 12 0.6 0.015 0.55 0.15 kingdom]"
"91","0.1","0.6","12","12","0.6","0.015","0.55","0.15","kingdom","450","0","-199.65148253530802","0","0","0.009590668157854679","0.014691844338256549","36","21","0.3485174646920228","565","52","450","true","6.4.0","100091","[0.1 0.6 12 12 0.6 0.015 0.55 0.15 kingdom]"
"92","0.1","0.6","12","12","0.6","0.015","0.55","0.15","kingdom","450","0","-181.6260991093713","0","0","0.012319499538240667","0.020358411047301392","29","24","18.373900890628725","590","56","450","true","6.4.0","100092","[0.1 0.6 12 12 0.6 0.015 0.55 0.15 kingdom]"
"93","0.1","0.6","12","12","0.6","0.015","0.55","0.15","kingdom","450","0","-196.1649533507579","0","0","0.0029395385190945423","0.016447531506579773","34","21","3.835046649242118","495","40","450","true","6.4.0","100093","[0.1 0.6 12 12 0.6 0.015 0.55 0.15 kingdom]"
"94","0.1","0.6","12","12","0.6","0.015","0.55","0.15","kingdom","450","0","-175.09877298738178","0","0","0.0037499020135164846","0.010864194089234497","21","27","24.901227012618328","465","39","450","true","6.4.0","100094","[0.1 0.6 12 12 0.6 0.015 0.55 0.15 kingdom]"
"95","0.1","0.6","12","12","0.6","0.015","0.55","0.15","kingdom","450","0","-195.79358765916677","0","0","0.005177197266673339","5.652361834549986E-4","30","26","4.206412340833319","465","38","450","true","6.4.0","100095","[0.1 0.6 12 12 0.6 0.015 0.55 0.15 kingdom]"
"96","0.1","0.6","12","12","0.6","0.015","0.55","0.15","kingdom","450","0","-192.68108358695886","0","0","0.00707681417767408","0.0019978527946297345","27","30","7.3189164130411015","500","46","450","true","6.4.0","100096","[0.1 0.6 12 12 0.6 0.015 0.55 0.15 kingdom]"
"97","0.1","0.6","12","12","0.6","0.015","0.55","0.15","kingdom","450","0","-195.58509184349828","0","0","0.011418249878240647","0.006828684391327407","21","29","4.41490815650176","475","38","450","true","6.4.0","100097","[0.1 0.6 12 12 0.6 0.015 0.55 0.15 kingdom]"
"98","0.1","0.6","12","12","0.6","0.015","0.55","0.15","kingdom","450","0","-181.92690427703718","0","0","0.01081633135102917","0.012253259591352117","30","25","18.07309572296285","515","44","450","true","6.4.0","100098","[0.1 0.6 12 12 0.6 0.015 0.55 0.15 kingdom]"
"99","0.1","0.6","12","12","0.6","0.015","0.55","0.15","kingdom","450","0","-193.1708406161462","0","0","0.011836551208574936","0.01952332021247907","29","24","6.8291593838537175","500","42","450","true","6.4.0","100099","[0.1 0.6 12 12 0.6 0.015 0.55 0.15 kingdom]"
"100","0.1","0.6","12","12","0.6","0.015","0.55","0.15","kingdom","450","0","-181.5096298563144","0","0","0.012862145980743167","0.020481428211200144","28","23","18.490370143685546","505","45","450","true","6.4.0","100100","[0.1 0.6 12 12 0.6 0.015 0.55 0.15 kingdom]"
"101","0.1","0.7","12","12","0.6","0.015","0.55","0.15","kingdom","450","0","-190.6467214652801","0","0","0.0077741942575237895","0.010458909368897092","32","25","9.35327853471985","550","48","450","true","6.4.0","100101","[0.1 0.7 12 12 0.6 0.015 0.55 0.15 kingdom]"
"102","0.1","0.7","12","12","0.6","0.015","0.55","0.15","kingdom","450","0","-189.74498677360629","0","0","0.003000223299865329","0.005574707485948463","29","22","10.255013226393768","380","27","450","true","6.4.0","100102","[0.1 0.7 12 12 0.6 0.015 0.55 0.15 kingdom]"
"103","0.1","0.7","12","12","0.6","0.015","0.55","0.15","kingdom","450","0","-182.77810845523663","0","0","6.452710782626506E-4","0.004308282361045546","27","25","17.22189154476342","450","36","450","true","6.4.0","100103","[0.1 0.7 12 12 0.6 0.015 0.55 0.15 kingdom]"
"104","0.1","0.7","12","12","0.6","0.015","0.55","0.15","kingdom","450","0","-186.51329405828326","0","0","0.008299109940850757","0.017343143282773095","29","26","13.486705941716673","600","56","450","true","6.4.0","100104","[0.1 0.7 12 12 0.6 0.015 0.55 0.15 kingdom]"
"105","0.1","0.7","12","12","0.6","0.015","0.55","0.15","kingdom","450","0","-199.78717133544865","0","0","0.007696647075259818","0.004460348592024627","33","18","0.2128286645513633","440","33","450","true","6.4.0","100105","[0.1 0.7 12 12 0.6 0.015 0.55 0.15 kingdom]"
"106","0.1","0.7","12","12","0.6","0.015","0.55","0.15","kingdom","450","0","-198.29009665818148","0","0","0.0076077236381488205","0.00645378226312546","31","29","1.7099033418186202","515","44","450","true","6.4.0","100106","[0.1 0.7 12 12 0.6 0.015 0.55 0.15 kingdom]"
"107","0.1","0.7","12","12","0.6","0.015","0.55","0.15","kingdom","450","0","-192.263306590844","0","0","0.004713365920177656","0.005079327184101316","20","25","7.736693409156018","395","28","450","true","6.4.0","100107","[0.1 0.7 12 12 0.6 0.015 0.55 0.15 kingdom]"
"110","0.1","0.7","12","12","0.6","0.015","0.55","0.15","kingdom","450","0","-198.0606283059294","0","0","0.0018597487852222696","0.0033794225463487653","24","23","1.9393716940706778","390","28","450","true","6.4.0","100110","[0.1 0.7 12 12 0.6 0.015 0.55 0.15 kingdom]"
"108","0.1","0.7","12","12","0.6","0.015","0.55","0.15","kingdom","450","0","-196.95347751137697","0","0","0.010243047812665058","0.015837506524450002","40","23","3.046522488623065","575","52","450","true","6.4.0","100108","[0.1 0.7 12 12 0.6 0.015 0.55 0.15 kingdom]"
"109","0.1","0.7","12","12","0.6","0.015","0.55","0.15","kingdom","450","0","-196.60073907178992","0","0","0.011010202716738726","0.028950793718909483","32","27","3.399260928210147","635","63","450","true","6.4.0","100109","[0.1 0.7 12 12 0.6 0.015 0.55 0.15 kingdom]"
"111","0.1","0.7","12","12","0.6","0.015","0.55","0.15","kingdom","450","0","-191.59848911378742","0","0","0.0018685682997297216","0.023669036229361916","31","28","8.40151088621257","595","53","450","true","6.4.0","100111","[0.1 0.7 12 12 0.6 0.015 0.55 0.15 kingdom]"
"112","0.1","0.7","12","12","0.6","0.015","0.55","0.15","kingdom","450","0","-181.50071273850352","0","0","0.00831174729712626","0.031537645569330267","28","26","18.499287261496526","615","61","450","true","6.4.0","100112","[0.1 0.7 12 12 0.6 0.015 0.55 0.15 kingdom]"
"113","0.1","0.7","12","12","0.6","0.015","0.55","0.15","kingdom","450","0","-196.0228563842111","0","0","0.007618904528689654","0.003368609702479555","21","31","3.9771436157888562","460","38","450","true","6.4.0","100113","[0.1 0.7 12 12 0.6 0.015 0.55 0.15 kingdom]"
"114","0.1","0.7","12","12","0.6","0.015","0.55","0.15","kingdom","450","0","-195.62527554228558","0","0","0.010813389032484218","0.013639928811007923","35","23","4.374724457714436","510","42","450","true","6.4.0","100114","[0.1 0.7 12 12 0.6 0.015 0.55 0.15 kingdom]"
"115","0.1","0.7","12","12","0.6","0.015","0.55","0.15","kingdom","450","0","-191.99265531553326","0","0","0.0033286408686701457","0.011907318042836321","27","22","8.007344684466805","455","37","450","true","6.4.0","100115","[0.1 0.7 12 12 0.6 0.015 0.55 0.15 kingdom]"
"116","0.1","0.7","12","12","0.6","0.015","0.55","0.15","kingdom","450","0","-197.0498960582188","0","0","0.00186054142643408","0.0019985757033878443","27","25","2.950103941781167","375","25","450","true","6.4.0","100116","[0.1 0.7 12 12 0.6 0.015 0.55 0.15 kingdom]"
"118","0.1","0.7","12","12","0.6","0.015","0.55","0.15","kingdom","450","0","-197.66651204300626","0","0","0.00197321645723346","0.006882876133465874","31","25","2.3334879569937392","445","34","450","true","6.4.0","100118","[0.1 0.7 12 12 0.6 0.015 0.55 0.15 kingdom]"
"117","0.1","0.7","12","12","0.6","0.015","0.55","0.15","kingdom","450","0","-190.7889807084124","0","0","0.009960292050852927","0.008915477905570759","34","22","9.211019291587538","535","46","450","true","6.4.0","100117","[0.1 0.7 12 12 0.6 0.015 0.55 0.15 kingdom]"
"120","0.1","0.7","12","12","0.6","0.015","0.55","0.15","kingdom","450","0","-189.28289823669533","0","0","0.0011242441941751071","0.006626007749601242","25","21","10.717101763304715","355","22","450","true","6.4.0","100120","[0.1 0.7 12 12 0.6 0.015 0.55 0.15 kingdom]"
"119","0.1","0.7","12","12","0.6","0.015","0.55","0.15","kingdom","450","0","-191.45034880148535","0","0","0.005337320356571257","0.0166244677718111","25","27","8.549651198514551","475","36","450","true","6.4.0","100119","[0.1 0.7 12 12 0.6 0.015 0.55 0.15 kingdom]"
"121","0.1","0.8","12","12","0.6","0.015","0.55","0.15","kingdom","450","0","-190.560761296121","0","0","0.006228439638038974","0.009509900554329011","29","28","9.439238703879035","505","43","450","true","6.4.0","100121","[0.1 0.8 12 12 0.6 0.015 0.55 0.15 kingdom]"
"122","0.1","0.8","12","12","0.6","0.015","0.55","0.15","kingdom","450","0","-190.3501593623737","0","0","0.005542359912411379","0.01611551162910189","29","28","9.649840637626248","515","46","450","true","6.4.0","100122","[0.1 0.8 12 12 0.6 0.015 0.55 0.15 kingdom]"
"123","0.1","0.8","12","12","0.6","0.015","0.55","0.15","kingdom","450","0","-193.71549726313532","0","0","0.006051617778971894","0.00793261317756342","30","27","6.28450273686477","475","41","450","true","6.4.0","100123","[0.1 0.8 12 12 0.6 0.015 0.55 0.15 kingdom]"
"124","0.1","0.8","12","12","0.6","0.015","0.55","0.15","kingdom","450","0","-197.6132284388323","0","0","0.001914188009106502","0","39","22","2.386771561167663","455","36","450","true","6.4.0","100124","[0.1 0.8 12 12 0.6 0.015 0.55 0.15 kingdom]"
"125","0.1","0.8","12","12","0.6","0.015","0.55","0.15","kingdom","450","0","-196.92606006350726","0","0","0.006133496581245443","0.0014763099437744176","30","19","3.0739399364927493","385","25","450","true","6.4.0","100125","[0.1 0.8 12 12 0.6 0.015 0.55 0.15 kingdom]"
"126","0.1","0.8","12","12","0.6","0.015","0.55","0.15","kingdom","450","0","-193.06401701364797","0","0","0.014826935444849794","0.003741170319451702","26","31","6.935982986352151","510","43","450","true","6.4.0","100126","[0.1 0.8 12 12 0.6 0.015 0.55 0.15 kingdom]"
"127","0.1","0.8","12","12","0.6","0.015","0.55","0.15","kingdom","450","0","-194.73301808332272","0","0","8.40850648912153E-5","0.002634682753950373","34","17","5.266981916677265","360","23","450","true","6.4.0","100127","[0.1 0.8 12 12 0.6 0.015 0.55 0.15 kingdom]"
"128","0.1","0.8","12","12","0.6","0.015","0.55","0.15","kingdom","450","0","-198.91352636369658","0","0","0.005270687183092284","0.005665679577735211","32","23","1.0864736363034933","515","43","450","true","6.4.0","100128","[0.1 0.8 12 12 0.6 0.015 0.55 0.15 kingdom]"
"129","0.1","0.8","12","12","0.6","0.015","0.55","0.15","kingdom","450","0","-191.95403074637488","0","0","0.006271906993343008","0.012996004959286106","32","24","8.045969253625138","460","36","450","true","6.4.0","100129","[0.1 0.8 12 12 0.6 0.015 0.55 0.15 kingdom]"
"130","0.1","0.8","12","12","0.6","0.015","0.55","0.15","kingdom","450","0","-195.91762188530717","0","0","0.005363154461214203","0.009181143762931243","28","30","4.082378114693023","555","50","450","true","6.4.0","100130","[0.1 0.8 12 12 0.6 0.015 0.55 0.15 kingdom]"
"131","0.1","0.8","12","12","0.6","0.015","0.55","0.15","kingdom","450","0","-182.81313723870178","0","0","0.0030445881315302853","0.02323234617357804","35","24","17.18686276129814","565","51","450","true","6.4.0","100131","[0.1 0.8 12 12 0.6 0.015 0.55 0.15 kingdom]"
"132","0.1","0.8","12","12","0.6","0.015","0.55","0.15","kingdom","450","0","-186.95691089522165","0","0","0.0026449476829220166","0.015081056835590733","34","22","13.043089104778304","465","39","450","true","6.4.0","100132","[0.1 0.8 12 12 0.6 0.015 0.55 0.15 kingdom]"
"133","0.1","0.8","12","12","0.6","0.015","0.55","0.15","kingdom","450","0","-192.9437906805979","0","0","0.007378247376801356","0.0077408340231585986","26","22","7.056209319402087","475","43","450","true","6.4.0","100133","[0.1 0.8 12 12 0.6 0.015 0.55 0.15 kingdom]"
"134","0.1","0.8","12","12","0.6","0.015","0.55","0.15","kingdom","450","0","-190.19401407741756","0","0","4.435515414625382E-4","0.0036123721702725647","28","27","9.805985922582478","495","40","450","true","6.4.0","100134","[0.1 0.8 12 12 0.6 0.015 0.55 0.15 kingdom]"
"135","0.1","0.8","12","12","0.6","0.015","0.55","0.15","kingdom","450","0","-191.90293277327117","0","0","0.010334721114974806","0.022256604970098397","26","27","8.097067226728818","535","49","450","true","6.4.0","100135","[0.1 0.8 12 12 0.6 0.015 0.55 0.15 kingdom]"
"136","0.1","0.8","12","12","0.6","0.015","0.55","0.15","kingdom","450","0","-196.37386828792066","0","0","0.001990698129964638","0.004524473717710784","38","18","3.6261317120794025","405","29","450","true","6.4.0","100136","[0.1 0.8 12 12 0.6 0.015 0.55 0.15 kingdom]"
"137","0.1","0.8","12","12","0.6","0.015","0.55","0.15","kingdom","450","0","-183.7238518403054","0","0","0.004863556073201609","0.007489350785004861","31","23","16.27614815969458","430","34","450","true","6.4.0","100137","[0.1 0.8 12 12 0.6 0.015 0.55 0.15 kingdom]"
"138","0.1","0.8","12","12","0.6","0.015","0.55","0.15","kingdom","450","0","-191.50465622258724","0","0","0.0035524790164988117","0.0022421015453252136","30","21","8.4953437774127","435","36","450","true","6.4.0","100138","[0.1 0.8 12 12 0.6 0.015 0.55 0.15 kingdom]"
"139","0.1","0.8","12","12","0.6","0.015","0.55","0.15","kingdom","450","0","-192.44709851193358","0","0","2.983861420002958E-6","0.004591346671294604","29","23","7.552901488066482","390","27","450","true","6.4.0","100139","[0.1 0.8 12 12 0.6 0.015 0.55 0.15 kingdom]"
"140","0.1","0.8","12","12","0.6","0.015","0.55","0.15","kingdom","450","0","-194.77272972891262","0","0","0.005882900044377648","0.006212461448573227","30","23","5.22727027108737","445","37","450","true","6.4.0","100140","[0.1 0.8 12 12 0.6 0.015 0.55 0.15 kingdom]"
"142","0.15","0.2","12","12","0.6","0.015","0.55","0.15","kingdom","450","0","-171.5487334968705","0","0","0.05941032881009756","0.02388490909628809","18","28","28.451266503129318","585","60","450","true","6.4.0","100142","[0.15 0.2 12 12 0.6 0.015 0.55 0.15 kingdom]"
"141","0.15","0.2","12","12","0.6","0.015","0.55","0.15","kingdom","450","0","78.33378700896638","0","0","0.08647889294613598","0.0542581926661713","18","19","278.33378700896617","455","71","450","true","6.4.0","100141","[0.15 0.2 12 12 0.6 0.015 0.55 0.15 kingdom]"
"143","0.15","0.2","12","12","0.6","0.015","0.55","0.15","kingdom","450","0","-135.22759820253623","0","0","0.06532751219760898","0.024856419287979548","19","26","64.77240179746389","565","58","450","true","6.4.0","100143","[0.15 0.2 12 12 0.6 0.015 0.55 0.15 kingdom]"
"144","0.15","0.2","12","12","0.6","0.015","0.55","0.15","kingdom","450","0","24.97133215766523","0","0","0.07295537468223774","0.04181764492244168","18","17","224.97133215766496","435","64","450","true","6.4.0","100144","[0.15 0.2 12 12 0.6 0.015 0.55 0.15 kingdom]"
"145","0.15","0.2","12","12","0.6","0.015","0.55","0.15","kingdom","450","0","148.450376590204","0","0","0.09357911587507746","0.06580699166371097","28","11","348.45037659020414","445","81","450","true","6.4.0","100145","[0.15 0.2 12 12 0.6 0.015 0.55 0.15 kingdom]"
"146","0.15","0.2","12","12","0.6","0.015","0.55","0.15","kingdom","450","0","-52.74304592685384","0","0","0.055897518627319544","0.019683485871181405","21","18","147.25695407314615","460","58","450","true","6.4.0","100146","[0.15 0.2 12 12 0.6 0.015 0.55 0.15 kingdom]"
"147","0.15","0.2","12","12","0.6","0.015","0.55","0.15","kingdom","450","0","-73.1805076443338","0","0","0.0709543046671271","0.02463829810655267","16","20","126.81949235566634","460","54","450","true","6.4.0","100147","[0.15 0.2 12 12 0.6 0.015 0.55 0.15 kingdom]"
"148","0.15","0.2","12","12","0.6","0.015","0.55","0.15","kingdom","450","0","-167.25433070074013","0","0","0.08416730763224244","0.02659926656282178","26","20","32.74566929925987","560","53","450","true","6.4.0","100148","[0.15 0.2 12 12 0.6 0.015 0.55 0.15 kingdom]"
"149","0.15","0.2","12","12","0.6","0.015","0.55","0.15","kingdom","450","0","-37.03478743540232","0","0","0.08266567166870846","0.020521313771602098","20","16","162.96521256459766","415","49","450","true","6.4.0","100149","[0.15 0.2 12 12 0.6 0.015 0.55 0.15 kingdom]"
"150","0.15","0.2","12","12","0.6","0.015","0.55","0.15","kingdom","450","0","39.34942287001587","0","0","0.09158603622722004","0.03390502263289642","11","18","239.34942287001573","370","58","450","true","6.4.0","100150","[0.15 0.2 12 12 0.6 0.015 0.55 0.15 kingdom]"
"151","0.15","0.2","12","12","0.6","0.015","0.55","0.15","kingdom","450","0","-48.258660667103285","0","0","0.05136663516886472","0.024303926470701176","11","19","151.74133933289679","395","51","450","true","6.4.0","100151","[0.15 0.2 12 12 0.6 0.015 0.55 0.15 kingdom]"
"152","0.15","0.2","12","12","0.6","0.015","0.55","0.15","kingdom","450","0","5.535400382731327","0","0","0.044489621729158636","0.03623961164878036","16","17","205.53540038273124","400","56","450","true","6.4.0","100152","[0.15 0.2 12 12 0.6 0.015 0.55 0.15 kingdom]"
"153","0.15","0.2","12","12","0.6","0.015","0.55","0.15","kingdom","450","0","36.78805287629864","0","0","0.09128235188252765","0.036879058573440995","15","19","236.78805287629876","435","63","450","true","6.4.0","100153","[0.15 0.2 12 12 0.6 0.015 0.55 0.15 kingdom]"
"154","0.15","0.2","12","12","0.6","0.015","0.55","0.15","kingdom","450","0","13.030547773450209","0","0","0.06911101629892405","0.03333484431434535","18","18","213.03054777345025","440","63","450","true","6.4.0","100154","[0.15 0.2 12 12 0.6 0.015 0.55 0.15 kingdom]"
"155","0.15","0.2","12","12","0.6","0.015","0.55","0.15","kingdom","450","0","-91.81733271355635","0","0","0.0635850420018129","0.025955091554665834","17","21","108.18266728644366","470","55","450","true","6.4.0","100155","[0.15 0.2 12 12 0.6 0.015 0.55 0.15 kingdom]"
"156","0.15","0.2","12","12","0.6","0.015","0.55","0.15","kingdom","450","0","62.86850145491415","0","0","0.08431357725503726","0.03842291208982348","11","22","262.86850145491417","430","68","450","true","6.4.0","100156","[0.15 0.2 12 12 0.6 0.015 0.55 0.15 kingdom]"
"157","0.15","0.2","12","12","0.6","0.015","0.55","0.15","kingdom","450","0","-68.59740591741391","0","0","0.0599890496859744","0.025958405197962293","23","16","131.40259408258592","445","51","450","true","6.4.0","100157","[0.15 0.2 12 12 0.6 0.015 0.55 0.15 kingdom]"
"158","0.15","0.2","12","12","0.6","0.015","0.55","0.15","kingdom","450","0","-188.82163118798897","0","0","0.046261772899806194","0.015098525034126684","17","26","11.178368812011094","515","45","450","true","6.4.0","100158","[0.15 0.2 12 12 0.6 0.015 0.55 0.15 kingdom]"
"160","0.15","0.2","12","12","0.6","0.015","0.55","0.15","kingdom","450","0","57.913032587676625","0","0","0.0662697695995301","0.019380275898801282","22","10","257.9130325876766","345","56","450","true","6.4.0","100160","[0.15 0.2 12 12 0.6 0.015 0.55 0.15 kingdom]"
"159","0.15","0.2","12","12","0.6","0.015","0.55","0.15","kingdom","450","0","-21.510305759242833","0","0","0.07670026484518447","0.03206772281698292","16","18","178.4896942407572","420","54","450","true","6.4.0","100159","[0.15 0.2 12 12 0.6 0.015 0.55 0.15 kingdom]"
"161","0.15","0.3","12","12","0.6","0.015","0.55","0.15","kingdom","450","0","-187.5491869882109","0","0","0.03658577493583481","0.016154172299866956","19","21","12.450813011788913","460","37","450","true","6.4.0","100161","[0.15 0.3 12 12 0.6 0.015 0.55 0.15 kingdom]"
"162","0.15","0.3","12","12","0.6","0.015","0.55","0.15","kingdom","450","0","131.21601990639496","0","0","0.07275581288949698","0.04541477931599257","19","14","331.2160199063949","400","71","450","true","6.4.0","100162","[0.15 0.3 12 12 0.6 0.015 0.55 0.15 kingdom]"
"163","0.15","0.3","12","12","0.6","0.015","0.55","0.15","kingdom","450","0","11.163997679780348","0","0","0.04140870262042296","0.04021089519398684","27","21","211.1639976797802","570","84","450","true","6.4.0","100163","[0.15 0.3 12 12 0.6 0.015 0.55 0.15 kingdom]"
"164","0.15","0.3","12","12","0.6","0.015","0.55","0.15","kingdom","450","0","-170.014775146396","0","0","0.04983963061069847","0.015649358050138357","23","20","29.98522485360398","530","48","450","true","6.4.0","100164","[0.15 0.3 12 12 0.6 0.015 0.55 0.15 kingdom]"
"165","0.15","0.3","12","12","0.6","0.015","0.55","0.15","kingdom","450","0","-118.16224831710109","0","0","0.07147644759063684","0.024690856148440528","23","19","81.83775168289888","495","57","450","true","6.4.0","100165","[0.15 0.3 12 12 0.6 0.015 0.55 0.15 kingdom]"
"167","0.15","0.3","12","12","0.6","0.015","0.55","0.15","kingdom","450","0","-194.06469767108126","0","0","0.06083563769151772","0.010182516646408653","21","27","5.935302328918775","555","50","450","true","6.4.0","100167","[0.15 0.3 12 12 0.6 0.015 0.55 0.15 kingdom]"
"166","0.15","0.3","12","12","0.6","0.015","0.55","0.15","kingdom","450","0","-68.27826018309166","0","0","0.06544663171375407","0.040769105356225695","13","26","131.72173981690838","520","63","450","true","6.4.0","100166","[0.15 0.3 12 12 0.6 0.015 0.55 0.15 kingdom]"
"168","0.15","0.3","12","12","0.6","0.015","0.55","0.15","kingdom","450","0","-176.19092716378887","0","0","0.06686411959441711","0.03445601878304996","20","28","23.80907283621115","565","55","450","true","6.4.0","100168","[0.15 0.3 12 12 0.6 0.015 0.55 0.15 kingdom]"
"170","0.15","0.3","12","12","0.6","0.015","0.55","0.15","kingdom","450","0","72.53012276024026","0","0","0.07115248850101324","0.03916924846188569","21","11","272.5301227602402","375","66","450","true","6.4.0","100170","[0.15 0.3 12 12 0.6 0.015 0.55 0.15 kingdom]"
"169","0.15","0.3","12","12","0.6","0.015","0.55","0.15","kingdom","450","0","-95.8970392623934","0","0","0.04985841768622688","0.025039663109070954","21","28","104.10296073760662","595","66","450","true","6.4.0","100169","[0.15 0.3 12 12 0.6 0.015 0.55 0.15 kingdom]"
"171","0.15","0.3","12","12","0.6","0.015","0.55","0.15","kingdom","450","0","-194.23495035083013","0","0","0.050095952365924595","0.0037739196814704458","22","22","5.765049649169926","380","28","450","true","6.4.0","100171","[0.15 0.3 12 12 0.6 0.015 0.55 0.15 kingdom]"
"172","0.15","0.3","12","12","0.6","0.015","0.55","0.15","kingdom","450","0","-127.22484430108801","0","0","0.044812898699788","0.02148199632288329","25","22","72.77515569891185","580","61","450","true","6.4.0","100172","[0.15 0.3 12 12 0.6 0.015 0.55 0.15 kingdom]"
"173","0.15","0.3","12","12","0.6","0.015","0.55","0.15","kingdom","450","0","-64.5523435939283","0","0","0.06203729176284626","0.03303291132850729","25","18","135.44765640607181","520","65","450","true","6.4.0","100173","[0.15 0.3 12 12 0.6 0.015 0.55 0.15 kingdom]"
"174","0.15","0.3","12","12","0.6","0.015","0.55","0.15","kingdom","450","0","-131.8263420969473","0","0","0.0718050687049904","0.036642381950028516","24","25","68.17365790305266","605","65","450","true","6.4.0","100174","[0.15 0.3 12 12 0.6 0.015 0.55 0.15 kingdom]"
"175","0.15","0.3","12","12","0.6","0.015","0.55","0.15","kingdom","450","0","29.96085084097419","0","0","0.07470943921821127","0.06449585187130648","16","22","229.96085084097413","460","66","450","true","6.4.0","100175","[0.15 0.3 12 12 0.6 0.015 0.55 0.15 kingdom]"
"176","0.15","0.3","12","12","0.6","0.015","0.55","0.15","kingdom","450","0","5.093981419763166","0","0","0.052135102312481224","0.035764220334314215","16","21","205.0939814197635","475","67","450","true","6.4.0","100176","[0.15 0.3 12 12 0.6 0.015 0.55 0.15 kingdom]"
"177","0.15","0.3","12","12","0.6","0.015","0.55","0.15","kingdom","450","0","-184.8439621170228","0","0","0.056196288377547705","0.02168680101006089","35","20","15.15603788297729","610","65","450","true","6.4.0","100177","[0.15 0.3 12 12 0.6 0.015 0.55 0.15 kingdom]"
"179","0.15","0.3","12","12","0.6","0.015","0.55","0.15","kingdom","450","0","-111.40202012109553","0","0","0.06723004950010371","0.03145243265324664","15","29","88.59797987890445","570","60","450","true","6.4.0","100179","[0.15 0.3 12 12 0.6 0.015 0.55 0.15 kingdom]"
"178","0.15","0.3","12","12","0.6","0.015","0.55","0.15","kingdom","450","0","-33.99892364625005","0","0","0.06099296551294618","0.03418706409035642","15","24","166.0010763537497","510","68","450","true","6.4.0","100178","[0.15 0.3 12 12 0.6 0.015 0.55 0.15 kingdom]"
"180","0.15","0.3","12","12","0.6","0.015","0.55","0.15","kingdom","450","0","-111.60718983115979","0","0","0.05747849172819164","0.019429695156811106","18","22","88.39281016884013","485","53","450","true","6.4.0","100180","[0.15 0.3 12 12 0.6 0.015 0.55 0.15 kingdom]"
"181","0.15","0.4","12","12","0.6","0.015","0.55","0.15","kingdom","450","0","8.606822174107485","0","0","0.05844712986114331","0.036623380142173256","16","19","208.6068221741075","445","61","450","true","6.4.0","100181","[0.15 0.4 12 12 0.6 0.015 0.55 0.15 kingdom]"
"182","0.15","0.4","12","12","0.6","0.015","0.55","0.15","kingdom","450","0","-197.97950203052943","0","0","0.03474412412887486","0.00773332659857442","25","22","2.020497969470517","435","37","450","true","6.4.0","100182","[0.15 0.4 12 12 0.6 0.015 0.55 0.15 kingdom]"
"183","0.15","0.4","12","12","0.6","0.015","0.55","0.15","kingdom","450","0","-156.19292129470128","0","0","0.0698985634024566","0.04539335862278725","24","25","43.807078705298764","600","64","450","true","6.4.0","100183","[0.15 0.4 12 12 0.6 0.015 0.55 0.15 kingdom]"
"184","0.15","0.4","12","12","0.6","0.015","0.55","0.15","kingdom","450","0","-199.30095981675706","0","0","0.030826145879872677","0.0017098550502753778","25","25","0.699040183242948","415","33","450","true","6.4.0","100184","[0.15 0.4 12 12 0.6 0.015 0.55 0.15 kingdom]"
"185","0.15","0.4","12","12","0.6","0.015","0.55","0.15","kingdom","450","0","-140.65496570889317","0","0","0.0688103229043494","0.037016851764379445","20","25","59.345034291107","575","63","450","true","6.4.0","100185","[0.15 0.4 12 12 0.6 0.015 0.55 0.15 kingdom]"
"186","0.15","0.4","12","12","0.6","0.015","0.55","0.15","kingdom","450","0","-193.49999124858923","0","0","0.0613692171638298","0.029710876694169278","20","25","6.500008751410885","560","53","450","true","6.4.0","100186","[0.15 0.4 12 12 0.6 0.015 0.55 0.15 kingdom]"
"188","0.15","0.4","12","12","0.6","0.015","0.55","0.15","kingdom","450","0","-126.14566289276976","0","0","0.05978213299363432","0.02307588229523839","23","20","73.85433710723034","515","53","450","true","6.4.0","100188","[0.15 0.4 12 12 0.6 0.015 0.55 0.15 kingdom]"
"187","0.15","0.4","12","12","0.6","0.015","0.55","0.15","kingdom","450","0","-199.41380259762647","0","0","0.03414989373160041","0.01938916046909255","22","26","0.5861974023734255","580","51","450","true","6.4.0","100187","[0.15 0.4 12 12 0.6 0.015 0.55 0.15 kingdom]"
"189","0.15","0.4","12","12","0.6","0.015","0.55","0.15","kingdom","450","0","11.882205277464255","0","0","0.05828377878666614","0.031248879609472518","22","18","211.8822052774642","475","69","450","true","6.4.0","100189","[0.15 0.4 12 12 0.6 0.015 0.55 0.15 kingdom]"
"190","0.15","0.4","12","12","0.6","0.015","0.55","0.15","kingdom","450","0","-186.00514558147125","0","0","0.03371751277170447","0.011029862551481362","21","28","13.994854418528694","510","45","450","true","6.4.0","100190","[0.15 0.4 12 12 0.6 0.015 0.55 0.15 kingdom]"
"191","0.15","0.4","12","12","0.6","0.015","0.55","0.15","kingdom","450","0","-195.75554929890006","0","0","0.026657920934331683","0.007301762481084182","27","15","4.2444507010999395","360","23","450","true","6.4.0","100191","[0.15 0.4 12 12 0.6 0.015 0.55 0.15 kingdom]"
"192","0.15","0.4","12","12","0.6","0.015","0.55","0.15","kingdom","450","0","-184.59365713200106","0","0","0.052485516843228816","0.040724211814620034","26","32","15.406342867998774","665","65","450","true","6.4.0","100192","[0.15 0.4 12 12 0.6 0.015 0.55 0.15 kingdom]"
"193","0.15","0.4","12","12","0.6","0.015","0.55","0.15","kingdom","450","0","8.461390702746286","0","0","0.047605458421060426","0.03770256716584899","17","21","208.4613907027464","460","65","450","true","6.4.0","100193","[0.15 0.4 12 12 0.6 0.015 0.55 0.15 kingdom]"
"194","0.15","0.4","12","12","0.6","0.015","0.55","0.15","kingdom","450","0","-41.836465809816275","0","0","0.06504539965367312","0.037964146100627025","21","18","158.16353419018378","470","59","450","true","6.4.0","100194","[0.15 0.4 12 12 0.6 0.015 0.55 0.15 kingdom]"
"195","0.15","0.4","12","12","0.6","0.015","0.55","0.15","kingdom","450","0","-184.83779580607282","0","0","0.04791508789537539","0.04676177631200732","21","37","15.162204193927423","695","69","450","true","6.4.0","100195","[0.15 0.4 12 12 0.6 0.015 0.55 0.15 kingdom]"
"196","0.15","0.4","12","12","0.6","0.015","0.55","0.15","kingdom","450","0","-193.00609188055284","0","0","0.020567424194601152","0","21","24","6.993908119447212","365","26","450","true","6.4.0","100196","[0.15 0.4 12 12 0.6 0.015 0.55 0.15 kingdom]"
"197","0.15","0.4","12","12","0.6","0.015","0.55","0.15","kingdom","450","0","-183.30961395150126","0","0","0.03554749892800967","0.019274904260302424","25","25","16.690386048498688","555","49","450","true","6.4.0","100197","[0.15 0.4 12 12 0.6 0.015 0.55 0.15 kingdom]"
"199","0.15","0.4","12","12","0.6","0.015","0.55","0.15","kingdom","450","0","-188.75741756906626","0","0","0.04063098513824588","0.018650296814969474","25","30","11.24258243093384","595","57","450","true","6.4.0","100199","[0.15 0.4 12 12 0.6 0.015 0.55 0.15 kingdom]"
"201","0.15","0.5","12","12","0.6","0.015","0.55","0.15","kingdom","450","0","-185.1931257770196","0","0","0.04023688458638324","0.021831376194079724","31","23","14.80687422298042","625","62","450","true","6.4.0","100201","[0.15 0.5 12 12 0.6 0.015 0.55 0.15 kingdom]"
"200","0.15","0.4","12","12","0.6","0.015","0.55","0.15","kingdom","450","0","-190.3795365662037","0","0","0.05621396636473176","0.003931114868026568","20","23","9.620463433796335","445","35","450","true","6.4.0","100200","[0.15 0.4 12 12 0.6 0.015 0.55 0.15 kingdom]"
"198","0.15","0.4","12","12","0.6","0.015","0.55","0.15","kingdom","450","0","-22.622899971619262","0","0","0.06900592545973323","0.03690653614770974","22","17","177.37710002838088","460","60","450","true","6.4.0","100198","[0.15 0.4 12 12 0.6 0.015 0.55 0.15 kingdom]"
"203","0.15","0.5","12","12","0.6","0.015","0.55","0.15","kingdom","450","0","-116.51060468606785","0","0","0.04407319447914375","0.03358533042573909","29","22","83.48939531393204","585","64","450","true","6.4.0","100203","[0.15 0.5 12 12 0.6 0.015 0.55 0.15 kingdom]"
"202","0.15","0.5","12","12","0.6","0.015","0.55","0.15","kingdom","450","0","-196.43096650989895","0","0","0.015873034669670872","0.0015741287464876587","30","24","3.569033490101093","445","34","450","true","6.4.0","100202","[0.15 0.5 12 12 0.6 0.015 0.55 0.15 kingdom]"
"205","0.15","0.5","12","12","0.6","0.015","0.55","0.15","kingdom","450","0","-191.35275949941163","0","0","0.019270574586330694","0.008791968796791182","29","23","8.647240500588413","410","28","450","true","6.4.0","100205","[0.15 0.5 12 12 0.6 0.015 0.55 0.15 kingdom]"
"204","0.15","0.5","12","12","0.6","0.015","0.55","0.15","kingdom","450","0","-194.9083333892813","0","0","0.026274860054597116","0.012590988132490008","23","24","5.091666610718722","505","45","450","true","6.4.0","100204","[0.15 0.5 12 12 0.6 0.015 0.55 0.15 kingdom]"
"206","0.15","0.5","12","12","0.6","0.015","0.55","0.15","kingdom","450","0","-111.11246791730589","0","0","0.05501270594341925","0.044535196361013725","27","21","88.88753208269404","570","63","450","true","6.4.0","100206","[0.15 0.5 12 12 0.6 0.015 0.55 0.15 kingdom]"
"208","0.15","0.5","12","12","0.6","0.015","0.55","0.15","kingdom","450","0","-177.79089098298977","0","0","0.043440589862880775","0.018994839153181585","20","21","22.2091090170102","515","48","450","true","6.4.0","100208","[0.15 0.5 12 12 0.6 0.015 0.55 0.15 kingdom]"
"207","0.15","0.5","12","12","0.6","0.015","0.55","0.15","kingdom","450","0","-190.88516235143592","0","0","0.05136669047357569","0.01842751830888221","30","30","9.114837648564226","660","70","450","true","6.4.0","100207","[0.15 0.5 12 12 0.6 0.015 0.55 0.15 kingdom]"
"209","0.15","0.5","12","12","0.6","0.015","0.55","0.15","kingdom","450","0","-171.7829291250713","0","0","0.033021560123453635","0.03636285877829194","27","21","28.21707087492867","570","53","450","true","6.4.0","100209","[0.15 0.5 12 12 0.6 0.015 0.55 0.15 kingdom]"
"210","0.15","0.5","12","12","0.6","0.015","0.55","0.15","kingdom","450","0","-127.76291885293261","0","0","0.03362768003291559","0.025648960553783746","20","17","72.23708114706739","445","46","450","true","6.4.0","100210","[0.15 0.5 12 12 0.6 0.015 0.55 0.15 kingdom]"
"212","0.15","0.5","12","12","0.6","0.015","0.55","0.15","kingdom","450","0","-169.93307153025512","0","0","0.037462353462360105","0.04914337821309299","29","23","30.066928469744965","610","61","450","true","6.4.0","100212","[0.15 0.5 12 12 0.6 0.015 0.55 0.15 kingdom]"
"211","0.15","0.5","12","12","0.6","0.015","0.55","0.15","kingdom","450","0","-186.29717118602215","0","0","0.03034035591854029","0.02771207716680402","19","28","13.702828813977927","600","58","450","true","6.4.0","100211","[0.15 0.5 12 12 0.6 0.015 0.55 0.15 kingdom]"
"213","0.15","0.5","12","12","0.6","0.015","0.55","0.15","kingdom","450","0","-177.04086620474658","0","0","0.0563716579063915","0.016303505517736596","26","28","22.95913379525351","595","58","450","true","6.4.0","100213","[0.15 0.5 12 12 0.6 0.015 0.55 0.15 kingdom]"
"214","0.15","0.5","12","12","0.6","0.015","0.55","0.15","kingdom","450","0","-182.2889303163952","0","0","0.019044000386243546","0.0199549972995614","23","24","17.71106968360467","565","53","450","true","6.4.0","100214","[0.15 0.5 12 12 0.6 0.015 0.55 0.15 kingdom]"
"216","0.15","0.5","12","12","0.6","0.015","0.55","0.15","kingdom","450","0","-197.81219492724597","0","0","0.02423991888680227","0.00942330192135831","29","23","2.187805072754127","470","38","450","true","6.4.0","100216","[0.15 0.5 12 12 0.6 0.015 0.55 0.15 kingdom]"
"217","0.15","0.5","12","12","0.6","0.015","0.55","0.15","kingdom","450","0","-191.11108602024498","0","0","0.021610362704123483","0.01553251768971964","34","16","8.888913979754998","450","35","450","true","6.4.0","100217","[0.15 0.5 12 12 0.6 0.015 0.55 0.15 kingdom]"
"215","0.15","0.5","12","12","0.6","0.015","0.55","0.15","kingdom","450","0","-134.21906636941753","0","0","0.02678449734783842","0.030419309520816205","24","24","65.78093363058258","570","58","450","true","6.4.0","100215","[0.15 0.5 12 12 0.6 0.015 0.55 0.15 kingdom]"
"218","0.15","0.5","12","12","0.6","0.015","0.55","0.15","kingdom","450","0","-70.26055053511166","0","0","0.0445220588436255","0.02029238510128666","21","22","129.7394494648884","500","62","450","true","6.4.0","100218","[0.15 0.5 12 12 0.6 0.015 0.55 0.15 kingdom]"
"221","0.15","0.6","12","12","0.6","0.015","0.55","0.15","kingdom","450","0","-199.1504495030844","0","0","0.018177961798698482","0.01232904064598444","30","29","0.8495504969155565","595","52","450","true","6.4.0","100221","[0.15 0.6 12 12 0.6 0.015 0.55 0.15 kingdom]"
"219","0.15","0.5","12","12","0.6","0.015","0.55","0.15","kingdom","450","0","-128.9332920352086","0","0","0.049150132988644124","0.03151435449362042","24","23","71.06670796479153","575","62","450","true","6.4.0","100219","[0.15 0.5 12 12 0.6 0.015 0.55 0.15 kingdom]"
"220","0.15","0.5","12","12","0.6","0.015","0.55","0.15","kingdom","450","0","-171.85364399103517","0","0","0.06968213260790067","0.013481893783893355","29","22","28.146356008964734","550","55","450","true","6.4.0","100220","[0.15 0.5 12 12 0.6 0.015 0.55 0.15 kingdom]"
"222","0.15","0.6","12","12","0.6","0.015","0.55","0.15","kingdom","450","0","-199.87093417159724","0","0","0.03018509094067208","0.0036120638771323737","26","22","0.12906582840268932","420","30","450","true","6.4.0","100222","[0.15 0.6 12 12 0.6 0.015 0.55 0.15 kingdom]"
"225","0.15","0.6","12","12","0.6","0.015","0.55","0.15","kingdom","450","0","-191.01767574859252","0","0","0.012824061639966263","0.002906450774750877","25","25","8.982324251407517","390","28","450","true","6.4.0","100225","[0.15 0.6 12 12 0.6 0.015 0.55 0.15 kingdom]"
"223","0.15","0.6","12","12","0.6","0.015","0.55","0.15","kingdom","450","0","-180.16110133235787","0","0","0.026161296437017235","0.02067976310608815","24","24","19.838898667642127","560","53","450","true","6.4.0","100223","[0.15 0.6 12 12 0.6 0.015 0.55 0.15 kingdom]"
"224","0.15","0.6","12","12","0.6","0.015","0.55","0.15","kingdom","450","0","-91.7730832315355","0","0","0.019444756210574125","0.036759101735142935","20","29","108.22691676846436","635","71","450","true","6.4.0","100224","[0.15 0.6 12 12 0.6 0.015 0.55 0.15 kingdom]"
"226","0.15","0.6","12","12","0.6","0.015","0.55","0.15","kingdom","450","0","-191.89987330489552","0","0","0.026251525612155525","0.009888098371543636","25","29","8.100126695104498","520","45","450","true","6.4.0","100226","[0.15 0.6 12 12 0.6 0.015 0.55 0.15 kingdom]"
"227","0.15","0.6","12","12","0.6","0.015","0.55","0.15","kingdom","450","0","-193.0354708006113","0","0","0.014251035255185064","0.013199092402459428","34","23","6.96452919938868","505","43","450","true","6.4.0","100227","[0.15 0.6 12 12 0.6 0.015 0.55 0.15 kingdom]"
"228","0.15","0.6","12","12","0.6","0.015","0.55","0.15","kingdom","450","0","-195.7957372984721","0","0","0.019685646797101775","0.0019007994000244304","31","29","4.204262701528048","485","40","450","true","6.4.0","100228","[0.15 0.6 12 12 0.6 0.015 0.55 0.15 kingdom]"
"229","0.15","0.6","12","12","0.6","0.015","0.55","0.15","kingdom","450","0","-196.9423044732041","0","0","0.005228454087891522","0.003283480480407829","27","23","3.0576955267959693","380","25","450","true","6.4.0","100229","[0.15 0.6 12 12 0.6 0.015 0.55 0.15 kingdom]"
"230","0.15","0.6","12","12","0.6","0.015","0.55","0.15","kingdom","450","0","-192.59316699445492","0","0","0.01734222153042231","0.00884570488241117","33","18","7.406833005545195","445","37","450","true","6.4.0","100230","[0.15 0.6 12 12 0.6 0.015 0.55 0.15 kingdom]"
"232","0.15","0.6","12","12","0.6","0.015","0.55","0.15","kingdom","450","0","-193.57476669659525","0","0","0.012262699516979662","0.0027162928648073207","22","25","6.425233303404764","335","20","450","true","6.4.0","100232","[0.15 0.6 12 12 0.6 0.015 0.55 0.15 kingdom]"
"231","0.15","0.6","12","12","0.6","0.015","0.55","0.15","kingdom","450","0","-197.6316365067755","0","0","0.030277196317123854","0.003069215473575194","32","25","2.3683634932245923","490","40","450","true","6.4.0","100231","[0.15 0.6 12 12 0.6 0.015 0.55 0.15 kingdom]"
"233","0.15","0.6","12","12","0.6","0.015","0.55","0.15","kingdom","450","0","-191.7897706116897","0","0","0.034025290032011206","0.023395987430806786","32","21","8.210229388310289","510","46","450","true","6.4.0","100233","[0.15 0.6 12 12 0.6 0.015 0.55 0.15 kingdom]"
"234","0.15","0.6","12","12","0.6","0.015","0.55","0.15","kingdom","450","0","-190.92608317599166","0","0","0.03252266347162582","0.008339761386030691","29","24","9.073916824008338","515","44","450","true","6.4.0","100234","[0.15 0.6 12 12 0.6 0.015 0.55 0.15 kingdom]"
"235","0.15","0.6","12","12","0.6","0.015","0.55","0.15","kingdom","450","0","-194.32777470158072","0","0","0.022278373068529","0.008442761502366667","31","27","5.672225298419203","470","39","450","true","6.4.0","100235","[0.15 0.6 12 12 0.6 0.015 0.55 0.15 kingdom]"
"238","0.15","0.6","12","12","0.6","0.015","0.55","0.15","kingdom","450","0","-194.08789861631678","0","0","0.013100562594637958","0.021039288491906265","29","29","5.912101383683176","550","49","450","true","6.4.0","100238","[0.15 0.6 12 12 0.6 0.015 0.55 0.15 kingdom]"
"236","0.15","0.6","12","12","0.6","0.015","0.55","0.15","kingdom","450","0","-194.23847839374469","0","0","0.03174224116122281","0.023242234523392","26","29","5.761521606255339","595","57","450","true","6.4.0","100236","[0.15 0.6 12 12 0.6 0.015 0.55 0.15 kingdom]"
"237","0.15","0.6","12","12","0.6","0.015","0.55","0.15","kingdom","450","0","-187.14347255279233","0","0","0.019260016219460628","0.040935925484936485","30","25","12.856527447207597","580","55","450","true","6.4.0","100237","[0.15 0.6 12 12 0.6 0.015 0.55 0.15 kingdom]"
"240","0.15","0.6","12","12","0.6","0.015","0.55","0.15","kingdom","450","0","-193.72337148425368","0","0","0.0031447892961237725","0.0030305784194728197","26","27","6.276628515746292","455","37","450","true","6.4.0","100240","[0.15 0.6 12 12 0.6 0.015 0.55 0.15 kingdom]"
"239","0.15","0.6","12","12","0.6","0.015","0.55","0.15","kingdom","450","0","-190.74616862683408","0","0","0.0333331774621682","0.0017595373826198074","24","25","9.25383137316591","405","29","450","true","6.4.0","100239","[0.15 0.6 12 12 0.6 0.015 0.55 0.15 kingdom]"
"241","0.15","0.7","12","12","0.6","0.015","0.55","0.15","kingdom","450","0","-192.16853415187353","0","0","0.014575570657038883","0.007309807365354081","30","26","7.831465848126527","515","44","450","true","6.4.0","100241","[0.15 0.7 12 12 0.6 0.015 0.55 0.15 kingdom]"
"242","0.15","0.7","12","12","0.6","0.015","0.55","0.15","kingdom","450","0","-182.66055197588108","0","0","0.027849667540272568","0.028015874179521345","26","31","17.339448024118987","605","59","450","true","6.4.0","100242","[0.15 0.7 12 12 0.6 0.015 0.55 0.15 kingdom]"
"243","0.15","0.7","12","12","0.6","0.015","0.55","0.15","kingdom","450","0","-183.4240041828719","0","0","0.015811066496151042","0.010771568684115433","25","23","16.57599581712811","550","50","450","true","6.4.0","100243","[0.15 0.7 12 12 0.6 0.015 0.55 0.15 kingdom]"
"244","0.15","0.7","12","12","0.6","0.015","0.55","0.15","kingdom","450","0","-191.87178552031716","0","0","0.01687389830814151","0.0068766545037837355","33","24","8.128214479682917","500","41","450","true","6.4.0","100244","[0.15 0.7 12 12 0.6 0.015 0.55 0.15 kingdom]"
"245","0.15","0.7","12","12","0.6","0.015","0.55","0.15","kingdom","450","0","-158.4910585424806","0","0","0.004724881881574708","0.03776914427244891","31","24","41.5089414575192","645","66","450","true","6.4.0","100245","[0.15 0.7 12 12 0.6 0.015 0.55 0.15 kingdom]"
"246","0.15","0.7","12","12","0.6","0.015","0.55","0.15","kingdom","450","0","-192.1072375689897","0","0","0.02004053962606727","0.006127480241542148","26","25","7.892762431010212","485","43","450","true","6.4.0","100246","[0.15 0.7 12 12 0.6 0.015 0.55 0.15 kingdom]"
"247","0.15","0.7","12","12","0.6","0.015","0.55","0.15","kingdom","450","0","-193.31062586298","0","0","0.00853916380984299","0.007877175726543879","31","23","6.689374137019948","435","33","450","true","6.4.0","100247","[0.15 0.7 12 12 0.6 0.015 0.55 0.15 kingdom]"
"248","0.15","0.7","12","12","0.6","0.015","0.55","0.15","kingdom","450","0","-191.4648210287246","0","0","0.014598842240671473","0.0026627624967004077","27","21","8.53517897127529","365","24","450","true","6.4.0","100248","[0.15 0.7 12 12 0.6 0.015 0.55 0.15 kingdom]"
"249","0.15","0.7","12","12","0.6","0.015","0.55","0.15","kingdom","450","0","-191.7685227591412","0","0","0.021710225758462334","0.012028777673383204","27","21","8.23147724085878","470","39","450","true","6.4.0","100249","[0.15 0.7 12 12 0.6 0.015 0.55 0.15 kingdom]"
"250","0.15","0.7","12","12","0.6","0.015","0.55","0.15","kingdom","450","0","-185.2033358144405","0","0","0.015282231060095988","0.00805260562893163","30","23","14.796664185559635","490","42","450","true","6.4.0","100250","[0.15 0.7 12 12 0.6 0.015 0.55 0.15 kingdom]"
"251","0.15","0.7","12","12","0.6","0.015","0.55","0.15","kingdom","450","0","-198.7211826654044","0","0","0.012256566705299631","0.016485840734675287","32","24","1.2788173345956402","520","44","450","true","6.4.0","100251","[0.15 0.7 12 12 0.6 0.015 0.55 0.15 kingdom]"
"252","0.15","0.7","12","12","0.6","0.015","0.55","0.15","kingdom","450","0","-197.73091622997518","0","0","0.003362089750319074","5.30325619301026E-4","35","19","2.2690837700248725","400","28","450","true","6.4.0","100252","[0.15 0.7 12 12 0.6 0.015 0.55 0.15 kingdom]"
"253","0.15","0.7","12","12","0.6","0.015","0.55","0.15","kingdom","450","0","-185.85193252710178","0","0","0.015688419304877674","0.005914599875729681","32","21","14.14806747289828","420","34","450","true","6.4.0","100253","[0.15 0.7 12 12 0.6 0.015 0.55 0.15 kingdom]"
"254","0.15","0.7","12","12","0.6","0.015","0.55","0.15","kingdom","450","0","-198.02504843367112","0","0","0.0253512057048312","0.01762779529442247","28","28","1.9749515663290218","545","49","450","true","6.4.0","100254","[0.15 0.7 12 12 0.6 0.015 0.55 0.15 kingdom]"
"255","0.15","0.7","12","12","0.6","0.015","0.55","0.15","kingdom","450","0","-187.12525610694513","0","0","0.017481283751866715","0.03263595087602621","33","24","12.874743893054886","595","57","450","true","6.4.0","100255","[0.15 0.7 12 12 0.6 0.015 0.55 0.15 kingdom]"
"256","0.15","0.7","12","12","0.6","0.015","0.55","0.15","kingdom","450","0","-190.3884808429139","0","0","0.009539514980435343","0.01342082141398815","27","24","9.611519157086171","445","36","450","true","6.4.0","100256","[0.15 0.7 12 12 0.6 0.015 0.55 0.15 kingdom]"
"257","0.15","0.7","12","12","0.6","0.015","0.55","0.15","kingdom","450","0","-194.20104364411577","0","0","0.014648000706091752","0","26","26","5.798956355884304","390","28","450","true","6.4.0","100257","[0.15 0.7 12 12 0.6 0.015 0.55 0.15 kingdom]"
"258","0.15","0.7","12","12","0.6","0.015","0.55","0.15","kingdom","450","0","-199.4032252799525","0","0","0.018969469749683623","0.014911675682358787","26","23","0.5967747200475984","520","44","450","true","6.4.0","100258","[0.15 0.7 12 12 0.6 0.015 0.55 0.15 kingdom]"
"259","0.15","0.7","12","12","0.6","0.015","0.55","0.15","kingdom","450","0","-191.98874070324928","0","0","0.016723883102384453","0.014802135695589403","23","29","8.011259296750946","520","44","450","true","6.4.0","100259","[0.15 0.7 12 12 0.6 0.015 0.55 0.15 kingdom]"
"260","0.15","0.7","12","12","0.6","0.015","0.55","0.15","kingdom","450","0","-197.31639236078098","0","0","0.015463209533001643","0.00936391118732536","29","25","2.683607639218838","525","43","450","true","6.4.0","100260","[0.15 0.7 12 12 0.6 0.015 0.55 0.15 kingdom]"
"261","0.15","0.8","12","12","0.6","0.015","0.55","0.15","kingdom","450","0","-192.23542936902555","0","0","0.004765166082289338","0.009315320309056824","31","28","7.7645706309745535","510","45","450","true","6.4.0","100261","[0.15 0.8 12 12 0.6 0.015 0.55 0.15 kingdom]"
"263","0.15","0.8","12","12","0.6","0.015","0.55","0.15","kingdom","450","0","-193.136453092885","0","0","0.015858458332548106","0.01487556045761019","35","20","6.863546907115211","465","37","450","true","6.4.0","100263","[0.15 0.8 12 12 0.6 0.015 0.55 0.15 kingdom]"
"262","0.15","0.8","12","12","0.6","0.015","0.55","0.15","kingdom","450","0","-185.1890042419317","0","0","0.01205700265344949","0.01690202177106786","37","24","14.81099575806828","560","49","450","true","6.4.0","100262","[0.15 0.8 12 12 0.6 0.015 0.55 0.15 kingdom]"
"264","0.15","0.8","12","12","0.6","0.015","0.55","0.15","kingdom","450","0","-194.75850952099336","0","0","0.008951092421362775","7.327256063255375E-4","23","23","5.241490479006597","315","18","450","true","6.4.0","100264","[0.15 0.8 12 12 0.6 0.015 0.55 0.15 kingdom]"
"265","0.15","0.8","12","12","0.6","0.015","0.55","0.15","kingdom","450","0","-181.60263878094185","0","0","0.008382459202280345","0.004744120813261565","29","25","18.397361219058045","390","27","450","true","6.4.0","100265","[0.15 0.8 12 12 0.6 0.015 0.55 0.15 kingdom]"
"266","0.15","0.8","12","12","0.6","0.015","0.55","0.15","kingdom","450","0","-195.5843584073288","0","0","0.013640524368343813","0.0021791912093777253","32","20","4.415641592671163","385","27","450","true","6.4.0","100266","[0.15 0.8 12 12 0.6 0.015 0.55 0.15 kingdom]"
"268","0.15","0.8","12","12","0.6","0.015","0.55","0.15","kingdom","450","0","-190.69818262087068","0","0","0.017771458684249498","0.028215552109143446","37","28","9.301817379129414","625","57","450","true","6.4.0","100268","[0.15 0.8 12 12 0.6 0.015 0.55 0.15 kingdom]"
"267","0.15","0.8","12","12","0.6","0.015","0.55","0.15","kingdom","450","0","-181.84903868934325","0","0","0.0192217568218697","0.05207472166616382","36","24","18.150961310656914","695","71","450","true","6.4.0","100267","[0.15 0.8 12 12 0.6 0.015 0.55 0.15 kingdom]"
"269","0.15","0.8","12","12","0.6","0.015","0.55","0.15","kingdom","450","0","-191.50865712195866","0","0","0.0020417451654113693","0.004597030259150069","35","20","8.491342878041282","380","23","450","true","6.4.0","100269","[0.15 0.8 12 12 0.6 0.015 0.55 0.15 kingdom]"
"270","0.15","0.8","12","12","0.6","0.015","0.55","0.15","kingdom","450","0","-197.1523485657309","0","0","0.007170093525420168","8.438485216854042E-4","36","21","2.8476514342692045","440","33","450","true","6.4.0","100270","[0.15 0.8 12 12 0.6 0.015 0.55 0.15 kingdom]"
"272","0.15","0.8","12","12","0.6","0.015","0.55","0.15","kingdom","450","0","-195.3924793286329","0","0","0.004901977019960235","0.00304812713419293","20","22","4.607520671367162","295","14","450","true","6.4.0","100272","[0.15 0.8 12 12 0.6 0.015 0.55 0.15 kingdom]"
"271","0.15","0.8","12","12","0.6","0.015","0.55","0.15","kingdom","450","0","-198.89484733729068","0","0","0.01702459452646896","0.020334060383686015","39","26","1.1051526627093793","575","50","450","true","6.4.0","100271","[0.15 0.8 12 12 0.6 0.015 0.55 0.15 kingdom]"
"273","0.15","0.8","12","12","0.6","0.015","0.55","0.15","kingdom","450","0","-191.8292096122197","0","0","0.00451737752321202","0","22","25","8.170790387780269","360","23","450","true","6.4.0","100273","[0.15 0.8 12 12 0.6 0.015 0.55 0.15 kingdom]"
"274","0.15","0.8","12","12","0.6","0.015","0.55","0.15","kingdom","450","0","-194.46727395581487","0","0","0.01730679735624022","0.00982992904893286","31","25","5.532726044184971","485","37","450","true","6.4.0","100274","[0.15 0.8 12 12 0.6 0.015 0.55 0.15 kingdom]"
"275","0.15","0.8","12","12","0.6","0.015","0.55","0.15","kingdom","450","0","-183.4073930260522","0","0","0.008515307901165467","0.015535950493215394","29","20","16.592606973947728","455","36","450","true","6.4.0","100275","[0.15 0.8 12 12 0.6 0.015 0.55 0.15 kingdom]"
"277","0.15","0.8","12","12","0.6","0.015","0.55","0.15","kingdom","450","0","-190.5580588853745","0","0","0.012905097118405024","2.0782198091149167E-4","25","24","9.441941114625605","375","25","450","true","6.4.0","100277","[0.15 0.8 12 12 0.6 0.015 0.55 0.15 kingdom]"
"276","0.15","0.8","12","12","0.6","0.015","0.55","0.15","kingdom","450","0","-190.39982219066886","0","0","0.015251778076432831","0.019958072791838536","33","33","9.600177809331242","610","56","450","true","6.4.0","100276","[0.15 0.8 12 12 0.6 0.015 0.55 0.15 kingdom]"
"278","0.15","0.8","12","12","0.6","0.015","0.55","0.15","kingdom","450","0","-190.63389519014987","0","0","0.009691332636963665","0.02132140557870706","31","28","9.36610480985001","570","53","450","true","6.4.0","100278","[0.15 0.8 12 12 0.6 0.015 0.55 0.15 kingdom]"
"279","0.15","0.8","12","12","0.6","0.015","0.55","0.15","kingdom","450","0","-199.06999635613113","0","0","0.015116646869600237","0.00835807383870113","33","23","0.9300036438688419","490","39","450","true","6.4.0","100279","[0.15 0.8 12 12 0.6 0.015 0.55 0.15 kingdom]"
"280","0.15","0.8","12","12","0.6","0.015","0.55","0.15","kingdom","450","0","-193.04239835356935","0","0","0.0069266221398876305","0.0018409973529042534","30","26","6.957601646430707","435","34","450","true","6.4.0","100280","[0.15 0.8 12 12 0.6 0.015 0.55 0.15 kingdom]"
"282","0.2","0.2","12","12","0.6","0.015","0.55","0.15","kingdom","450","0","5.404113837524763","0","0","0.13492614419134333","0.030115326744626116","15","21","205.40411383752468","465","63","450","true","6.4.0","100282","[0.2 0.2 12 12 0.6 0.015 0.55 0.15 kingdom]"
"281","0.2","0.2","12","12","0.6","0.015","0.55","0.15","kingdom","450","0","88.35552584333591","0","0","0.12965309019542948","0.04308683024281957","18","15","288.35552584333584","395","65","450","true","6.4.0","100281","[0.2 0.2 12 12 0.6 0.015 0.55 0.15 kingdom]"
"283","0.2","0.2","12","12","0.6","0.015","0.55","0.15","kingdom","450","0","-90.60589562786367","0","0","0.10002332223815276","0.01775755328654284","17","24","109.39410437213618","520","60","450","true","6.4.0","100283","[0.2 0.2 12 12 0.6 0.015 0.55 0.15 kingdom]"
"284","0.2","0.2","12","12","0.6","0.015","0.55","0.15","kingdom","450","0.03333333333333333","36.36112355282251","1","0","0.12642594827684409","0.07160782359243023","22","20","236.3611235528227","500","75","450","true","6.4.0","100284","[0.2 0.2 12 12 0.6 0.015 0.55 0.15 kingdom]"
"285","0.2","0.2","12","12","0.6","0.015","0.55","0.15","kingdom","450","0","-46.39362714865952","0","0","0.12215350150486648","0.04027155894388341","19","24","153.60637285134047","525","68","450","true","6.4.0","100285","[0.2 0.2 12 12 0.6 0.015 0.55 0.15 kingdom]"
"286","0.2","0.2","12","12","0.6","0.015","0.55","0.15","kingdom","450","0","111.06465555307982","0","0","0.1416657462941477","0.04624410532846066","19","15","311.0646555530799","415","75","450","true","6.4.0","100286","[0.2 0.2 12 12 0.6 0.015 0.55 0.15 kingdom]"
"287","0.2","0.2","12","12","0.6","0.015","0.55","0.15","kingdom","450","0","-141.66633753103287","0","0","0.11464197824824814","0.01841026854334972","16","22","58.333662468967034","490","50","450","true","6.4.0","100287","[0.2 0.2 12 12 0.6 0.015 0.55 0.15 kingdom]"
"288","0.2","0.2","12","12","0.6","0.015","0.55","0.15","kingdom","450","0","-138.07711844514574","0","0","0.07678921514707085","0.027401681507634005","20","17","61.9228815548543","445","42","450","true","6.4.0","100288","[0.2 0.2 12 12 0.6 0.015 0.55 0.15 kingdom]"
"289","0.2","0.2","12","12","0.6","0.015","0.55","0.15","kingdom","450","0.03333333333333333","70.64364762150382","1","0","0.10987772190233898","0.06843721507242871","24","14","270.6436476215038","450","71","450","true","6.4.0","100289","[0.2 0.2 12 12 0.6 0.015 0.55 0.15 kingdom]"
"290","0.2","0.2","12","12","0.6","0.015","0.55","0.15","kingdom","450","0","92.91977819460755","0","0","0.10522339486026043","0.049107809063443905","16","18","292.9197781946075","400","71","450","true","6.4.0","100290","[0.2 0.2 12 12 0.6 0.015 0.55 0.15 kingdom]"
"292","0.2","0.2","12","12","0.6","0.015","0.55","0.15","kingdom","450","0","91.66834684421028","0","0","0.12181275965812498","0.03628733218821509","24","14","291.6683468442102","450","76","450","true","6.4.0","100292","[0.2 0.2 12 12 0.6 0.015 0.55 0.15 kingdom]"
"291","0.2","0.2","12","12","0.6","0.015","0.55","0.15","kingdom","450","0","-50.411539803577135","0","0","0.11202291549728362","0.01781992177542345","16","20","149.58846019642283","460","60","450","true","6.4.0","100291","[0.2 0.2 12 12 0.6 0.015 0.55 0.15 kingdom]"
"293","0.2","0.2","12","12","0.6","0.015","0.55","0.15","kingdom","450","0","17.25456948634401","0","0","0.11699388407382276","0.016757317521092496","17","14","217.25456948634394","380","58","450","true","6.4.0","100293","[0.2 0.2 12 12 0.6 0.015 0.55 0.15 kingdom]"
"294","0.2","0.2","12","12","0.6","0.015","0.55","0.15","kingdom","450","0","-108.8983553606153","0","0","0.11200824012201945","0.034870959037360344","20","24","91.10164463938484","540","62","450","true","6.4.0","100294","[0.2 0.2 12 12 0.6 0.015 0.55 0.15 kingdom]"
"295","0.2","0.2","12","12","0.6","0.015","0.55","0.15","kingdom","450","0","-102.83373072055957","0","0","0.12255715602988991","0.0309469460722558","14","27","97.16626927944036","520","55","450","true","6.4.0","100295","[0.2 0.2 12 12 0.6 0.015 0.55 0.15 kingdom]"
"297","0.2","0.2","12","12","0.6","0.015","0.55","0.15","kingdom","450","0","-173.5774163027258","0","0","0.09424114351018606","0.016636185442527585","24","24","26.42258369727409","570","54","450","true","6.4.0","100297","[0.2 0.2 12 12 0.6 0.015 0.55 0.15 kingdom]"
"296","0.2","0.2","12","12","0.6","0.015","0.55","0.15","kingdom","450","0","95.72604769236527","0","0","0.11717275084030473","0.04710506139053292","14","19","295.7260476923653","425","71","450","true","6.4.0","100296","[0.2 0.2 12 12 0.6 0.015 0.55 0.15 kingdom]"
"298","0.2","0.2","12","12","0.6","0.015","0.55","0.15","kingdom","450","0","-103.70421094806515","0","0","0.10153971153891855","0.011702690962042746","16","22","96.29578905193475","475","55","450","true","6.4.0","100298","[0.2 0.2 12 12 0.6 0.015 0.55 0.15 kingdom]"
"300","0.2","0.2","12","12","0.6","0.015","0.55","0.15","kingdom","450","0","125.9960227098658","0","0","0.11914544719344071","0.06304343988603782","16","19","325.99602270986605","445","74","450","true","6.4.0","100300","[0.2 0.2 12 12 0.6 0.015 0.55 0.15 kingdom]"
"299","0.2","0.2","12","12","0.6","0.015","0.55","0.15","kingdom","450","0","8.64027966647378","0","0","0.12743109551358894","0.027917589471023734","19","14","208.640279666474","400","59","450","true","6.4.0","100299","[0.2 0.2 12 12 0.6 0.015 0.55 0.15 kingdom]"
"301","0.2","0.3","12","12","0.6","0.015","0.55","0.15","kingdom","450","0","38.918018950173185","0","0","0.07446607468511648","0.048465009637403994","16","23","238.91801895017312","505","72","450","true","6.4.0","100301","[0.2 0.3 12 12 0.6 0.015 0.55 0.15 kingdom]"
"302","0.2","0.3","12","12","0.6","0.015","0.55","0.15","kingdom","450","0","153.93928699061297","0","0","0.10358702717635235","0.05448345745447189","20","16","353.939286990613","430","81","450","true","6.4.0","100302","[0.2 0.3 12 12 0.6 0.015 0.55 0.15 kingdom]"
"303","0.2","0.3","12","12","0.6","0.015","0.55","0.15","kingdom","450","0","-38.00924517619022","0","0","0.08939133813797445","0.04507369192114127","24","16","161.9907548238099","480","61","450","true","6.4.0","100303","[0.2 0.3 12 12 0.6 0.015 0.55 0.15 kingdom]"
"304","0.2","0.3","12","12","0.6","0.015","0.55","0.15","kingdom","450","0","-184.81361030073037","0","0","0.07141193989937993","0.015198129759044575","30","24","15.186389699269704","480","38","450","true","6.4.0","100304","[0.2 0.3 12 12 0.6 0.015 0.55 0.15 kingdom]"
"305","0.2","0.3","12","12","0.6","0.015","0.55","0.15","kingdom","450","0","-194.5021236045711","0","0","0.0868677088613577","0.013664906267260968","20","27","5.4978763954288965","510","42","450","true","6.4.0","100305","[0.2 0.3 12 12 0.6 0.015 0.55 0.15 kingdom]"
"306","0.2","0.3","12","12","0.6","0.015","0.55","0.15","kingdom","450","0","-36.087101850626496","0","0","0.104905798939988","0.029117755298303915","16","24","163.91289814937355","520","68","450","true","6.4.0","100306","[0.2 0.3 12 12 0.6 0.015 0.55 0.15 kingdom]"
"307","0.2","0.3","12","12","0.6","0.015","0.55","0.15","kingdom","450","0","139.08433342764346","0","0","0.10499911401224432","0.02391441552773958","9","14","339.0843334276437","285","63","450","true","6.4.0","100307","[0.2 0.3 12 12 0.6 0.015 0.55 0.15 kingdom]"
"308","0.2","0.3","12","12","0.6","0.015","0.55","0.15","kingdom","450","0","-33.230816824816486","0","0","0.08701953027590902","0.04297990012555145","17","28","166.76918317518346","580","72","450","true","6.4.0","100308","[0.2 0.3 12 12 0.6 0.015 0.55 0.15 kingdom]"
"309","0.2","0.3","12","12","0.6","0.015","0.55","0.15","kingdom","450","0","-63.08335230184866","0","0","0.07668135626104228","0.03740607547333914","23","22","136.91664769815125","530","69","450","true","6.4.0","100309","[0.2 0.3 12 12 0.6 0.015 0.55 0.15 kingdom]"
"310","0.2","0.3","12","12","0.6","0.015","0.55","0.15","kingdom","450","0","-115.92485858260521","0","0","0.09483359988956735","0.028884582382852984","23","22","84.07514141739493","550","61","450","true","6.4.0","100310","[0.2 0.3 12 12 0.6 0.015 0.55 0.15 kingdom]"
"311","0.2","0.3","12","12","0.6","0.015","0.55","0.15","kingdom","450","0.03333333333333333","87.33947987416762","1","0","0.10360008486237617","0.06264790548973649","24","18","287.3394798741675","500","75","450","true","6.4.0","100311","[0.2 0.3 12 12 0.6 0.015 0.55 0.15 kingdom]"
"312","0.2","0.3","12","12","0.6","0.015","0.55","0.15","kingdom","450","0","160.68905936789812","0","0","0.0920452085957796","0.05353364787253489","16","19","360.6890593678981","430","80","450","true","6.4.0","100312","[0.2 0.3 12 12 0.6 0.015 0.55 0.15 kingdom]"
"313","0.2","0.3","12","12","0.6","0.015","0.55","0.15","kingdom","450","0","2.6842067822356555","0","0","0.11631597339723133","0.045850827475751324","14","23","202.68420678223546","485","64","450","true","6.4.0","100313","[0.2 0.3 12 12 0.6 0.015 0.55 0.15 kingdom]"
"314","0.2","0.3","12","12","0.6","0.015","0.55","0.15","kingdom","450","0","-158.7845772591645","0","0","0.09124830108619057","0.031044239471182886","18","25","41.215422740835564","555","55","450","true","6.4.0","100314","[0.2 0.3 12 12 0.6 0.015 0.55 0.15 kingdom]"
"316","0.2","0.3","12","12","0.6","0.015","0.55","0.15","kingdom","450","0","-39.16143635719994","0","0","0.10716095192108807","0.016890324723346124","21","18","160.8385636428","440","56","450","true","6.4.0","100316","[0.2 0.3 12 12 0.6 0.015 0.55 0.15 kingdom]"
"315","0.2","0.3","12","12","0.6","0.015","0.55","0.15","kingdom","450","0","-114.68971105706987","0","0","0.10131369200400936","0.0367367274516511","26","21","85.31028894292984","565","61","450","true","6.4.0","100315","[0.2 0.3 12 12 0.6 0.015 0.55 0.15 kingdom]"
"317","0.2","0.3","12","12","0.6","0.015","0.55","0.15","kingdom","450","0","5.665578475094293","0","0","0.08697475441059956","0.029419556257627225","22","15","205.6655784750944","415","59","450","true","6.4.0","100317","[0.2 0.3 12 12 0.6 0.015 0.55 0.15 kingdom]"
"318","0.2","0.3","12","12","0.6","0.015","0.55","0.15","kingdom","450","0","107.28011485323366","0","0","0.09684352321398007","0.0394103630240034","15","13","307.28011485323384","345","59","450","true","6.4.0","100318","[0.2 0.3 12 12 0.6 0.015 0.55 0.15 kingdom]"
"319","0.2","0.3","12","12","0.6","0.015","0.55","0.15","kingdom","450","0","-194.6636132005849","0","0","0.07586552584826116","0.016229363775031272","24","21","5.33638679941512","515","46","450","true","6.4.0","100319","[0.2 0.3 12 12 0.6 0.015 0.55 0.15 kingdom]"
"320","0.2","0.3","12","12","0.6","0.015","0.55","0.15","kingdom","450","0","39.121785222800284","0","0","0.1399839345815445","0.05386562030241793","17","23","239.1217852228001","505","72","450","true","6.4.0","100320","[0.2 0.3 12 12 0.6 0.015 0.55 0.15 kingdom]"
"321","0.2","0.4","12","12","0.6","0.015","0.55","0.15","kingdom","450","0","-128.18762274824192","0","0","0.10079634058151482","0.04614854828042186","30","21","71.81237725175805","600","70","450","true","6.4.0","100321","[0.2 0.4 12 12 0.6 0.015 0.55 0.15 kingdom]"
"322","0.2","0.4","12","12","0.6","0.015","0.55","0.15","kingdom","450","0","-34.99447017514588","0","0","0.07130164909835777","0.037157257955957396","20","21","165.00552982485408","470","59","450","true","6.4.0","100322","[0.2 0.4 12 12 0.6 0.015 0.55 0.15 kingdom]"
"323","0.2","0.4","12","12","0.6","0.015","0.55","0.15","kingdom","450","0","-72.05484441166895","0","0","0.07295357315578486","0.038757702819893367","23","23","127.94515558833118","550","64","450","true","6.4.0","100323","[0.2 0.4 12 12 0.6 0.015 0.55 0.15 kingdom]"
"324","0.2","0.4","12","12","0.6","0.015","0.55","0.15","kingdom","450","0","-188.85137498033248","0","0","0.08312764551865165","0.03532411984043002","22","32","11.148625019667668","625","60","450","true","6.4.0","100324","[0.2 0.4 12 12 0.6 0.015 0.55 0.15 kingdom]"
"325","0.2","0.4","12","12","0.6","0.015","0.55","0.15","kingdom","450","0","-170.68245722717822","0","0","0.10009985154828085","0.026465651696855906","18","30","29.31754277282183","620","63","450","true","6.4.0","100325","[0.2 0.4 12 12 0.6 0.015 0.55 0.15 kingdom]"
"326","0.2","0.4","12","12","0.6","0.015","0.55","0.15","kingdom","450","0","-178.50075905451294","0","0","0.05733445781766406","0.026898461162897628","30","21","21.499240945487003","550","52","450","true","6.4.0","100326","[0.2 0.4 12 12 0.6 0.015 0.55 0.15 kingdom]"
"327","0.2","0.4","12","12","0.6","0.015","0.55","0.15","kingdom","450","0","27.79953068403435","0","0","0.09144153549482091","0.04288928035968605","20","16","227.79953068403432","410","64","450","true","6.4.0","100327","[0.2 0.4 12 12 0.6 0.015 0.55 0.15 kingdom]"
"329","0.2","0.4","12","12","0.6","0.015","0.55","0.15","kingdom","450","0","-136.30593643360714","0","0","0.07462557624841508","0.023239514648341713","11","27","63.6940635663929","515","53","450","true","6.4.0","100329","[0.2 0.4 12 12 0.6 0.015 0.55 0.15 kingdom]"
"328","0.2","0.4","12","12","0.6","0.015","0.55","0.15","kingdom","450","0","-48.38759307011757","0","0","0.09072726588449959","0.06217783824834749","24","23","151.61240692988238","545","69","450","true","6.4.0","100328","[0.2 0.4 12 12 0.6 0.015 0.55 0.15 kingdom]"
"330","0.2","0.4","12","12","0.6","0.015","0.55","0.15","kingdom","450","0","38.223576953475785","0","0","0.07838879663557838","0.03600558394644298","19","15","238.2235769534756","400","65","450","true","6.4.0","100330","[0.2 0.4 12 12 0.6 0.015 0.55 0.15 kingdom]"
"333","0.2","0.4","12","12","0.6","0.015","0.55","0.15","kingdom","450","0","-186.2488787765916","0","0","0.07815795799601728","0.06021453915741689","20","36","13.751121223408513","725","73","450","true","6.4.0","100333","[0.2 0.4 12 12 0.6 0.015 0.55 0.15 kingdom]"
"331","0.2","0.4","12","12","0.6","0.015","0.55","0.15","kingdom","450","0","-199.65725344521456","0","0","0.043859437867734274","0.019920127529376202","30","28","0.3427465547852595","585","50","450","true","6.4.0","100331","[0.2 0.4 12 12 0.6 0.015 0.55 0.15 kingdom]"
"332","0.2","0.4","12","12","0.6","0.015","0.55","0.15","kingdom","450","0.03333333333333333","-182.25588404878","1","0","0.08110592947937918","0.031167148452975673","24","33","17.744115951220124","620","60","450","true","6.4.0","100332","[0.2 0.4 12 12 0.6 0.015 0.55 0.15 kingdom]"
"334","0.2","0.4","12","12","0.6","0.015","0.55","0.15","kingdom","450","0","16.659678676816547","0","0","0.07569402615825162","0.01868350086369155","20","13","216.6596786768166","385","62","450","true","6.4.0","100334","[0.2 0.4 12 12 0.6 0.015 0.55 0.15 kingdom]"
"335","0.2","0.4","12","12","0.6","0.015","0.55","0.15","kingdom","450","0","-139.31667592207185","0","0","0.07516475690853731","0.043546411633407486","30","19","60.68332407792799","575","59","450","true","6.4.0","100335","[0.2 0.4 12 12 0.6 0.015 0.55 0.15 kingdom]"
"336","0.2","0.4","12","12","0.6","0.015","0.55","0.15","kingdom","450","0","-85.51098804643425","0","0","0.0885900029876498","0.04004919877937754","23","24","114.48901195356578","575","66","450","true","6.4.0","100336","[0.2 0.4 12 12 0.6 0.015 0.55 0.15 kingdom]"
"337","0.2","0.4","12","12","0.6","0.015","0.55","0.15","kingdom","450","0","-19.59807385928234","0","0","0.06385621553083494","0.022867182128160985","28","12","180.4019261407178","460","61","450","true","6.4.0","100337","[0.2 0.4 12 12 0.6 0.015 0.55 0.15 kingdom]"
"338","0.2","0.4","12","12","0.6","0.015","0.55","0.15","kingdom","450","0","-193.84496410329243","0","0","0.054582948236840706","0.02042954551242021","29","22","6.15503589670756","600","59","450","true","6.4.0","100338","[0.2 0.4 12 12 0.6 0.015 0.55 0.15 kingdom]"
"339","0.2","0.4","12","12","0.6","0.015","0.55","0.15","kingdom","450","0","-163.59766992131983","0","0","0.07612818606746881","0.02619002900307719","24","28","36.402330078680315","635","67","450","true","6.4.0","100339","[0.2 0.4 12 12 0.6 0.015 0.55 0.15 kingdom]"
"340","0.2","0.4","12","12","0.6","0.015","0.55","0.15","kingdom","450","0","-132.3574226732126","0","0","0.09081811748194914","0.04323930934825236","20","24","67.64257732678745","560","60","450","true","6.4.0","100340","[0.2 0.4 12 12 0.6 0.015 0.55 0.15 kingdom]"
"341","0.2","0.5","12","12","0.6","0.015","0.55","0.15","kingdom","450","0","-185.08519336663582","0","0","0.045651666539779236","0.022206334186023562","29","22","14.914806633364066","520","44","450","true","6.4.0","100341","[0.2 0.5 12 12 0.6 0.015 0.55 0.15 kingdom]"
"342","0.2","0.5","12","12","0.6","0.015","0.55","0.15","kingdom","450","0","-194.6823936310544","0","0","0.0485748716232414","0.016232126989223335","28","25","5.317606368945562","500","44","450","true","6.4.0","100342","[0.2 0.5 12 12 0.6 0.015 0.55 0.15 kingdom]"
"343","0.2","0.5","12","12","0.6","0.015","0.55","0.15","kingdom","450","0","-184.7445491905337","0","0","0.06977024217226108","0.01068214213534782","25","23","15.255450809466277","520","47","450","true","6.4.0","100343","[0.2 0.5 12 12 0.6 0.015 0.55 0.15 kingdom]"
"344","0.2","0.5","12","12","0.6","0.015","0.55","0.15","kingdom","450","0","-185.12515334652187","0","0","0.03294101465120467","0.02814672177554829","27","27","14.87484665347806","505","47","450","true","6.4.0","100344","[0.2 0.5 12 12 0.6 0.015 0.55 0.15 kingdom]"
"345","0.2","0.5","12","12","0.6","0.015","0.55","0.15","kingdom","450","0","-197.559288580009","0","0","0.03977059076000147","0.0026878774790933062","29","17","2.4407114199909756","350","21","450","true","6.4.0","100345","[0.2 0.5 12 12 0.6 0.015 0.55 0.15 kingdom]"
"346","0.2","0.5","12","12","0.6","0.015","0.55","0.15","kingdom","450","0","-182.34841194611116","0","0","0.052871379372072716","0.02806601252921724","27","25","17.65158805388885","565","54","450","true","6.4.0","100346","[0.2 0.5 12 12 0.6 0.015 0.55 0.15 kingdom]"
"347","0.2","0.5","12","12","0.6","0.015","0.55","0.15","kingdom","450","0","-127.25853915251437","0","0","0.07378455668863519","0.023501786745658965","20","22","72.74146084748561","505","50","450","true","6.4.0","100347","[0.2 0.5 12 12 0.6 0.015 0.55 0.15 kingdom]"
"348","0.2","0.5","12","12","0.6","0.015","0.55","0.15","kingdom","450","0","-171.38651758307236","0","0","0.05736304320924898","0.04015531913418409","39","19","28.61348241692761","625","60","450","true","6.4.0","100348","[0.2 0.5 12 12 0.6 0.015 0.55 0.15 kingdom]"
"349","0.2","0.5","12","12","0.6","0.015","0.55","0.15","kingdom","450","0","-199.5368344865736","0","0","0.03787731208491666","0.008171552541986643","24","24","0.46316551342645695","445","35","450","true","6.4.0","100349","[0.2 0.5 12 12 0.6 0.015 0.55 0.15 kingdom]"
"350","0.2","0.5","12","12","0.6","0.015","0.55","0.15","kingdom","450","0","-199.21076449039845","0","0","0.0565402485247778","0.009810294851372633","29","22","0.7892355096015606","485","40","450","true","6.4.0","100350","[0.2 0.5 12 12 0.6 0.015 0.55 0.15 kingdom]"
"351","0.2","0.5","12","12","0.6","0.015","0.55","0.15","kingdom","450","0","-139.6854239569697","0","0","0.06188921988958085","0.053323620235720424","30","24","60.31457604303032","645","69","450","true","6.4.0","100351","[0.2 0.5 12 12 0.6 0.015 0.55 0.15 kingdom]"
"352","0.2","0.5","12","12","0.6","0.015","0.55","0.15","kingdom","450","0","-181.49078873534575","0","0","0.049024931501498364","0.023006855906129203","25","23","18.509211264654233","560","54","450","true","6.4.0","100352","[0.2 0.5 12 12 0.6 0.015 0.55 0.15 kingdom]"
"353","0.2","0.5","12","12","0.6","0.015","0.55","0.15","kingdom","450","0","-192.54789369884713","0","0","0.05366256749852786","0.021365642656136538","27","24","7.452106301153115","570","52","450","true","6.4.0","100353","[0.2 0.5 12 12 0.6 0.015 0.55 0.15 kingdom]"
"354","0.2","0.5","12","12","0.6","0.015","0.55","0.15","kingdom","450","0","-195.87843411029365","0","0","0.020242351919319022","0.003963715682050877","32","24","4.121565889706318","415","28","450","true","6.4.0","100354","[0.2 0.5 12 12 0.6 0.015 0.55 0.15 kingdom]"
"355","0.2","0.5","12","12","0.6","0.015","0.55","0.15","kingdom","450","0","15.372190841046733","0","0","0.08244562609244016","0.054618693118068794","25","19","215.3721908410465","510","73","450","true","6.4.0","100355","[0.2 0.5 12 12 0.6 0.015 0.55 0.15 kingdom]"
"356","0.2","0.5","12","12","0.6","0.015","0.55","0.15","kingdom","450","0","-190.03217990442212","0","0","0.0479815930941654","0.00691000087701118","32","24","9.96782009557792","435","33","450","true","6.4.0","100356","[0.2 0.5 12 12 0.6 0.015 0.55 0.15 kingdom]"
"357","0.2","0.5","12","12","0.6","0.015","0.55","0.15","kingdom","450","0","-136.3698897361661","0","0","0.06811337614863683","0.03748951582008132","21","28","63.63011026383394","605","65","450","true","6.4.0","100357","[0.2 0.5 12 12 0.6 0.015 0.55 0.15 kingdom]"
"358","0.2","0.5","12","12","0.6","0.015","0.55","0.15","kingdom","450","0","-186.80147724321355","0","0","0.0660916705011859","0.0402782439557622","29","28","13.198522756786433","620","60","450","true","6.4.0","100358","[0.2 0.5 12 12 0.6 0.015 0.55 0.15 kingdom]"
"360","0.2","0.5","12","12","0.6","0.015","0.55","0.15","kingdom","450","0","-191.39888821607093","0","0","0.05752453266201204","0.026925472859757518","29","23","8.601111783929142","530","47","450","true","6.4.0","100360","[0.2 0.5 12 12 0.6 0.015 0.55 0.15 kingdom]"
"361","0.2","0.6","12","12","0.6","0.015","0.55","0.15","kingdom","450","0","-199.9153628927831","0","0","0.03714531839928128","0.0033185960311414753","27","21","0.08463710721686546","405","29","450","true","6.4.0","100361","[0.2 0.6 12 12 0.6 0.015 0.55 0.15 kingdom]"
"359","0.2","0.5","12","12","0.6","0.015","0.55","0.15","kingdom","450","0","80.50811478934418","0","0","0.06530148780605331","0.07945185503214779","21","23","280.50811478934423","525","81","450","true","6.4.0","100359","[0.2 0.5 12 12 0.6 0.015 0.55 0.15 kingdom]"
"362","0.2","0.6","12","12","0.6","0.015","0.55","0.15","kingdom","450","0","-189.8641863478065","0","0","0.07318079665892334","0.010691282134420416","29","27","10.135813652193516","555","51","450","true","6.4.0","100362","[0.2 0.6 12 12 0.6 0.015 0.55 0.15 kingdom]"
"363","0.2","0.6","12","12","0.6","0.015","0.55","0.15","kingdom","450","0","-162.75568622274275","0","0","0.06620194026922253","0.02552196291945206","21","22","37.24431377725727","540","52","450","true","6.4.0","100363","[0.2 0.6 12 12 0.6 0.015 0.55 0.15 kingdom]"
"364","0.2","0.6","12","12","0.6","0.015","0.55","0.15","kingdom","450","0","-196.6888525916374","0","0","0.047095537270510995","0.02048569238870714","32","23","3.31114740836267","560","52","450","true","6.4.0","100364","[0.2 0.6 12 12 0.6 0.015 0.55 0.15 kingdom]"
"365","0.2","0.6","12","12","0.6","0.015","0.55","0.15","kingdom","450","0","-190.41982270212876","0","0","0.033574650745103095","0.010328502825653127","36","23","9.580177297871263","495","39","450","true","6.4.0","100365","[0.2 0.6 12 12 0.6 0.015 0.55 0.15 kingdom]"
"366","0.2","0.6","12","12","0.6","0.015","0.55","0.15","kingdom","450","0","-186.8914275568424","0","0","0.04580150877952328","0.0478431426738005","31","33","13.10857244315767","735","72","450","true","6.4.0","100366","[0.2 0.6 12 12 0.6 0.015 0.55 0.15 kingdom]"
"367","0.2","0.6","12","12","0.6","0.015","0.55","0.15","kingdom","450","0","-191.513308317065","0","0","0.04073585265648637","0.01632662292219071","36","24","8.486691682935081","580","56","450","true","6.4.0","100367","[0.2 0.6 12 12 0.6 0.015 0.55 0.15 kingdom]"
"369","0.2","0.6","12","12","0.6","0.015","0.55","0.15","kingdom","450","0","-199.44639354386123","0","0","0.049728415412364106","0.003481026326866972","24","26","0.553606456138775","430","33","450","true","6.4.0","100369","[0.2 0.6 12 12 0.6 0.015 0.55 0.15 kingdom]"
"368","0.2","0.6","12","12","0.6","0.015","0.55","0.15","kingdom","450","0","-191.55626956393183","0","0","0.045062644579024716","0.019008040281662093","29","25","8.443730436068186","600","57","450","true","6.4.0","100368","[0.2 0.6 12 12 0.6 0.015 0.55 0.15 kingdom]"
"370","0.2","0.6","12","12","0.6","0.015","0.55","0.15","kingdom","450","0","-190.84335423580822","0","0","0.033276603049909606","0","26","25","9.15664576419169","355","23","450","true","6.4.0","100370","[0.2 0.6 12 12 0.6 0.015 0.55 0.15 kingdom]"
"373","0.2","0.6","12","12","0.6","0.015","0.55","0.15","kingdom","450","0","-194.20416611214517","0","0","0.04661686614645115","0.009003357311403526","18","25","5.795833887854805","410","29","450","true","6.4.0","100373","[0.2 0.6 12 12 0.6 0.015 0.55 0.15 kingdom]"
"371","0.2","0.6","12","12","0.6","0.015","0.55","0.15","kingdom","450","0","-198.26806198860788","0","0","0.03663800736392029","0.004547429092827583","28","23","1.7319380113920495","505","44","450","true","6.4.0","100371","[0.2 0.6 12 12 0.6 0.015 0.55 0.15 kingdom]"
"372","0.2","0.6","12","12","0.6","0.015","0.55","0.15","kingdom","450","0","-197.45215787331173","0","0","0.03824685100185965","0.011237101331529694","32","26","2.5478421266882236","535","47","450","true","6.4.0","100372","[0.2 0.6 12 12 0.6 0.015 0.55 0.15 kingdom]"
"374","0.2","0.6","12","12","0.6","0.015","0.55","0.15","kingdom","450","0","-191.80271960049623","0","0","0.03467916986507132","0.024719449072518343","27","27","8.197280399503626","540","48","450","true","6.4.0","100374","[0.2 0.6 12 12 0.6 0.015 0.55 0.15 kingdom]"
"377","0.2","0.6","12","12","0.6","0.015","0.55","0.15","kingdom","450","0","-194.27697829743428","0","0","0.04414611402917491","0.009573872866916262","28","29","5.723021702565784","470","39","450","true","6.4.0","100377","[0.2 0.6 12 12 0.6 0.015 0.55 0.15 kingdom]"
"375","0.2","0.6","12","12","0.6","0.015","0.55","0.15","kingdom","450","0","-141.17031532530146","0","0","0.06438505342587683","0.038887234064351316","28","24","58.82968467469857","630","70","450","true","6.4.0","100375","[0.2 0.6 12 12 0.6 0.015 0.55 0.15 kingdom]"
"376","0.2","0.6","12","12","0.6","0.015","0.55","0.15","kingdom","450","0","-121.86380319812679","0","0","0.055916936506835706","0.05060881914278689","27","23","78.1361968018731","595","62","450","true","6.4.0","100376","[0.2 0.6 12 12 0.6 0.015 0.55 0.15 kingdom]"
"378","0.2","0.6","12","12","0.6","0.015","0.55","0.15","kingdom","450","0","-190.64986557352816","0","0","0.05204373720402526","0.016462706496118102","24","26","9.350134426471922","560","52","450","true","6.4.0","100378","[0.2 0.6 12 12 0.6 0.015 0.55 0.15 kingdom]"
"380","0.2","0.6","12","12","0.6","0.015","0.55","0.15","kingdom","450","0","-194.61242076445305","0","0","0.03747867286107982","0.03742449939217921","26","28","5.387579235546863","590","56","450","true","6.4.0","100380","[0.2 0.6 12 12 0.6 0.015 0.55 0.15 kingdom]"
"379","0.2","0.6","12","12","0.6","0.015","0.55","0.15","kingdom","450","0","-180.72022965909426","0","0","0.03892626521286738","0.030734467684422586","26","26","19.279770340905745","580","57","450","true","6.4.0","100379","[0.2 0.6 12 12 0.6 0.015 0.55 0.15 kingdom]"
"381","0.2","0.7","12","12","0.6","0.015","0.55","0.15","kingdom","450","0","-191.0797278426236","0","0","0.025349416331360897","0.021605648624018474","30","27","8.920272157376358","535","45","450","true","6.4.0","100381","[0.2 0.7 12 12 0.6 0.015 0.55 0.15 kingdom]"
"382","0.2","0.7","12","12","0.6","0.015","0.55","0.15","kingdom","450","0","-160.52324649776955","0","0","0.04088772954744846","0.050266050975025366","32","30","39.476753502230416","705","77","450","true","6.4.0","100382","[0.2 0.7 12 12 0.6 0.015 0.55 0.15 kingdom]"
"384","0.2","0.7","12","12","0.6","0.015","0.55","0.15","kingdom","450","0","-183.0773112834609","0","0","0.017748083928132822","0.015549675130351907","35","19","16.92268871653907","480","39","450","true","6.4.0","100384","[0.2 0.7 12 12 0.6 0.015 0.55 0.15 kingdom]"
"385","0.2","0.7","12","12","0.6","0.015","0.55","0.15","kingdom","450","0","-196.34239118454028","0","0","0.013116497902315446","0.0017648217895304661","21","23","3.6576088154597155","320","19","450","true","6.4.0","100385","[0.2 0.7 12 12 0.6 0.015 0.55 0.15 kingdom]"
"383","0.2","0.7","12","12","0.6","0.015","0.55","0.15","kingdom","450","0","-193.20529867193923","0","0","0.027986728910694956","0.006282771896326058","28","28","6.7947013280607536","500","45","450","true","6.4.0","100383","[0.2 0.7 12 12 0.6 0.015 0.55 0.15 kingdom]"
"386","0.2","0.7","12","12","0.6","0.015","0.55","0.15","kingdom","450","0","-190.6787531689","0","0","0.04082837909147759","9.507986035731615E-4","28","21","9.32124683109997","435","34","450","true","6.4.0","100386","[0.2 0.7 12 12 0.6 0.015 0.55 0.15 kingdom]"
"387","0.2","0.7","12","12","0.6","0.015","0.55","0.15","kingdom","450","0","-188.90507738350982","0","0","0.04087645845070984","0.04066792188556413","30","25","11.094922616490123","640","57","450","true","6.4.0","100387","[0.2 0.7 12 12 0.6 0.015 0.55 0.15 kingdom]"
"389","0.2","0.7","12","12","0.6","0.015","0.55","0.15","kingdom","450","0","-196.1944514850067","0","0","0.01874415216643834","3.2725216055357796E-4","25","23","3.8055485149932657","350","24","450","true","6.4.0","100389","[0.2 0.7 12 12 0.6 0.015 0.55 0.15 kingdom]"
"388","0.2","0.7","12","12","0.6","0.015","0.55","0.15","kingdom","450","0","-187.6387057152165","0","0","0.051788845782504006","0.027541952088679857","24","25","12.361294284783531","585","53","450","true","6.4.0","100388","[0.2 0.7 12 12 0.6 0.015 0.55 0.15 kingdom]"
"390","0.2","0.7","12","12","0.6","0.015","0.55","0.15","kingdom","450","0","-190.22840326997795","0","0","0.023903712942519733","8.79260179465585E-4","25","22","9.771596730022063","335","20","450","true","6.4.0","100390","[0.2 0.7 12 12 0.6 0.015 0.55 0.15 kingdom]"
"391","0.2","0.7","12","12","0.6","0.015","0.55","0.15","kingdom","450","0","-198.06217119856214","0","0","0.0511942363571795","0.04276305231865574","26","32","1.93782880143781","670","66","450","true","6.4.0","100391","[0.2 0.7 12 12 0.6 0.015 0.55 0.15 kingdom]"
"392","0.2","0.7","12","12","0.6","0.015","0.55","0.15","kingdom","450","0","-191.71073120513256","0","0","0.024310370537583188","0.016634352174591048","29","28","8.289268794867379","630","61","450","true","6.4.0","100392","[0.2 0.7 12 12 0.6 0.015 0.55 0.15 kingdom]"
"393","0.2","0.7","12","12","0.6","0.015","0.55","0.15","kingdom","450","0","-181.26244992475768","0","0","0.03414988995691744","0.016341572625122498","26","24","18.73755007524221","530","50","450","true","6.4.0","100393","[0.2 0.7 12 12 0.6 0.015 0.55 0.15 kingdom]"
"394","0.2","0.7","12","12","0.6","0.015","0.55","0.15","kingdom","450","0","-157.730211979335","0","0","0.035053836486895536","0.042474299818097014","30","28","42.2697880206648","710","74","450","true","6.4.0","100394","[0.2 0.7 12 12 0.6 0.015 0.55 0.15 kingdom]"
"395","0.2","0.7","12","12","0.6","0.015","0.55","0.15","kingdom","450","0","-186.39444960330795","0","0","0.05927892599616589","0.0395551085949897","37","23","13.60555039669197","665","68","450","true","6.4.0","100395","[0.2 0.7 12 12 0.6 0.015 0.55 0.15 kingdom]"
"396","0.2","0.7","12","12","0.6","0.015","0.55","0.15","kingdom","450","0","-193.2388896642877","0","0","0.01517534878461284","0.002575724301517721","32","24","6.761110335712338","475","38","450","true","6.4.0","100396","[0.2 0.7 12 12 0.6 0.015 0.55 0.15 kingdom]"
"397","0.2","0.7","12","12","0.6","0.015","0.55","0.15","kingdom","450","0","-187.631924326075","0","0","0.0432523590216009","0.028803768599561408","32","22","12.368075673925048","525","43","450","true","6.4.0","100397","[0.2 0.7 12 12 0.6 0.015 0.55 0.15 kingdom]"
"398","0.2","0.7","12","12","0.6","0.015","0.55","0.15","kingdom","450","0","-194.067866342271","0","0","0.026294747790838558","0.0027152693543193293","29","22","5.932133657729078","405","29","450","true","6.4.0","100398","[0.2 0.7 12 12 0.6 0.015 0.55 0.15 kingdom]"
"399","0.2","0.7","12","12","0.6","0.015","0.55","0.15","kingdom","450","0","-192.8684795923831","0","0","0.019961208366342003","0.012758956680414992","31","25","7.131520407616975","480","40","450","true","6.4.0","100399","[0.2 0.7 12 12 0.6 0.015 0.55 0.15 kingdom]"
"400","0.2","0.7","12","12","0.6","0.015","0.55","0.15","kingdom","450","0","-199.49104737519883","0","0","0.025679831119607525","0.0013534798579705326","35","19","0.5089526248011857","415","28","450","true","6.4.0","100400","[0.2 0.7 12 12 0.6 0.015 0.55 0.15 kingdom]"
"401","0.2","0.8","12","12","0.6","0.015","0.55","0.15","kingdom","450","0","-196.28746003977025","0","0","0.013158089081624826","0.0038439981565010634","34","25","3.712539960229778","450","38","450","true","6.4.0","100401","[0.2 0.8 12 12 0.6 0.015 0.55 0.15 kingdom]"
"402","0.2","0.8","12","12","0.6","0.015","0.55","0.15","kingdom","450","0","-192.89580797957277","0","0","0.021192976566482755","0.008267652717449184","21","28","7.1041920204272415","445","34","450","true","6.4.0","100402","[0.2 0.8 12 12 0.6 0.015 0.55 0.15 kingdom]"
"403","0.2","0.8","12","12","0.6","0.015","0.55","0.15","kingdom","450","0","-171.01038215657258","0","0","0.035732615991897206","0.01895591030478412","30","26","28.989617843427375","590","57","450","true","6.4.0","100403","[0.2 0.8 12 12 0.6 0.015 0.55 0.15 kingdom]"
"404","0.2","0.8","12","12","0.6","0.015","0.55","0.15","kingdom","450","0","-180.47401529196657","0","0","0.022344155533474058","0.020211896509699963","40","22","19.525984708033427","580","56","450","true","6.4.0","100404","[0.2 0.8 12 12 0.6 0.015 0.55 0.15 kingdom]"
"405","0.2","0.8","12","12","0.6","0.015","0.55","0.15","kingdom","450","0","-197.36025890891088","0","0","0.01972054693073251","0.0021080182337700187","36","19","2.639741091089139","435","32","450","true","6.4.0","100405","[0.2 0.8 12 12 0.6 0.015 0.55 0.15 kingdom]"
"406","0.2","0.8","12","12","0.6","0.015","0.55","0.15","kingdom","450","0","-190.35693372606158","0","0","0.0208362785918327","0.010870542520446965","28","25","9.6430662739383","465","38","450","true","6.4.0","100406","[0.2 0.8 12 12 0.6 0.015 0.55 0.15 kingdom]"
"407","0.2","0.8","12","12","0.6","0.015","0.55","0.15","kingdom","450","0","-196.32216116760725","0","0","0.029052792781926868","0.03374835242449889","37","27","3.6778388323929025","590","55","450","true","6.4.0","100407","[0.2 0.8 12 12 0.6 0.015 0.55 0.15 kingdom]"
"408","0.2","0.8","12","12","0.6","0.015","0.55","0.15","kingdom","450","0","-196.36089853953087","0","0","0.012125732762148156","6.312842466367249E-4","33","20","3.6391014604691065","415","34","450","true","6.4.0","100408","[0.2 0.8 12 12 0.6 0.015 0.55 0.15 kingdom]"
"409","0.2","0.8","12","12","0.6","0.015","0.55","0.15","kingdom","450","0","-193.29910266003236","0","0","0.019826324978503583","0.013132308824577828","30","27","6.700897339967469","595","54","450","true","6.4.0","100409","[0.2 0.8 12 12 0.6 0.015 0.55 0.15 kingdom]"
"411","0.2","0.8","12","12","0.6","0.015","0.55","0.15","kingdom","450","0","-194.55557825852756","0","0","0.008534687530298053","0.019387333944845774","35","24","5.444421741472516","515","46","450","true","6.4.0","100411","[0.2 0.8 12 12 0.6 0.015 0.55 0.15 kingdom]"
"410","0.2","0.8","12","12","0.6","0.015","0.55","0.15","kingdom","450","0","-198.25713369407023","0","0","0.010905703031662049","0.00875312780956683","29","25","1.7428663059297094","500","45","450","true","6.4.0","100410","[0.2 0.8 12 12 0.6 0.015 0.55 0.15 kingdom]"
"412","0.2","0.8","12","12","0.6","0.015","0.55","0.15","kingdom","450","0","-197.89007207734906","0","0","0.01963710337577256","0.01849558638457853","35","24","2.1099279226508223","540","44","450","true","6.4.0","100412","[0.2 0.8 12 12 0.6 0.015 0.55 0.15 kingdom]"
"413","0.2","0.8","12","12","0.6","0.015","0.55","0.15","kingdom","450","0","-197.6592542025785","0","0","0.01575253938828593","0.01032809833890219","27","24","2.340745797421384","480","38","450","true","6.4.0","100413","[0.2 0.8 12 12 0.6 0.015 0.55 0.15 kingdom]"
"414","0.2","0.8","12","12","0.6","0.015","0.55","0.15","kingdom","450","0","-195.04492952973135","0","0","0.010584002778593941","0.0037709223523537186","28","29","4.955070470268536","470","38","450","true","6.4.0","100414","[0.2 0.8 12 12 0.6 0.015 0.55 0.15 kingdom]"
"415","0.2","0.8","12","12","0.6","0.015","0.55","0.15","kingdom","450","0","-176.05516253374236","0","0","0.02861084226051613","0.03353499444653151","27","30","23.9448374662576","560","51","450","true","6.4.0","100415","[0.2 0.8 12 12 0.6 0.015 0.55 0.15 kingdom]"
"416","0.2","0.8","12","12","0.6","0.015","0.55","0.15","kingdom","450","0","-199.64005743979496","0","0","0.014161884444235913","0.0031853867568108706","27","28","0.35994256020499726","415","31","450","true","6.4.0","100416","[0.2 0.8 12 12 0.6 0.015 0.55 0.15 kingdom]"
"417","0.2","0.8","12","12","0.6","0.015","0.55","0.15","kingdom","450","0","-191.5221971049767","0","0","0.02077825473765609","0.030940929042370637","30","25","8.477802895023224","620","58","450","true","6.4.0","100417","[0.2 0.8 12 12 0.6 0.015 0.55 0.15 kingdom]"
"418","0.2","0.8","12","12","0.6","0.015","0.55","0.15","kingdom","450","0","-191.18811110457068","0","0","0.02557776792194209","0.0019297554996857993","35","23","8.811888895429309","420","32","450","true","6.4.0","100418","[0.2 0.8 12 12 0.6 0.015 0.55 0.15 kingdom]"
"419","0.2","0.8","12","12","0.6","0.015","0.55","0.15","kingdom","450","0","-196.07330071632936","0","0","0.016970620638930047","0.010114956922942094","30","25","3.9266992836706525","485","38","450","true","6.4.0","100419","[0.2 0.8 12 12 0.6 0.015 0.55 0.15 kingdom]"
"420","0.2","0.8","12","12","0.6","0.015","0.55","0.15","kingdom","450","0","-192.72993286901647","0","0","0.010916082346817724","0","29","26","7.270067130983577","410","33","450","true","6.4.0","100420","[0.2 0.8 12 12 0.6 0.015 0.55 0.15 kingdom]"
"422","0.25","0.2","12","12","0.6","0.015","0.55","0.15","kingdom","450","0","114.19625887213654","0","0","0.16572636666294846","0.05073210574926333","13","16","314.19625887213664","370","68","450","true","6.4.0","100422","[0.25 0.2 12 12 0.6 0.015 0.55 0.15 kingdom]"
"421","0.25","0.2","12","12","0.6","0.015","0.55","0.15","kingdom","450","0","105.15329857595653","0","0","0.1813116269730472","0.06369084448347788","20","22","305.15329857595674","510","81","450","true","6.4.0","100421","[0.25 0.2 12 12 0.6 0.015 0.55 0.15 kingdom]"
"423","0.25","0.2","12","12","0.6","0.015","0.55","0.15","kingdom","450","0","189.97966187869926","0","0","0.15965606242149352","0.04767266797011787","22","15","389.9796618786994","445","86","450","true","6.4.0","100423","[0.25 0.2 12 12 0.6 0.015 0.55 0.15 kingdom]"
"424","0.25","0.2","12","12","0.6","0.015","0.55","0.15","kingdom","450","0","124.66482072336208","0","0","0.1471786772537034","0.05766556792329609","21","15","324.6648207233623","435","75","450","true","6.4.0","100424","[0.25 0.2 12 12 0.6 0.015 0.55 0.15 kingdom]"
"425","0.25","0.2","12","12","0.6","0.015","0.55","0.15","kingdom","450","0","66.50108034926086","0","0","0.16001453596408027","0.03950383815644366","23","15","266.50108034926063","455","71","450","true","6.4.0","100425","[0.25 0.2 12 12 0.6 0.015 0.55 0.15 kingdom]"
"426","0.25","0.2","12","12","0.6","0.015","0.55","0.15","kingdom","450","0.03333333333333333","101.42322741841238","1","0","0.17031788770029685","0.03169521501931318","18","14","301.42322741841264","350","64","450","true","6.4.0","100426","[0.25 0.2 12 12 0.6 0.015 0.55 0.15 kingdom]"
"427","0.25","0.2","12","12","0.6","0.015","0.55","0.15","kingdom","450","0","64.59188045263302","0","0","0.16029824148527277","0.06762010271454437","17","19","264.59188045263306","455","76","450","true","6.4.0","100427","[0.25 0.2 12 12 0.6 0.015 0.55 0.15 kingdom]"
"428","0.25","0.2","12","12","0.6","0.015","0.55","0.15","kingdom","450","0","115.75711563148533","0","0","0.1478990020290876","0.034147831578500036","26","11","315.7571156314856","415","77","450","true","6.4.0","100428","[0.25 0.2 12 12 0.6 0.015 0.55 0.15 kingdom]"
"429","0.25","0.2","12","12","0.6","0.015","0.55","0.15","kingdom","450","0","102.70321042724974","0","0","0.16857322868976368","0.04057645735068069","20","11","302.70321042724976","365","64","450","true","6.4.0","100429","[0.25 0.2 12 12 0.6 0.015 0.55 0.15 kingdom]"
"430","0.25","0.2","12","12","0.6","0.015","0.55","0.15","kingdom","450","0","120.84426830929746","0","0","0.16556006539585022","0.033206349383132536","12","18","320.8442683092975","375","67","450","true","6.4.0","100430","[0.25 0.2 12 12 0.6 0.015 0.55 0.15 kingdom]"
"431","0.25","0.2","12","12","0.6","0.015","0.55","0.15","kingdom","450","0","-8.124001411653955","0","0","0.1400365023203936","0.04037119726216704","21","20","191.8759985883461","475","65","450","true","6.4.0","100431","[0.25 0.2 12 12 0.6 0.015 0.55 0.15 kingdom]"
"432","0.25","0.2","12","12","0.6","0.015","0.55","0.15","kingdom","450","0","114.68175161839056","0","0","0.17344463642328464","0.034990979161239846","15","14","314.68175161839065","330","64","450","true","6.4.0","100432","[0.25 0.2 12 12 0.6 0.015 0.55 0.15 kingdom]"
"433","0.25","0.2","12","12","0.6","0.015","0.55","0.15","kingdom","450","0","82.8111926503821","0","0","0.1494458076485031","0.040363039565248116","18","18","282.81119265038205","450","79","450","true","6.4.0","100433","[0.25 0.2 12 12 0.6 0.015 0.55 0.15 kingdom]"
"434","0.25","0.2","12","12","0.6","0.015","0.55","0.15","kingdom","450","0","-23.13235752693413","0","0","0.16163447484688978","0.046907614568754745","21","21","176.86764247306587","525","68","450","true","6.4.0","100434","[0.25 0.2 12 12 0.6 0.015 0.55 0.15 kingdom]"
"435","0.25","0.2","12","12","0.6","0.015","0.55","0.15","kingdom","450","0","-41.06339253394082","0","0","0.12543651571081874","0.024043375434824613","17","17","158.93660746605917","425","53","450","true","6.4.0","100435","[0.25 0.2 12 12 0.6 0.015 0.55 0.15 kingdom]"
"436","0.25","0.2","12","12","0.6","0.015","0.55","0.15","kingdom","450","0","127.28725345703545","0","0","0.16563029831389095","0.06334999406592806","14","18","327.2872534570353","395","68","450","true","6.4.0","100436","[0.25 0.2 12 12 0.6 0.015 0.55 0.15 kingdom]"
"437","0.25","0.2","12","12","0.6","0.015","0.55","0.15","kingdom","450","0.03333333333333333","238.91265598669975","1","0","0.18192720740901433","0.07150499323354002","17","16","438.9126559867","410","89","450","true","6.4.0","100437","[0.25 0.2 12 12 0.6 0.015 0.55 0.15 kingdom]"
"438","0.25","0.2","12","12","0.6","0.015","0.55","0.15","kingdom","450","0","144.84304301704432","0","0","0.15929384175343297","0.04195456459578864","13","14","344.843043017044","340","68","450","true","6.4.0","100438","[0.25 0.2 12 12 0.6 0.015 0.55 0.15 kingdom]"
"439","0.25","0.2","12","12","0.6","0.015","0.55","0.15","kingdom","450","0","71.95490988736147","0","0","0.12716729551884917","0.03063510246820401","21","13","271.95490988736157","395","66","450","true","6.4.0","100439","[0.25 0.2 12 12 0.6 0.015 0.55 0.15 kingdom]"
"440","0.25","0.2","12","12","0.6","0.015","0.55","0.15","kingdom","450","0","71.89356831945709","0","0","0.16330864138531714","0.04598175354226177","15","21","271.8935683194573","465","76","450","true","6.4.0","100440","[0.25 0.2 12 12 0.6 0.015 0.55 0.15 kingdom]"
"441","0.25","0.3","12","12","0.6","0.015","0.55","0.15","kingdom","450","0","-85.61033288787668","0","0","0.09275419499644405","0.034129617046129906","27","17","114.38966711212328","525","62","450","true","6.4.0","100441","[0.25 0.3 12 12 0.6 0.015 0.55 0.15 kingdom]"
"442","0.25","0.3","12","12","0.6","0.015","0.55","0.15","kingdom","450","0","153.76610734422783","0","0","0.1401744491061564","0.06287418161879801","14","18","353.7661073442275","410","77","450","true","6.4.0","100442","[0.25 0.3 12 12 0.6 0.015 0.55 0.15 kingdom]"
"443","0.25","0.3","12","12","0.6","0.015","0.55","0.15","kingdom","450","0","-96.4979737917432","0","0","0.10641421436317366","0.032227192631312594","24","18","103.50202620825678","500","56","450","true","6.4.0","100443","[0.25 0.3 12 12 0.6 0.015 0.55 0.15 kingdom]"
"445","0.25","0.3","12","12","0.6","0.015","0.55","0.15","kingdom","450","0","44.00724095837469","0","0","0.15979746061668335","0.05025244110510284","21","21","244.00724095837452","495","73","450","true","6.4.0","100445","[0.25 0.3 12 12 0.6 0.015 0.55 0.15 kingdom]"
"444","0.25","0.3","12","12","0.6","0.015","0.55","0.15","kingdom","450","0","-29.221839763958258","0","0","0.13085783853249747","0.026673485124991996","20","18","170.7781602360417","460","55","450","true","6.4.0","100444","[0.25 0.3 12 12 0.6 0.015 0.55 0.15 kingdom]"
"446","0.25","0.3","12","12","0.6","0.015","0.55","0.15","kingdom","450","0","-68.6680891568033","0","0","0.10911859921664761","0.024597503246054152","14","22","131.33191084319694","455","59","450","true","6.4.0","100446","[0.25 0.3 12 12 0.6 0.015 0.55 0.15 kingdom]"
"448","0.25","0.3","12","12","0.6","0.015","0.55","0.15","kingdom","450","0","148.59878213923068","0","0","0.12678665917136106","0.045469160321313276","10","18","348.5987821392308","360","69","450","true","6.4.0","100448","[0.25 0.3 12 12 0.6 0.015 0.55 0.15 kingdom]"
"447","0.25","0.3","12","12","0.6","0.015","0.55","0.15","kingdom","450","0","49.104282535575514","0","0","0.12390973194479579","0.037371692372237336","15","18","249.10428253557603","420","66","450","true","6.4.0","100447","[0.25 0.3 12 12 0.6 0.015 0.55 0.15 kingdom]"
"449","0.25","0.3","12","12","0.6","0.015","0.55","0.15","kingdom","450","0","104.67749008263989","0","0","0.1576994270576499","0.05897189871766195","20","21","304.6774900826401","475","79","450","true","6.4.0","100449","[0.25 0.3 12 12 0.6 0.015 0.55 0.15 kingdom]"
"450","0.25","0.3","12","12","0.6","0.015","0.55","0.15","kingdom","450","0","33.98343779843937","0","0","0.11255432408221355","0.05656921143145543","12","27","233.98343779843947","525","75","450","true","6.4.0","100450","[0.25 0.3 12 12 0.6 0.015 0.55 0.15 kingdom]"
"451","0.25","0.3","12","12","0.6","0.015","0.55","0.15","kingdom","450","0","54.451356254076714","0","0","0.12533601440017086","0.06151124836694833","14","25","254.45135625407676","505","76","450","true","6.4.0","100451","[0.25 0.3 12 12 0.6 0.015 0.55 0.15 kingdom]"
"452","0.25","0.3","12","12","0.6","0.015","0.55","0.15","kingdom","450","0","-97.89466450821739","0","0","0.12042830578513257","0.05574103357110353","26","18","102.10533549178255","520","63","450","true","6.4.0","100452","[0.25 0.3 12 12 0.6 0.015 0.55 0.15 kingdom]"
"453","0.25","0.3","12","12","0.6","0.015","0.55","0.15","kingdom","450","0.03333333333333333","61.50305234004634","1","0","0.159605129097435","0.07954011199246598","22","24","261.50305234004634","560","83","450","true","6.4.0","100453","[0.25 0.3 12 12 0.6 0.015 0.55 0.15 kingdom]"
"454","0.25","0.3","12","12","0.6","0.015","0.55","0.15","kingdom","450","0","208.36124509982636","0","0","0.17360250431995045","0.058474613300759204","16","16","408.36124509982636","400","83","450","true","6.4.0","100454","[0.25 0.3 12 12 0.6 0.015 0.55 0.15 kingdom]"
"455","0.25","0.3","12","12","0.6","0.015","0.55","0.15","kingdom","450","0","-107.0117699900549","0","0","0.14080553863804232","0.04803816956880209","28","26","92.98823000994517","660","79","450","true","6.4.0","100455","[0.25 0.3 12 12 0.6 0.015 0.55 0.15 kingdom]"
"456","0.25","0.3","12","12","0.6","0.015","0.55","0.15","kingdom","450","0","150.3661182423148","0","0","0.1469574420617859","0.0495708885256476","14","16","350.36611824231494","365","71","450","true","6.4.0","100456","[0.25 0.3 12 12 0.6 0.015 0.55 0.15 kingdom]"
"457","0.25","0.3","12","12","0.6","0.015","0.55","0.15","kingdom","450","0","101.30951516166766","0","0","0.12389786523906379","0.02745717815124165","17","13","301.3095151616676","365","69","450","true","6.4.0","100457","[0.25 0.3 12 12 0.6 0.015 0.55 0.15 kingdom]"
"458","0.25","0.3","12","12","0.6","0.015","0.55","0.15","kingdom","450","0","101.74842387370914","0","0","0.1403061458131842","0.05540461882314428","17","19","301.7484238737091","455","76","450","true","6.4.0","100458","[0.25 0.3 12 12 0.6 0.015 0.55 0.15 kingdom]"
"459","0.25","0.3","12","12","0.6","0.015","0.55","0.15","kingdom","450","0","-125.59736460668661","0","0","0.1260750205711284","0.054003271868163845","21","28","74.40263539331347","590","67","450","true","6.4.0","100459","[0.25 0.3 12 12 0.6 0.015 0.55 0.15 kingdom]"
"460","0.25","0.3","12","12","0.6","0.015","0.55","0.15","kingdom","450","0","-187.38794080860328","0","0","0.12841301532588972","0.022890728771024823","27","20","12.612059191396725","520","45","450","true","6.4.0","100460","[0.25 0.3 12 12 0.6 0.015 0.55 0.15 kingdom]"
"461","0.25","0.4","12","12","0.6","0.015","0.55","0.15","kingdom","450","0","-58.609150432513005","0","0","0.07514401494001968","0.016861643503981692","20","14","141.39084956748707","410","50","450","true","6.4.0","100461","[0.25 0.4 12 12 0.6 0.015 0.55 0.15 kingdom]"
"463","0.25","0.4","12","12","0.6","0.015","0.55","0.15","kingdom","450","0.03333333333333333","73.3840752561611","1","0","0.14640323368684796","0.05133756524824069","22","18","273.3840752561612","465","76","450","true","6.4.0","100463","[0.25 0.4 12 12 0.6 0.015 0.55 0.15 kingdom]"
"462","0.25","0.4","12","12","0.6","0.015","0.55","0.15","kingdom","450","0","76.704584520454","0","0","0.14623269735092617","0.026154837704015645","21","11","276.7045845204539","375","66","450","true","6.4.0","100462","[0.25 0.4 12 12 0.6 0.015 0.55 0.15 kingdom]"
"464","0.25","0.4","12","12","0.6","0.015","0.55","0.15","kingdom","450","0.03333333333333333","-170.3857148420309","1","0","0.11453803240772183","0.0470712388766164","26","26","29.614285157969285","635","65","450","true","6.4.0","100464","[0.25 0.4 12 12 0.6 0.015 0.55 0.15 kingdom]"
"465","0.25","0.4","12","12","0.6","0.015","0.55","0.15","kingdom","450","0","54.243782052176435","0","0","0.0848386524131933","0.025574928124774444","16","17","254.24378205217647","390","60","450","true","6.4.0","100465","[0.25 0.4 12 12 0.6 0.015 0.55 0.15 kingdom]"
"466","0.25","0.4","12","12","0.6","0.015","0.55","0.15","kingdom","450","0","-109.19609720779354","0","0","0.14441874462162846","0.05114883588993777","26","24","90.80390279220632","620","66","450","true","6.4.0","100466","[0.25 0.4 12 12 0.6 0.015 0.55 0.15 kingdom]"
"467","0.25","0.4","12","12","0.6","0.015","0.55","0.15","kingdom","450","0","-98.91056028523201","0","0","0.12345725692579375","0.03051016849351413","26","21","101.08943971476782","550","64","450","true","6.4.0","100467","[0.25 0.4 12 12 0.6 0.015 0.55 0.15 kingdom]"
"468","0.25","0.4","12","12","0.6","0.015","0.55","0.15","kingdom","450","0","-71.07601584275588","0","0","0.10009424516122313","0.043691456889903994","19","22","128.92398415724398","495","58","450","true","6.4.0","100468","[0.25 0.4 12 12 0.6 0.015 0.55 0.15 kingdom]"
"469","0.25","0.4","12","12","0.6","0.015","0.55","0.15","kingdom","450","0","-50.54593651582725","0","0","0.12056558434528088","0.04465469233530983","23","21","149.45406348417285","545","65","450","true","6.4.0","100469","[0.25 0.4 12 12 0.6 0.015 0.55 0.15 kingdom]"
"470","0.25","0.4","12","12","0.6","0.015","0.55","0.15","kingdom","450","0","-6.421714567580212","0","0","0.13101194968745478","0.06711232215463109","18","30","193.57828543241982","605","80","450","true","6.4.0","100470","[0.25 0.4 12 12 0.6 0.015 0.55 0.15 kingdom]"
"471","0.25","0.4","12","12","0.6","0.015","0.55","0.15","kingdom","450","0","-190.03319366649416","0","0","0.06781912231242909","3.160086786941203E-4","27","20","9.966806333505716","395","29","450","true","6.4.0","100471","[0.25 0.4 12 12 0.6 0.015 0.55 0.15 kingdom]"
"472","0.25","0.4","12","12","0.6","0.015","0.55","0.15","kingdom","450","0","-199.32166836236735","0","0","0.12012554660257237","0.022741688228388124","30","19","0.6783316376325814","545","48","450","true","6.4.0","100472","[0.25 0.4 12 12 0.6 0.015 0.55 0.15 kingdom]"
"473","0.25","0.4","12","12","0.6","0.015","0.55","0.15","kingdom","450","0","-89.8670406075014","0","0","0.09823784878145893","0.03215863809052639","28","18","110.13295939249872","550","64","450","true","6.4.0","100473","[0.25 0.4 12 12 0.6 0.015 0.55 0.15 kingdom]"
"474","0.25","0.4","12","12","0.6","0.015","0.55","0.15","kingdom","450","0","-114.43432845451973","0","0","0.11609043931157567","0.04354756132836347","25","23","85.56567154548013","585","66","450","true","6.4.0","100474","[0.25 0.4 12 12 0.6 0.015 0.55 0.15 kingdom]"
"475","0.25","0.4","12","12","0.6","0.015","0.55","0.15","kingdom","450","0","-150.31633161296602","0","0","0.082111054991917","0.019670221674122298","25","19","49.68366838703394","535","58","450","true","6.4.0","100475","[0.25 0.4 12 12 0.6 0.015 0.55 0.15 kingdom]"
"478","0.25","0.4","12","12","0.6","0.015","0.55","0.15","kingdom","450","0","-191.10000233813392","0","0","0.11908110700507371","0.008002162162124314","21","26","8.899997661866","460","36","450","true","6.4.0","100478","[0.25 0.4 12 12 0.6 0.015 0.55 0.15 kingdom]"
"476","0.25","0.4","12","12","0.6","0.015","0.55","0.15","kingdom","450","0","-186.61964142305703","0","0","0.06778203205632422","0.023738403222404166","26","29","13.3803585769429","585","53","450","true","6.4.0","100476","[0.25 0.4 12 12 0.6 0.015 0.55 0.15 kingdom]"
"477","0.25","0.4","12","12","0.6","0.015","0.55","0.15","kingdom","450","0.03333333333333333","53.25137771629125","1","0","0.12632606188600948","0.055034844240661504","24","20","253.25137771629107","540","84","450","true","6.4.0","100477","[0.25 0.4 12 12 0.6 0.015 0.55 0.15 kingdom]"
"479","0.25","0.4","12","12","0.6","0.015","0.55","0.15","kingdom","450","0","-177.6106189483235","0","0","0.06569924220975398","0.02058658029714641","24","21","22.389381051676473","460","41","450","true","6.4.0","100479","[0.25 0.4 12 12 0.6 0.015 0.55 0.15 kingdom]"
"480","0.25","0.4","12","12","0.6","0.015","0.55","0.15","kingdom","450","0","-180.22657221744643","0","0","0.10047825145064856","0.030612752000955198","29","24","19.773427782553497","620","65","450","true","6.4.0","100480","[0.25 0.4 12 12 0.6 0.015 0.55 0.15 kingdom]"
"481","0.25","0.5","12","12","0.6","0.015","0.55","0.15","kingdom","450","0","-186.99517792582196","0","0","0.07160011907144165","0.030086283650541737","19","23","13.004822074177998","505","43","450","true","6.4.0","100481","[0.25 0.5 12 12 0.6 0.015 0.55 0.15 kingdom]"
"482","0.25","0.5","12","12","0.6","0.015","0.55","0.15","kingdom","450","0","-199.7194986954755","0","0","0.09261466600014177","0.016010084872463658","25","27","0.28050130452463407","580","56","450","true","6.4.0","100482","[0.25 0.5 12 12 0.6 0.015 0.55 0.15 kingdom]"
"483","0.25","0.5","12","12","0.6","0.015","0.55","0.15","kingdom","450","0","-196.38699844741137","0","0","0.08305994097522151","0.024686854799402295","35","27","3.613001552588779","570","51","450","true","6.4.0","100483","[0.25 0.5 12 12 0.6 0.015 0.55 0.15 kingdom]"
"484","0.25","0.5","12","12","0.6","0.015","0.55","0.15","kingdom","450","0","-103.60591246622344","0","0","0.08783859436233583","0.07807260538581075","32","26","96.3940875337765","695","76","450","true","6.4.0","100484","[0.25 0.5 12 12 0.6 0.015 0.55 0.15 kingdom]"
"485","0.25","0.5","12","12","0.6","0.015","0.55","0.15","kingdom","450","0","-166.7464342826959","0","0","0.10306287925098387","0.04468761377778745","24","30","33.253565717304234","665","66","450","true","6.4.0","100485","[0.25 0.5 12 12 0.6 0.015 0.55 0.15 kingdom]"
"486","0.25","0.5","12","12","0.6","0.015","0.55","0.15","kingdom","450","0","-190.01855566113508","0","0","0.0976576374216845","0.03553466484835175","25","27","9.981444338864852","570","54","450","true","6.4.0","100486","[0.25 0.5 12 12 0.6 0.015 0.55 0.15 kingdom]"
"487","0.25","0.5","12","12","0.6","0.015","0.55","0.15","kingdom","450","0","-172.48711818811907","0","0","0.09251197863904727","0.030686131935389837","22","23","27.512881811880902","565","55","450","true","6.4.0","100487","[0.25 0.5 12 12 0.6 0.015 0.55 0.15 kingdom]"
"488","0.25","0.5","12","12","0.6","0.015","0.55","0.15","kingdom","450","0","-196.53462517063141","0","0","0.12428805637760314","0.03949871787457818","31","30","3.465374829368514","710","69","450","true","6.4.0","100488","[0.25 0.5 12 12 0.6 0.015 0.55 0.15 kingdom]"
"489","0.25","0.5","12","12","0.6","0.015","0.55","0.15","kingdom","450","0","-183.6652781803016","0","0","0.10236885884916612","0.031817978009367434","22","24","16.334721819698352","580","56","450","true","6.4.0","100489","[0.25 0.5 12 12 0.6 0.015 0.55 0.15 kingdom]"
"490","0.25","0.5","12","12","0.6","0.015","0.55","0.15","kingdom","450","0","-182.2042491494617","0","0","0.054388378092897746","0.03617778092564019","33","28","17.79575085053824","705","69","450","true","6.4.0","100490","[0.25 0.5 12 12 0.6 0.015 0.55 0.15 kingdom]"
"491","0.25","0.5","12","12","0.6","0.015","0.55","0.15","kingdom","450","0","-166.16948190288895","0","0","0.0988512463696222","0.0351049454083623","23","25","33.830518097111174","605","58","450","true","6.4.0","100491","[0.25 0.5 12 12 0.6 0.015 0.55 0.15 kingdom]"
"492","0.25","0.5","12","12","0.6","0.015","0.55","0.15","kingdom","450","0","-74.68370390653406","0","0","0.10504806781272352","0.03501784714888569","27","22","125.31629609346605","580","71","450","true","6.4.0","100492","[0.25 0.5 12 12 0.6 0.015 0.55 0.15 kingdom]"
"493","0.25","0.5","12","12","0.6","0.015","0.55","0.15","kingdom","450","0","-60.57147454115098","0","0","0.11511309112048976","0.03980906139443571","19","23","139.42852545884898","535","67","450","true","6.4.0","100493","[0.25 0.5 12 12 0.6 0.015 0.55 0.15 kingdom]"
"494","0.25","0.5","12","12","0.6","0.015","0.55","0.15","kingdom","450","0","59.91834525921186","0","0","0.12003958230777438","0.05393994618055205","28","24","259.91834525921195","600","86","450","true","6.4.0","100494","[0.25 0.5 12 12 0.6 0.015 0.55 0.15 kingdom]"
"495","0.25","0.5","12","12","0.6","0.015","0.55","0.15","kingdom","450","0.03333333333333333","-40.376915847037885","1","0","0.07131033850195831","0.06228095313437656","29","24","159.62308415296215","635","79","450","true","6.4.0","100495","[0.25 0.5 12 12 0.6 0.015 0.55 0.15 kingdom]"
"496","0.25","0.5","12","12","0.6","0.015","0.55","0.15","kingdom","450","0","23.722115866510286","0","0","0.12080475363770496","0.04749510788233951","29","12","223.72211586651034","445","63","450","true","6.4.0","100496","[0.25 0.5 12 12 0.6 0.015 0.55 0.15 kingdom]"
"497","0.25","0.5","12","12","0.6","0.015","0.55","0.15","kingdom","450","0","-63.5299445026925","0","0","0.08393302598881626","0.03337355470655914","27","23","136.47005549730738","585","69","450","true","6.4.0","100497","[0.25 0.5 12 12 0.6 0.015 0.55 0.15 kingdom]"
"500","0.25","0.5","12","12","0.6","0.015","0.55","0.15","kingdom","450","0","-184.5881020519223","0","0","0.10892155232550259","0.025959961989679738","30","28","15.411897948077664","590","57","450","true","6.4.0","100500","[0.25 0.5 12 12 0.6 0.015 0.55 0.15 kingdom]"
"498","0.25","0.5","12","12","0.6","0.015","0.55","0.15","kingdom","450","0","-119.54118618092464","0","0","0.09828200086014452","0.045927474154585674","29","20","80.45881381907542","590","65","450","true","6.4.0","100498","[0.25 0.5 12 12 0.6 0.015 0.55 0.15 kingdom]"
"499","0.25","0.5","12","12","0.6","0.015","0.55","0.15","kingdom","450","0","-117.1382759038326","0","0","0.09777018138651675","0.05419809996524193","27","28","82.8617240961673","675","75","450","true","6.4.0","100499","[0.25 0.5 12 12 0.6 0.015 0.55 0.15 kingdom]"
"501","0.25","0.6","12","12","0.6","0.015","0.55","0.15","kingdom","450","0","-185.2135905058527","0","0","0.03372292978117734","0.008595172083482601","21","25","14.786409494147346","405","30","450","true","6.4.0","100501","[0.25 0.6 12 12 0.6 0.015 0.55 0.15 kingdom]"
"502","0.25","0.6","12","12","0.6","0.015","0.55","0.15","kingdom","450","0","-184.7704410834304","0","0","0.09375912298391899","0.030479909627839676","21","30","15.229558916569697","630","62","450","true","6.4.0","100502","[0.25 0.6 12 12 0.6 0.015 0.55 0.15 kingdom]"
"504","0.25","0.6","12","12","0.6","0.015","0.55","0.15","kingdom","450","0","-197.7672586437825","0","0","0.032783791581315606","0.0017674912776143705","30","21","2.232741356217499","340","22","450","true","6.4.0","100504","[0.25 0.6 12 12 0.6 0.015 0.55 0.15 kingdom]"
"503","0.25","0.6","12","12","0.6","0.015","0.55","0.15","kingdom","450","0","-193.30051122414585","0","0","0.07164159349025052","0.02601781545125307","29","25","6.699488775854192","595","52","450","true","6.4.0","100503","[0.25 0.6 12 12 0.6 0.015 0.55 0.15 kingdom]"
"506","0.25","0.6","12","12","0.6","0.015","0.55","0.15","kingdom","450","0","-191.54475531641503","0","0","0.05745499031506498","0.0229657543294336","27","21","8.455244683584926","530","48","450","true","6.4.0","100506","[0.25 0.6 12 12 0.6 0.015 0.55 0.15 kingdom]"
"505","0.25","0.6","12","12","0.6","0.015","0.55","0.15","kingdom","450","0","-190.05393978585985","0","0","0.06821056422899634","0.020856468676569463","40","25","9.946060214140243","590","57","450","true","6.4.0","100505","[0.25 0.6 12 12 0.6 0.015 0.55 0.15 kingdom]"
"507","0.25","0.6","12","12","0.6","0.015","0.55","0.15","kingdom","450","0","-169.4227211059338","0","0","0.053042395095325386","0.03290040604561413","30","23","30.57727889406626","590","60","450","true","6.4.0","100507","[0.25 0.6 12 12 0.6 0.015 0.55 0.15 kingdom]"
"508","0.25","0.6","12","12","0.6","0.015","0.55","0.15","kingdom","450","0","-178.2200460728376","0","0","0.0635857006693611","0.015113758034892056","25","28","21.77995392716247","490","42","450","true","6.4.0","100508","[0.25 0.6 12 12 0.6 0.015 0.55 0.15 kingdom]"
"509","0.25","0.6","12","12","0.6","0.015","0.55","0.15","kingdom","450","0","-187.45069728328244","0","0","0.09955257179393323","0.033591574765784664","34","23","12.549302716717406","630","63","450","true","6.4.0","100509","[0.25 0.6 12 12 0.6 0.015 0.55 0.15 kingdom]"
"510","0.25","0.6","12","12","0.6","0.015","0.55","0.15","kingdom","450","0","-199.62746591269678","0","0","0.06547536283946369","0.015477688603191668","32","22","0.37253408730319393","510","43","450","true","6.4.0","100510","[0.25 0.6 12 12 0.6 0.015 0.55 0.15 kingdom]"
"512","0.25","0.6","12","12","0.6","0.015","0.55","0.15","kingdom","450","0","-195.97412729607467","0","0","0.04218252901029248","0.0029538474445260725","29","24","4.025872703925302","465","40","450","true","6.4.0","100512","[0.25 0.6 12 12 0.6 0.015 0.55 0.15 kingdom]"
"511","0.25","0.6","12","12","0.6","0.015","0.55","0.15","kingdom","450","0","-118.3006270960357","0","0","0.05535868494333708","0.041943006434591604","29","23","81.69937290396439","625","70","450","true","6.4.0","100511","[0.25 0.6 12 12 0.6 0.015 0.55 0.15 kingdom]"
"513","0.25","0.6","12","12","0.6","0.015","0.55","0.15","kingdom","450","0","-199.3799273500799","0","0","0.08359434016635453","0.010433342585304706","30","24","0.6200726499200737","465","41","450","true","6.4.0","100513","[0.25 0.6 12 12 0.6 0.015 0.55 0.15 kingdom]"
"514","0.25","0.6","12","12","0.6","0.015","0.55","0.15","kingdom","450","0","-121.75321497588254","0","0","0.06191451466047506","0.03917939723927525","27","21","78.24678502411753","565","61","450","true","6.4.0","100514","[0.25 0.6 12 12 0.6 0.015 0.55 0.15 kingdom]"
"515","0.25","0.6","12","12","0.6","0.015","0.55","0.15","kingdom","450","0","-144.488679840765","0","0","0.052965560265537684","0.030802423039686236","27","25","55.51132015923494","610","63","450","true","6.4.0","100515","[0.25 0.6 12 12 0.6 0.015 0.55 0.15 kingdom]"
"516","0.25","0.6","12","12","0.6","0.015","0.55","0.15","kingdom","450","0","-194.70349858220783","0","0","0.06674975049393359","0.026939430585257124","29","31","5.296501417792239","660","64","450","true","6.4.0","100516","[0.25 0.6 12 12 0.6 0.015 0.55 0.15 kingdom]"
"517","0.25","0.6","12","12","0.6","0.015","0.55","0.15","kingdom","450","0","-124.41370805853256","0","0","0.03793376546468584","0.016456521539868034","24","18","75.5862919414674","500","52","450","true","6.4.0","100517","[0.25 0.6 12 12 0.6 0.015 0.55 0.15 kingdom]"
"518","0.25","0.6","12","12","0.6","0.015","0.55","0.15","kingdom","450","0","-170.32190149862637","0","0","0.08484588492544644","0.04632612111078375","35","21","29.67809850137366","645","66","450","true","6.4.0","100518","[0.25 0.6 12 12 0.6 0.015 0.55 0.15 kingdom]"
"520","0.25","0.6","12","12","0.6","0.015","0.55","0.15","kingdom","450","0","-197.97072276375874","0","0","0.04745658172074587","0.008697130303123005","30","28","2.0292772362412155","520","44","450","true","6.4.0","100520","[0.25 0.6 12 12 0.6 0.015 0.55 0.15 kingdom]"
"519","0.25","0.6","12","12","0.6","0.015","0.55","0.15","kingdom","450","0","-189.0799251432482","0","0","0.0787166519700165","0.014434956590724616","30","21","10.920074856751647","540","51","450","true","6.4.0","100519","[0.25 0.6 12 12 0.6 0.015 0.55 0.15 kingdom]"
"521","0.25","0.7","12","12","0.6","0.015","0.55","0.15","kingdom","450","0","-194.32504809846873","0","0","0.04437988698619333","0.0065750736619672925","34","25","5.674951901531305","475","39","450","true","6.4.0","100521","[0.25 0.7 12 12 0.6 0.015 0.55 0.15 kingdom]"
"522","0.25","0.7","12","12","0.6","0.015","0.55","0.15","kingdom","450","0","-196.06460674587228","0","0","0.06021412137153362","0.00141988740227976","31","20","3.935393254127833","415","30","450","true","6.4.0","100522","[0.25 0.7 12 12 0.6 0.015 0.55 0.15 kingdom]"
"523","0.25","0.7","12","12","0.6","0.015","0.55","0.15","kingdom","450","0","-176.9845391184606","0","0","0.04193262114095746","0.01261227839241106","24","24","23.015460881539383","445","38","450","true","6.4.0","100523","[0.25 0.7 12 12 0.6 0.015 0.55 0.15 kingdom]"
"524","0.25","0.7","12","12","0.6","0.015","0.55","0.15","kingdom","450","0","-197.29346246271467","0","0","0.05176067988063706","0.028788668989673766","31","27","2.7065375372853655","560","49","450","true","6.4.0","100524","[0.25 0.7 12 12 0.6 0.015 0.55 0.15 kingdom]"
"525","0.25","0.7","12","12","0.6","0.015","0.55","0.15","kingdom","450","0","-186.07601567423566","0","0","0.02754979820744341","0.024905881291752956","28","29","13.923984325764277","580","51","450","true","6.4.0","100525","[0.25 0.7 12 12 0.6 0.015 0.55 0.15 kingdom]"
"526","0.25","0.7","12","12","0.6","0.015","0.55","0.15","kingdom","450","0.03333333333333333","54.97013441531254","1","0","0.07774204126599858","0.09017657728924457","25","22","254.97013441531266","555","80","450","true","6.4.0","100526","[0.25 0.7 12 12 0.6 0.015 0.55 0.15 kingdom]"
"529","0.25","0.7","12","12","0.6","0.015","0.55","0.15","kingdom","450","0","-190.7634990983229","0","0","0.029536235790285716","0.005086206380772055","32","22","9.23650090167704","455","39","450","true","6.4.0","100529","[0.25 0.7 12 12 0.6 0.015 0.55 0.15 kingdom]"
"528","0.25","0.7","12","12","0.6","0.015","0.55","0.15","kingdom","450","0","-198.86173085967272","0","0","0.03624197661200401","0.014767333242544907","29","25","1.138269140327207","530","46","450","true","6.4.0","100528","[0.25 0.7 12 12 0.6 0.015 0.55 0.15 kingdom]"
"527","0.25","0.7","12","12","0.6","0.015","0.55","0.15","kingdom","450","0.03333333333333333","-106.64318489963378","1","0","0.09078683501926196","0.05348407307215213","30","25","93.35681510036619","645","73","450","true","6.4.0","100527","[0.25 0.7 12 12 0.6 0.015 0.55 0.15 kingdom]"
"531","0.25","0.7","12","12","0.6","0.015","0.55","0.15","kingdom","450","0","-184.52356748249713","0","0","0.05283509414574367","0.021999372879517864","34","24","15.476432517502865","525","46","450","true","6.4.0","100531","[0.25 0.7 12 12 0.6 0.015 0.55 0.15 kingdom]"
"530","0.25","0.7","12","12","0.6","0.015","0.55","0.15","kingdom","450","0","-187.17576489147675","0","0","0.04714124099732893","0.02671691350407687","37","24","12.824235108523286","615","61","450","true","6.4.0","100530","[0.25 0.7 12 12 0.6 0.015 0.55 0.15 kingdom]"
"532","0.25","0.7","12","12","0.6","0.015","0.55","0.15","kingdom","450","0","-199.78038946426798","0","0","0.0394747618021226","0.006751848405675361","32","27","0.21961053573199685","485","38","450","true","6.4.0","100532","[0.25 0.7 12 12 0.6 0.015 0.55 0.15 kingdom]"
"533","0.25","0.7","12","12","0.6","0.015","0.55","0.15","kingdom","450","0","-157.14340459890448","0","0","0.04272245983324975","0.03479021732724366","32","18","42.8565954010955","565","55","450","true","6.4.0","100533","[0.25 0.7 12 12 0.6 0.015 0.55 0.15 kingdom]"
"534","0.25","0.7","12","12","0.6","0.015","0.55","0.15","kingdom","450","0","-191.96561917213202","0","0","0.017277568074214007","0","31","22","8.034380827867968","380","28","450","true","6.4.0","100534","[0.25 0.7 12 12 0.6 0.015 0.55 0.15 kingdom]"
"536","0.25","0.7","12","12","0.6","0.015","0.55","0.15","kingdom","450","0","-196.41753454526034","0","0","0.009786421965068936","0.0018047392326037582","33","23","3.5824654547397046","420","33","450","true","6.4.0","100536","[0.25 0.7 12 12 0.6 0.015 0.55 0.15 kingdom]"
"535","0.25","0.7","12","12","0.6","0.015","0.55","0.15","kingdom","450","0","-185.98702812369677","0","0","0.055012090892219236","0.0337585065167184","36","22","14.012971876303173","590","59","450","true","6.4.0","100535","[0.25 0.7 12 12 0.6 0.015 0.55 0.15 kingdom]"
"537","0.25","0.7","12","12","0.6","0.015","0.55","0.15","kingdom","450","0","-183.8312265617663","0","0","0.043476371387406926","0.007061043980221181","27","27","16.16877343823373","465","40","450","true","6.4.0","100537","[0.25 0.7 12 12 0.6 0.015 0.55 0.15 kingdom]"
"538","0.25","0.7","12","12","0.6","0.015","0.55","0.15","kingdom","450","0","-191.9906400912897","0","0","0.028598763340298757","0.00497920394038112","31","21","8.009359908710232","430","33","450","true","6.4.0","100538","[0.25 0.7 12 12 0.6 0.015 0.55 0.15 kingdom]"
"539","0.25","0.7","12","12","0.6","0.015","0.55","0.15","kingdom","450","0","-193.72535093111549","0","0","0.0723497285440122","0.028610792931510056","26","26","6.27464906888455","580","52","450","true","6.4.0","100539","[0.25 0.7 12 12 0.6 0.015 0.55 0.15 kingdom]"
"540","0.25","0.7","12","12","0.6","0.015","0.55","0.15","kingdom","450","0","-192.80541157448738","0","0","0.030726608222505888","0.00259057848805896","33","20","7.194588425512551","430","33","450","true","6.4.0","100540","[0.25 0.7 12 12 0.6 0.015 0.55 0.15 kingdom]"
"541","0.25","0.8","12","12","0.6","0.015","0.55","0.15","kingdom","450","0","-184.26935341087673","0","0","0.03445431059856176","0.03934706676463051","28","23","15.730646589123165","600","58","450","true","6.4.0","100541","[0.25 0.8 12 12 0.6 0.015 0.55 0.15 kingdom]"
"542","0.25","0.8","12","12","0.6","0.015","0.55","0.15","kingdom","450","0","-190.31282596478945","0","0","0.020447158738390914","0.007796181080166705","30","25","9.687174035210457","465","39","450","true","6.4.0","100542","[0.25 0.8 12 12 0.6 0.015 0.55 0.15 kingdom]"
"543","0.25","0.8","12","12","0.6","0.015","0.55","0.15","kingdom","450","0","-187.30616443934235","0","0","0.026055755685050017","0.005624651760052857","22","27","12.693835560657693","380","28","450","true","6.4.0","100543","[0.25 0.8 12 12 0.6 0.015 0.55 0.15 kingdom]"
"544","0.25","0.8","12","12","0.6","0.015","0.55","0.15","kingdom","450","0","-188.13234148012126","0","0","0.04972015085829288","0.03455502560826031","30","32","11.867658519878592","680","67","450","true","6.4.0","100544","[0.25 0.8 12 12 0.6 0.015 0.55 0.15 kingdom]"
"545","0.25","0.8","12","12","0.6","0.015","0.55","0.15","kingdom","450","0","-193.86434994577107","0","0","0.018917907818963967","0.005925372932688385","23","26","6.135650054228897","380","26","450","true","6.4.0","100545","[0.25 0.8 12 12 0.6 0.015 0.55 0.15 kingdom]"
"546","0.25","0.8","12","12","0.6","0.015","0.55","0.15","kingdom","450","0","-193.23989119991975","0","0","0.03349364508474439","0.03637925784496141","36","22","6.760108800080161","570","51","450","true","6.4.0","100546","[0.25 0.8 12 12 0.6 0.015 0.55 0.15 kingdom]"
"547","0.25","0.8","12","12","0.6","0.015","0.55","0.15","kingdom","450","0","-191.38709261480145","0","0","0.018741256291598167","0.003250020379338281","31","23","8.612907385198607","430","30","450","true","6.4.0","100547","[0.25 0.8 12 12 0.6 0.015 0.55 0.15 kingdom]"
"548","0.25","0.8","12","12","0.6","0.015","0.55","0.15","kingdom","450","0","-198.748635483445","0","0","0.01889747810071322","0.0028817735950765954","22","30","1.2513645165550145","500","43","450","true","6.4.0","100548","[0.25 0.8 12 12 0.6 0.015 0.55 0.15 kingdom]"
"549","0.25","0.8","12","12","0.6","0.015","0.55","0.15","kingdom","450","0","-197.2292802695151","0","0","0.035940468019941996","0.033178960297279646","40","25","2.7707197304847053","635","62","450","true","6.4.0","100549","[0.25 0.8 12 12 0.6 0.015 0.55 0.15 kingdom]"
"550","0.25","0.8","12","12","0.6","0.015","0.55","0.15","kingdom","450","0","-198.987933681891","0","0","0.020488386338081574","0.008754494998459312","27","28","1.012066318108955","460","38","450","true","6.4.0","100550","[0.25 0.8 12 12 0.6 0.015 0.55 0.15 kingdom]"
"551","0.25","0.8","12","12","0.6","0.015","0.55","0.15","kingdom","450","0","-171.420113459325","0","0","0.06271204717457854","0.026376646270288396","32","23","28.579886540675105","550","54","450","true","6.4.0","100551","[0.25 0.8 12 12 0.6 0.015 0.55 0.15 kingdom]"
"552","0.25","0.8","12","12","0.6","0.015","0.55","0.15","kingdom","450","0","-194.60931162740545","0","0","0.015733197911352192","0.0016720314440606908","31","19","5.390688372594594","355","25","450","true","6.4.0","100552","[0.25 0.8 12 12 0.6 0.015 0.55 0.15 kingdom]"
"554","0.25","0.8","12","12","0.6","0.015","0.55","0.15","kingdom","450","0","-196.74199015973682","0","0","0.03133206403625455","0.0131211533004442","32","26","3.2580098402633553","475","36","450","true","6.4.0","100554","[0.25 0.8 12 12 0.6 0.015 0.55 0.15 kingdom]"
"553","0.25","0.8","12","12","0.6","0.015","0.55","0.15","kingdom","450","0","-192.30040428392903","0","0","0.03911938113172452","0.02857130735107481","26","30","7.699595716071034","625","61","450","true","6.4.0","100553","[0.25 0.8 12 12 0.6 0.015 0.55 0.15 kingdom]"
"555","0.25","0.8","12","12","0.6","0.015","0.55","0.15","kingdom","450","0","-193.74292486164657","0","0","0.04019698198417599","0.010990146197263566","29","27","6.25707513835339","510","46","450","true","6.4.0","100555","[0.25 0.8 12 12 0.6 0.015 0.55 0.15 kingdom]"
"556","0.25","0.8","12","12","0.6","0.015","0.55","0.15","kingdom","450","0","-197.53277458946792","0","0","0.02459080716070067","0.0011352194798548616","31","24","2.4672254105319826","405","29","450","true","6.4.0","100556","[0.25 0.8 12 12 0.6 0.015 0.55 0.15 kingdom]"
"557","0.25","0.8","12","12","0.6","0.015","0.55","0.15","kingdom","450","0","-179.4624124559121","0","0","0.025730853442799576","0.02438385845231748","41","24","20.5375875440878","610","56","450","true","6.4.0","100557","[0.25 0.8 12 12 0.6 0.015 0.55 0.15 kingdom]"
"558","0.25","0.8","12","12","0.6","0.015","0.55","0.15","kingdom","450","0","-197.02486105371565","0","0","0.016089843843836892","0.00602133103682708","29","23","2.975138946284263","410","31","450","true","6.4.0","100558","[0.25 0.8 12 12 0.6 0.015 0.55 0.15 kingdom]"
"559","0.25","0.8","12","12","0.6","0.015","0.55","0.15","kingdom","450","0","-181.34727560795733","0","0","0.02345374753416625","0.005516800843721476","28","26","18.65272439204266","455","40","450","true","6.4.0","100559","[0.25 0.8 12 12 0.6 0.015 0.55 0.15 kingdom]"
"560","0.25","0.8","12","12","0.6","0.015","0.55","0.15","kingdom","450","0","-198.81695320072254","0","0","0.01199281599704243","0.00845401065881458","33","23","1.1830467992774132","470","37","450","true","6.4.0","100560","[0.25 0.8 12 12 0.6 0.015 0.55 0.15 kingdom]"
"561","0.3","0.2","12","12","0.6","0.015","0.55","0.15","kingdom","450","0","200.19464117889115","0","0","0.19650550888652993","0.06162836773749178","17","16","400.1946411788913","410","84","450","true","6.4.0","100561","[0.3 0.2 12 12 0.6 0.015 0.55 0.15 kingdom]"
"562","0.3","0.2","12","12","0.6","0.015","0.55","0.15","kingdom","450","0","31.010760311115327","0","0","0.20062070367572843","0.029840635682786183","16","20","231.0107603111153","460","66","450","true","6.4.0","100562","[0.3 0.2 12 12 0.6 0.015 0.55 0.15 kingdom]"
"563","0.3","0.2","12","12","0.6","0.015","0.55","0.15","kingdom","450","0.03333333333333333","243.19888104423995","1","0","0.1796416668623511","0.08849239380293857","19","17","443.19888104424007","435","90","450","true","6.4.0","100563","[0.3 0.2 12 12 0.6 0.015 0.55 0.15 kingdom]"
"565","0.3","0.2","12","12","0.6","0.015","0.55","0.15","kingdom","450","0","-67.26189859681806","0","0","0.15770546502393526","0.030271079628523025","18","24","132.73810140318193","510","60","450","true","6.4.0","100565","[0.3 0.2 12 12 0.6 0.015 0.55 0.15 kingdom]"
"564","0.3","0.2","12","12","0.6","0.015","0.55","0.15","kingdom","450","0","46.96267837212698","0","0","0.18854287643828138","0.05912059834847597","15","24","246.96267837212716","510","76","450","true","6.4.0","100564","[0.3 0.2 12 12 0.6 0.015 0.55 0.15 kingdom]"
"566","0.3","0.2","12","12","0.6","0.015","0.55","0.15","kingdom","450","0.03333333333333333","9.541739882653964","1","0","0.19036562772898488","0.05247766032270935","17","23","209.54173988265376","475","68","450","true","6.4.0","100566","[0.3 0.2 12 12 0.6 0.015 0.55 0.15 kingdom]"
"567","0.3","0.2","12","12","0.6","0.015","0.55","0.15","kingdom","450","0","104.70135426696018","0","0","0.23323156439655537","0.05047397873978228","16","19","304.70135426696015","435","74","450","true","6.4.0","100567","[0.3 0.2 12 12 0.6 0.015 0.55 0.15 kingdom]"
"568","0.3","0.2","12","12","0.6","0.015","0.55","0.15","kingdom","450","0","125.54190184103054","0","0","0.16354323910160584","0.04433027874152052","19","17","325.54190184103027","445","83","450","true","6.4.0","100568","[0.3 0.2 12 12 0.6 0.015 0.55 0.15 kingdom]"
"569","0.3","0.2","12","12","0.6","0.015","0.55","0.15","kingdom","450","0","14.00587596753434","0","0","0.18828609646126657","0.05075512263614598","25","16","214.0058759675343","490","72","450","true","6.4.0","100569","[0.3 0.2 12 12 0.6 0.015 0.55 0.15 kingdom]"
"570","0.3","0.2","12","12","0.6","0.015","0.55","0.15","kingdom","450","0","20.488406230440603","0","0","0.15889275030848563","0.044799135969498735","18","19","220.48840623044023","455","65","450","true","6.4.0","100570","[0.3 0.2 12 12 0.6 0.015 0.55 0.15 kingdom]"
"571","0.3","0.2","12","12","0.6","0.015","0.55","0.15","kingdom","450","0","-25.87676811975811","0","0","0.1608741461557562","0.04179384486739547","20","15","174.12323188024152","425","58","450","true","6.4.0","100571","[0.3 0.2 12 12 0.6 0.015 0.55 0.15 kingdom]"
"572","0.3","0.2","12","12","0.6","0.015","0.55","0.15","kingdom","450","0","66.534738926685","0","0","0.17430916728258733","0.03167776185329699","15","14","266.534738926685","360","60","450","true","6.4.0","100572","[0.3 0.2 12 12 0.6 0.015 0.55 0.15 kingdom]"
"573","0.3","0.2","12","12","0.6","0.015","0.55","0.15","kingdom","450","0","29.622176818103377","0","0","0.2178841550128124","0.04676977246597596","23","23","229.62217681810353","560","80","450","true","6.4.0","100573","[0.3 0.2 12 12 0.6 0.015 0.55 0.15 kingdom]"
"574","0.3","0.2","12","12","0.6","0.015","0.55","0.15","kingdom","450","0.03333333333333333","198.76534252275488","1","0","0.1745857821998556","0.07289896322447578","16","23","398.765342522755","485","92","450","true","6.4.0","100574","[0.3 0.2 12 12 0.6 0.015 0.55 0.15 kingdom]"
"576","0.3","0.2","12","12","0.6","0.015","0.55","0.15","kingdom","450","0","222.54122621930605","0","0","0.1845373970530874","0.07894565586792456","20","18","422.5412262193058","440","93","450","true","6.4.0","100576","[0.3 0.2 12 12 0.6 0.015 0.55 0.15 kingdom]"
"575","0.3","0.2","12","12","0.6","0.015","0.55","0.15","kingdom","450","0","142.49450666005154","0","0","0.20157361364662046","0.06357498624646203","16","20","342.4945066600514","425","78","450","true","6.4.0","100575","[0.3 0.2 12 12 0.6 0.015 0.55 0.15 kingdom]"
"577","0.3","0.2","12","12","0.6","0.015","0.55","0.15","kingdom","450","0","-122.17646136707455","0","0","0.19569423255914736","0.04557259860114154","25","24","77.8235386329253","610","70","450","true","6.4.0","100577","[0.3 0.2 12 12 0.6 0.015 0.55 0.15 kingdom]"
"578","0.3","0.2","12","12","0.6","0.015","0.55","0.15","kingdom","450","0","14.208617393050387","0","0","0.19432290156057322","0.04752504553974097","20","23","214.20861739305073","530","79","450","true","6.4.0","100578","[0.3 0.2 12 12 0.6 0.015 0.55 0.15 kingdom]"
"579","0.3","0.2","12","12","0.6","0.015","0.55","0.15","kingdom","450","0","77.5015367435089","0","0","0.17310778870882304","0.05819838283592136","17","21","277.50153674350895","485","77","450","true","6.4.0","100579","[0.3 0.2 12 12 0.6 0.015 0.55 0.15 kingdom]"
"580","0.3","0.2","12","12","0.6","0.015","0.55","0.15","kingdom","450","0","108.374694328503","0","0","0.1409593854598033","0.048888451055518464","15","22","308.374694328503","450","75","450","true","6.4.0","100580","[0.3 0.2 12 12 0.6 0.015 0.55 0.15 kingdom]"
"581","0.3","0.3","12","12","0.6","0.015","0.55","0.15","kingdom","450","0.03333333333333333","411.0641320137697","1","0","0.2342044115750376","0.10884552117117127","20","14","611.0641320137697","410","112","450","true","6.4.0","100581","[0.3 0.3 12 12 0.6 0.015 0.55 0.15 kingdom]"
"582","0.3","0.3","12","12","0.6","0.015","0.55","0.15","kingdom","450","0","260.66023843537243","0","0","0.17961788521962063","0.05845447365559458","12","15","460.6602384353726","345","78","450","true","6.4.0","100582","[0.3 0.3 12 12 0.6 0.015 0.55 0.15 kingdom]"
"583","0.3","0.3","12","12","0.6","0.015","0.55","0.15","kingdom","450","0","197.69570352178425","0","0","0.16934481129421622","0.057312845171514165","17","14","397.6957035217839","380","83","450","true","6.4.0","100583","[0.3 0.3 12 12 0.6 0.015 0.55 0.15 kingdom]"
"584","0.3","0.3","12","12","0.6","0.015","0.55","0.15","kingdom","450","0","-181.11383895457277","0","0","0.1775649779059639","0.040640259119249476","31","29","18.88616104542715","700","72","450","true","6.4.0","100584","[0.3 0.3 12 12 0.6 0.015 0.55 0.15 kingdom]"
"585","0.3","0.3","12","12","0.6","0.015","0.55","0.15","kingdom","450","0","103.44016961064287","0","0","0.1740859752269349","0.049465009759577384","23","17","303.440169610643","485","86","450","true","6.4.0","100585","[0.3 0.3 12 12 0.6 0.015 0.55 0.15 kingdom]"
"586","0.3","0.3","12","12","0.6","0.015","0.55","0.15","kingdom","450","0","176.64589942038015","0","0","0.15430773425271324","0.06928879582205051","19","19","376.6458994203803","465","86","450","true","6.4.0","100586","[0.3 0.3 12 12 0.6 0.015 0.55 0.15 kingdom]"
"587","0.3","0.3","12","12","0.6","0.015","0.55","0.15","kingdom","450","0.03333333333333333","220.38436478704813","1","0","0.19270558171127825","0.06781617619803587","22","10","420.3843647870479","370","81","450","true","6.4.0","100587","[0.3 0.3 12 12 0.6 0.015 0.55 0.15 kingdom]"
"588","0.3","0.3","12","12","0.6","0.015","0.55","0.15","kingdom","450","0","142.4853396158312","0","0","0.17378136570180047","0.049558506637052566","17","15","342.4853396158313","385","74","450","true","6.4.0","100588","[0.3 0.3 12 12 0.6 0.015 0.55 0.15 kingdom]"
"589","0.3","0.3","12","12","0.6","0.015","0.55","0.15","kingdom","450","0","26.701795743228466","0","0","0.15110949685729833","0.038262002501667815","18","19","226.70179574322856","435","66","450","true","6.4.0","100589","[0.3 0.3 12 12 0.6 0.015 0.55 0.15 kingdom]"
"590","0.3","0.3","12","12","0.6","0.015","0.55","0.15","kingdom","450","0.03333333333333333","145.21638063111905","1","0","0.17225540483980598","0.06608644369641196","19","19","345.2163806311189","460","87","450","true","6.4.0","100590","[0.3 0.3 12 12 0.6 0.015 0.55 0.15 kingdom]"
"591","0.3","0.3","12","12","0.6","0.015","0.55","0.15","kingdom","450","0","-3.476471464828281","0","0","0.19658643983606605","0.03772857084905829","17","19","196.52352853517166","455","65","450","true","6.4.0","100591","[0.3 0.3 12 12 0.6 0.015 0.55 0.15 kingdom]"
"592","0.3","0.3","12","12","0.6","0.015","0.55","0.15","kingdom","450","0.03333333333333333","113.67454137475832","1","0","0.14835407604740028","0.04955683823644399","27","14","313.6745413747586","470","82","450","true","6.4.0","100592","[0.3 0.3 12 12 0.6 0.015 0.55 0.15 kingdom]"
"593","0.3","0.3","12","12","0.6","0.015","0.55","0.15","kingdom","450","0","224.01372545316087","0","0","0.1399923816256289","0.05312759416871744","18","16","424.01372545316053","410","85","450","true","6.4.0","100593","[0.3 0.3 12 12 0.6 0.015 0.55 0.15 kingdom]"
"594","0.3","0.3","12","12","0.6","0.015","0.55","0.15","kingdom","450","0","40.88898317563419","0","0","0.14840973181384073","0.04750376011096337","25","18","240.8889831756342","505","75","450","true","6.4.0","100594","[0.3 0.3 12 12 0.6 0.015 0.55 0.15 kingdom]"
"595","0.3","0.3","12","12","0.6","0.015","0.55","0.15","kingdom","450","0","-23.680208420351338","0","0","0.1866076726255986","0.051690702153375095","21","23","176.31979157964875","540","71","450","true","6.4.0","100595","[0.3 0.3 12 12 0.6 0.015 0.55 0.15 kingdom]"
"596","0.3","0.3","12","12","0.6","0.015","0.55","0.15","kingdom","450","0","-145.98247254234892","0","0","0.18607735714473403","0.0387153572962587","17","26","54.01752745765111","560","57","450","true","6.4.0","100596","[0.3 0.3 12 12 0.6 0.015 0.55 0.15 kingdom]"
"597","0.3","0.3","12","12","0.6","0.015","0.55","0.15","kingdom","450","0","43.9048457166696","0","0","0.16170882689833402","0.031888920039678845","19","16","243.90484571666912","420","64","450","true","6.4.0","100597","[0.3 0.3 12 12 0.6 0.015 0.55 0.15 kingdom]"
"599","0.3","0.3","12","12","0.6","0.015","0.55","0.15","kingdom","450","0","9.87604001311417","0","0","0.1559590099133293","0.05004829934420108","24","19","209.8760400131142","500","70","450","true","6.4.0","100599","[0.3 0.3 12 12 0.6 0.015 0.55 0.15 kingdom]"
"598","0.3","0.3","12","12","0.6","0.015","0.55","0.15","kingdom","450","0","133.43377966676303","0","0","0.18501097030282046","0.036401008384243067","16","16","333.4337796667629","400","74","450","true","6.4.0","100598","[0.3 0.3 12 12 0.6 0.015 0.55 0.15 kingdom]"
"600","0.3","0.3","12","12","0.6","0.015","0.55","0.15","kingdom","450","0.03333333333333333","264.4682551039342","1","0","0.14552689645754005","0.07139775192005508","24","12","464.46825510393444","410","101","450","true","6.4.0","100600","[0.3 0.3 12 12 0.6 0.015 0.55 0.15 kingdom]"
"602","0.3","0.4","12","12","0.6","0.015","0.55","0.15","kingdom","450","0","-99.02495468720672","0","0","0.1506198185707318","0.028712267596477253","20","31","100.97504531279334","635","74","450","true","6.4.0","100602","[0.3 0.4 12 12 0.6 0.015 0.55 0.15 kingdom]"
"601","0.3","0.4","12","12","0.6","0.015","0.55","0.15","kingdom","450","0.03333333333333333","161.17039718946847","1","0","0.161258410903438","0.06826419797556944","16","25","361.17039718946853","520","90","450","true","6.4.0","100601","[0.3 0.4 12 12 0.6 0.015 0.55 0.15 kingdom]"
"603","0.3","0.4","12","12","0.6","0.015","0.55","0.15","kingdom","450","0.03333333333333333","-132.6987187316214","1","0","0.18434222330416805","0.05741060806178106","36","21","67.3012812683786","665","75","450","true","6.4.0","100603","[0.3 0.4 12 12 0.6 0.015 0.55 0.15 kingdom]"
"604","0.3","0.4","12","12","0.6","0.015","0.55","0.15","kingdom","450","0","75.41318572581321","0","0","0.176518763015514","0.0489832082728416","17","22","275.413185725813","500","79","450","true","6.4.0","100604","[0.3 0.4 12 12 0.6 0.015 0.55 0.15 kingdom]"
"605","0.3","0.4","12","12","0.6","0.015","0.55","0.15","kingdom","450","0","13.907492532228247","0","0","0.14107538399781394","0.04447111307221988","20","21","213.90749253222833","515","72","450","true","6.4.0","100605","[0.3 0.4 12 12 0.6 0.015 0.55 0.15 kingdom]"
"606","0.3","0.4","12","12","0.6","0.015","0.55","0.15","kingdom","450","0","-126.34742321436897","0","0","0.18163298466474923","0.02866601446820597","28","24","73.65257678563106","640","73","450","true","6.4.0","100606","[0.3 0.4 12 12 0.6 0.015 0.55 0.15 kingdom]"
"607","0.3","0.4","12","12","0.6","0.015","0.55","0.15","kingdom","450","0.03333333333333333","-126.01985452018104","1","0","0.13279421339170389","0.06237027531865586","29","27","73.98014547981899","695","77","450","true","6.4.0","100607","[0.3 0.4 12 12 0.6 0.015 0.55 0.15 kingdom]"
"608","0.3","0.4","12","12","0.6","0.015","0.55","0.15","kingdom","450","0","-136.54968878965846","0","0","0.10780780468514797","0.04007906370658494","29","26","63.45031121034148","665","71","450","true","6.4.0","100608","[0.3 0.4 12 12 0.6 0.015 0.55 0.15 kingdom]"
"609","0.3","0.4","12","12","0.6","0.015","0.55","0.15","kingdom","450","0","135.53016363314376","0","0","0.1965306865804171","0.07039651037299392","27","21","335.5301636331435","540","99","450","true","6.4.0","100609","[0.3 0.4 12 12 0.6 0.015 0.55 0.15 kingdom]"
"610","0.3","0.4","12","12","0.6","0.015","0.55","0.15","kingdom","450","0","29.079723441865173","0","0","0.12525860433618768","0.04855473758858564","22","20","229.07972344186518","490","69","450","true","6.4.0","100610","[0.3 0.4 12 12 0.6 0.015 0.55 0.15 kingdom]"
"611","0.3","0.4","12","12","0.6","0.015","0.55","0.15","kingdom","450","0.03333333333333333","-47.56536034939846","1","0","0.13564921157960208","0.09664959747461124","28","29","152.4346396506016","705","90","450","true","6.4.0","100611","[0.3 0.4 12 12 0.6 0.015 0.55 0.15 kingdom]"
"613","0.3","0.4","12","12","0.6","0.015","0.55","0.15","kingdom","450","0","-173.3128338493975","0","0","0.11972316808539232","0.03206971254152346","27","22","26.687166150602522","590","60","450","true","6.4.0","100613","[0.3 0.4 12 12 0.6 0.015 0.55 0.15 kingdom]"
"612","0.3","0.4","12","12","0.6","0.015","0.55","0.15","kingdom","450","0","-43.45268525692314","0","0","0.15999888073048385","0.04295170804113424","23","23","156.54731474307687","575","72","450","true","6.4.0","100612","[0.3 0.4 12 12 0.6 0.015 0.55 0.15 kingdom]"
"614","0.3","0.4","12","12","0.6","0.015","0.55","0.15","kingdom","450","0","-51.410973633889604","0","0","0.15760795159820243","0.026015802832083743","19","21","148.5890263661106","490","65","450","true","6.4.0","100614","[0.3 0.4 12 12 0.6 0.015 0.55 0.15 kingdom]"
"615","0.3","0.4","12","12","0.6","0.015","0.55","0.15","kingdom","450","0","-124.73166217740575","0","0","0.14459804692608877","0.03593873322188386","26","20","75.2683378225943","550","57","450","true","6.4.0","100615","[0.3 0.4 12 12 0.6 0.015 0.55 0.15 kingdom]"
"616","0.3","0.4","12","12","0.6","0.015","0.55","0.15","kingdom","450","0","-36.05426291543887","0","0","0.1317731264529985","0.036316672259558876","27","18","163.94573708456107","485","63","450","true","6.4.0","100616","[0.3 0.4 12 12 0.6 0.015 0.55 0.15 kingdom]"
"617","0.3","0.4","12","12","0.6","0.015","0.55","0.15","kingdom","450","0","-35.53241241716242","0","0","0.15539292179912356","0.03131138752448568","20","23","164.46758758283744","545","68","450","true","6.4.0","100617","[0.3 0.4 12 12 0.6 0.015 0.55 0.15 kingdom]"
"618","0.3","0.4","12","12","0.6","0.015","0.55","0.15","kingdom","450","0.03333333333333333","-30.009930576672705","1","0","0.10123679010419465","0.03868176152865455","28","20","169.99006942332716","570","74","450","true","6.4.0","100618","[0.3 0.4 12 12 0.6 0.015 0.55 0.15 kingdom]"
"619","0.3","0.4","12","12","0.6","0.015","0.55","0.15","kingdom","450","0","-73.5924179131768","0","0","0.1583745397745979","0.046967836960887285","17","27","126.40758208682301","560","71","450","true","6.4.0","100619","[0.3 0.4 12 12 0.6 0.015 0.55 0.15 kingdom]"
"620","0.3","0.4","12","12","0.6","0.015","0.55","0.15","kingdom","450","0","-54.762612999442155","0","0","0.11566759181960967","0.04783592882982538","22","23","145.2373870005579","565","69","450","true","6.4.0","100620","[0.3 0.4 12 12 0.6 0.015 0.55 0.15 kingdom]"
"621","0.3","0.5","12","12","0.6","0.015","0.55","0.15","kingdom","450","0","-179.36396312166488","0","0","0.09841586040050981","0.03626803012616873","28","24","20.636036878335123","550","49","450","true","6.4.0","100621","[0.3 0.5 12 12 0.6 0.015 0.55 0.15 kingdom]"
"622","0.3","0.5","12","12","0.6","0.015","0.55","0.15","kingdom","450","0.03333333333333333","38.45417567399223","1","0","0.13260271418627304","0.06664110005658125","26","18","238.45417567399227","515","79","450","true","6.4.0","100622","[0.3 0.5 12 12 0.6 0.015 0.55 0.15 kingdom]"
"623","0.3","0.5","12","12","0.6","0.015","0.55","0.15","kingdom","450","0","-109.78220959897858","0","0","0.08124198284226074","0.01888826504861136","28","16","90.2177904010215","505","55","450","true","6.4.0","100623","[0.3 0.5 12 12 0.6 0.015 0.55 0.15 kingdom]"
"624","0.3","0.5","12","12","0.6","0.015","0.55","0.15","kingdom","450","0","-179.65541698045104","0","0","0.10826356867034023","0.04195463085733308","30","23","20.344583019548907","615","61","450","true","6.4.0","100624","[0.3 0.5 12 12 0.6 0.015 0.55 0.15 kingdom]"
"625","0.3","0.5","12","12","0.6","0.015","0.55","0.15","kingdom","450","0","-48.027862079967335","0","0","0.1501346736467813","0.04522466687977059","21","24","151.97213792003285","545","71","450","true","6.4.0","100625","[0.3 0.5 12 12 0.6 0.015 0.55 0.15 kingdom]"
"626","0.3","0.5","12","12","0.6","0.015","0.55","0.15","kingdom","450","0","-191.24544071156674","0","0","0.0946273171604042","0.028337026164809383","37","26","8.754559288433342","610","57","450","true","6.4.0","100626","[0.3 0.5 12 12 0.6 0.015 0.55 0.15 kingdom]"
"628","0.3","0.5","12","12","0.6","0.015","0.55","0.15","kingdom","450","0","-181.9705569544739","0","0","0.12025360388943249","0.0116775235549986","33","21","18.029443045526094","445","35","450","true","6.4.0","100628","[0.3 0.5 12 12 0.6 0.015 0.55 0.15 kingdom]"
"627","0.3","0.5","12","12","0.6","0.015","0.55","0.15","kingdom","450","0","-195.0743360182214","0","0","0.07997023402807799","0.02982139831617819","28","22","4.925663981778669","545","47","450","true","6.4.0","100627","[0.3 0.5 12 12 0.6 0.015 0.55 0.15 kingdom]"
"629","0.3","0.5","12","12","0.6","0.015","0.55","0.15","kingdom","450","0","-185.56371135014328","0","0","0.07571648571327663","0.00927591472397986","24","26","14.436288649856728","485","43","450","true","6.4.0","100629","[0.3 0.5 12 12 0.6 0.015 0.55 0.15 kingdom]"
"631","0.3","0.5","12","12","0.6","0.015","0.55","0.15","kingdom","450","0.03333333333333333","-52.52851672566282","1","0","0.12907324841664772","0.029151295655345636","20","21","147.47148327433717","500","60","450","true","6.4.0","100631","[0.3 0.5 12 12 0.6 0.015 0.55 0.15 kingdom]"
"630","0.3","0.5","12","12","0.6","0.015","0.55","0.15","kingdom","450","0","-195.83600817708933","0","0","0.10528675696194459","0.023608386649020353","28","23","4.16399182291061","570","51","450","true","6.4.0","100630","[0.3 0.5 12 12 0.6 0.015 0.55 0.15 kingdom]"
"632","0.3","0.5","12","12","0.6","0.015","0.55","0.15","kingdom","450","0.03333333333333333","-59.455232241021875","1","0","0.10517290003111983","0.05637641389026236","23","21","140.54476775897814","535","64","450","true","6.4.0","100632","[0.3 0.5 12 12 0.6 0.015 0.55 0.15 kingdom]"
"633","0.3","0.5","12","12","0.6","0.015","0.55","0.15","kingdom","450","0","-147.99040172092234","0","0","0.08788880521539018","0.04133773630525784","28","19","52.00959827907768","565","57","450","true","6.4.0","100633","[0.3 0.5 12 12 0.6 0.015 0.55 0.15 kingdom]"
"634","0.3","0.5","12","12","0.6","0.015","0.55","0.15","kingdom","450","0","-150.36275260955438","0","0","0.09819511705588851","0.046488727179298556","29","30","49.63724739044561","685","74","450","true","6.4.0","100634","[0.3 0.5 12 12 0.6 0.015 0.55 0.15 kingdom]"
"635","0.3","0.5","12","12","0.6","0.015","0.55","0.15","kingdom","450","0","-193.36305468188914","0","0","0.13564300828791895","0.020778820601226048","27","30","6.636945318111039","555","54","450","true","6.4.0","100635","[0.3 0.5 12 12 0.6 0.015 0.55 0.15 kingdom]"
"636","0.3","0.5","12","12","0.6","0.015","0.55","0.15","kingdom","450","0","-10.316521077715342","0","0","0.14113801219288202","0.048181266726327956","30","18","189.68347892228462","570","79","450","true","6.4.0","100636","[0.3 0.5 12 12 0.6 0.015 0.55 0.15 kingdom]"
"637","0.3","0.5","12","12","0.6","0.015","0.55","0.15","kingdom","450","0","-180.64506657203066","0","0","0.11961411149105353","0.06266872811551819","35","32","19.35493342796959","750","76","450","true","6.4.0","100637","[0.3 0.5 12 12 0.6 0.015 0.55 0.15 kingdom]"
"638","0.3","0.5","12","12","0.6","0.015","0.55","0.15","kingdom","450","0","-195.13169025485135","0","0","0.09966987431067051","0.022397709081678974","26","27","4.868309745148743","570","55","450","true","6.4.0","100638","[0.3 0.5 12 12 0.6 0.015 0.55 0.15 kingdom]"
"639","0.3","0.5","12","12","0.6","0.015","0.55","0.15","kingdom","450","0","-169.84423217057622","0","0","0.14576671257855559","0.026508869640897877","22","23","30.15576782942381","555","56","450","true","6.4.0","100639","[0.3 0.5 12 12 0.6 0.015 0.55 0.15 kingdom]"
"640","0.3","0.5","12","12","0.6","0.015","0.55","0.15","kingdom","450","0","-180.89463656310767","0","0","0.08779171188060904","0.014630933523955728","25","25","19.105363436892375","485","46","450","true","6.4.0","100640","[0.3 0.5 12 12 0.6 0.015 0.55 0.15 kingdom]"
"642","0.3","0.6","12","12","0.6","0.015","0.55","0.15","kingdom","450","0","-146.8653873394556","0","0","0.061451924002106924","0.039621346331396835","23","27","53.13461266054432","620","66","450","true","6.4.0","100642","[0.3 0.6 12 12 0.6 0.015 0.55 0.15 kingdom]"
"641","0.3","0.6","12","12","0.6","0.015","0.55","0.15","kingdom","450","0","-64.63630422009643","0","0","0.0893299364470788","0.05476882453112565","25","30","135.3636957799035","670","86","450","true","6.4.0","100641","[0.3 0.6 12 12 0.6 0.015 0.55 0.15 kingdom]"
"643","0.3","0.6","12","12","0.6","0.015","0.55","0.15","kingdom","450","0","-93.70420307784578","0","0","0.0870025763333935","0.03735268807762788","34","19","106.29579692215425","615","75","450","true","6.4.0","100643","[0.3 0.6 12 12 0.6 0.015 0.55 0.15 kingdom]"
"644","0.3","0.6","12","12","0.6","0.015","0.55","0.15","kingdom","450","0.03333333333333333","-30.83660183197236","1","0","0.13031564703293558","0.07725653899040229","25","26","169.16339816802753","640","89","450","true","6.4.0","100644","[0.3 0.6 12 12 0.6 0.015 0.55 0.15 kingdom]"
"645","0.3","0.6","12","12","0.6","0.015","0.55","0.15","kingdom","450","0","-191.63073619177786","0","0","0.083807910559826","0.01258588270037852","27","30","8.369263808222218","555","53","450","true","6.4.0","100645","[0.3 0.6 12 12 0.6 0.015 0.55 0.15 kingdom]"
"646","0.3","0.6","12","12","0.6","0.015","0.55","0.15","kingdom","450","0","-186.6774603973355","0","0","0.07202439500867602","0.014860891068397008","32","29","13.322539602664369","525","51","450","true","6.4.0","100646","[0.3 0.6 12 12 0.6 0.015 0.55 0.15 kingdom]"
"647","0.3","0.6","12","12","0.6","0.015","0.55","0.15","kingdom","450","0","-197.7171916460571","0","0","0.08385268634275042","0.0041425758113427975","35","26","2.282808353942892","520","44","450","true","6.4.0","100647","[0.3 0.6 12 12 0.6 0.015 0.55 0.15 kingdom]"
"648","0.3","0.6","12","12","0.6","0.015","0.55","0.15","kingdom","450","0","-198.06662226605107","0","0","0.06403291107389668","0.013638173338938539","35","24","1.9333777339488094","525","45","450","true","6.4.0","100648","[0.3 0.6 12 12 0.6 0.015 0.55 0.15 kingdom]"
"649","0.3","0.6","12","12","0.6","0.015","0.55","0.15","kingdom","450","0","-192.59447933524694","0","0","0.08895703751448769","0.006499449405040564","36","23","7.405520664753054","495","41","450","true","6.4.0","100649","[0.3 0.6 12 12 0.6 0.015 0.55 0.15 kingdom]"
"650","0.3","0.6","12","12","0.6","0.015","0.55","0.15","kingdom","450","0","-193.94026131144798","0","0","0.11870382514148269","0.013315062363748874","34","21","6.05973868855197","605","59","450","true","6.4.0","100650","[0.3 0.6 12 12 0.6 0.015 0.55 0.15 kingdom]"
"651","0.3","0.6","12","12","0.6","0.015","0.55","0.15","kingdom","450","0","-194.20519100947985","0","0","0.06550947584228815","0.022776286878583706","34","19","5.794808990519922","560","52","450","true","6.4.0","100651","[0.3 0.6 12 12 0.6 0.015 0.55 0.15 kingdom]"
"652","0.3","0.6","12","12","0.6","0.015","0.55","0.15","kingdom","450","0","-166.98454777365103","0","0","0.09121614889369446","0.04545459997246437","29","23","33.015452226348955","590","59","450","true","6.4.0","100652","[0.3 0.6 12 12 0.6 0.015 0.55 0.15 kingdom]"
"653","0.3","0.6","12","12","0.6","0.015","0.55","0.15","kingdom","450","0.03333333333333333","25.102105447564078","1","0","0.12713112078360805","0.0900696355056986","31","24","225.10210544756384","660","92","450","true","6.4.0","100653","[0.3 0.6 12 12 0.6 0.015 0.55 0.15 kingdom]"
"654","0.3","0.6","12","12","0.6","0.015","0.55","0.15","kingdom","450","0","-198.0501134590823","0","0","0.08696694265430166","0.012169313029305951","30","29","1.9498865409176958","520","49","450","true","6.4.0","100654","[0.3 0.6 12 12 0.6 0.015 0.55 0.15 kingdom]"
"655","0.3","0.6","12","12","0.6","0.015","0.55","0.15","kingdom","450","0","-197.6088225844375","0","0","0.07245414817029115","0.015513670051454006","28","28","2.391177415562595","555","48","450","true","6.4.0","100655","[0.3 0.6 12 12 0.6 0.015 0.55 0.15 kingdom]"
"657","0.3","0.6","12","12","0.6","0.015","0.55","0.15","kingdom","450","0","-193.77638184385455","0","0","0.04670437454705762","0.003916647370692872","27","22","6.2236181561455055","370","27","450","true","6.4.0","100657","[0.3 0.6 12 12 0.6 0.015 0.55 0.15 kingdom]"
"656","0.3","0.6","12","12","0.6","0.015","0.55","0.15","kingdom","450","0","-198.9364153650465","0","0","0.042028119759915","0.0061567836689174465","24","25","1.063584634953468","450","36","450","true","6.4.0","100656","[0.3 0.6 12 12 0.6 0.015 0.55 0.15 kingdom]"
"658","0.3","0.6","12","12","0.6","0.015","0.55","0.15","kingdom","450","0","-184.91640336458704","0","0","0.0904981457307872","0.024359922177786493","35","25","15.083596635413008","535","48","450","true","6.4.0","100658","[0.3 0.6 12 12 0.6 0.015 0.55 0.15 kingdom]"
"659","0.3","0.6","12","12","0.6","0.015","0.55","0.15","kingdom","450","0","-198.66264553312078","0","0","0.08563805722101006","0.02880349578889765","31","27","1.3373544668792299","645","58","450","true","6.4.0","100659","[0.3 0.6 12 12 0.6 0.015 0.55 0.15 kingdom]"
"660","0.3","0.6","12","12","0.6","0.015","0.55","0.15","kingdom","450","0","-185.5412522585677","0","0","0.07764483716224443","0.05118087114104323","41","22","14.458747741432298","710","71","450","true","6.4.0","100660","[0.3 0.6 12 12 0.6 0.015 0.55 0.15 kingdom]"
"661","0.3","0.7","12","12","0.6","0.015","0.55","0.15","kingdom","450","0","-186.66059371362488","0","0","0.06450555694514287","0.03023895177020157","29","28","13.339406286375208","610","63","450","true","6.4.0","100661","[0.3 0.7 12 12 0.6 0.015 0.55 0.15 kingdom]"
"662","0.3","0.7","12","12","0.6","0.015","0.55","0.15","kingdom","450","0","-186.0285319156781","0","0","0.04766398769821161","0.026510813241498572","18","34","13.97146808432182","590","56","450","true","6.4.0","100662","[0.3 0.7 12 12 0.6 0.015 0.55 0.15 kingdom]"
"663","0.3","0.7","12","12","0.6","0.015","0.55","0.15","kingdom","450","0","-162.89775414086606","0","0","0.0874451422462311","0.03537406655087047","31","24","37.10224585913396","645","66","450","true","6.4.0","100663","[0.3 0.7 12 12 0.6 0.015 0.55 0.15 kingdom]"
"664","0.3","0.7","12","12","0.6","0.015","0.55","0.15","kingdom","450","0","-151.26601022524503","0","0","0.08121719142551574","0.05146318403277559","39","24","48.73398977475516","725","85","450","true","6.4.0","100664","[0.3 0.7 12 12 0.6 0.015 0.55 0.15 kingdom]"
"665","0.3","0.7","12","12","0.6","0.015","0.55","0.15","kingdom","450","0","-190.20272048697242","0","0","0.07615872465011513","0.012991249919405588","27","26","9.79727951302762","475","39","450","true","6.4.0","100665","[0.3 0.7 12 12 0.6 0.015 0.55 0.15 kingdom]"
"666","0.3","0.7","12","12","0.6","0.015","0.55","0.15","kingdom","450","0","-190.79478827814893","0","0","0.05086748665682866","0.002802983080777461","29","22","9.205211721851065","425","33","450","true","6.4.0","100666","[0.3 0.7 12 12 0.6 0.015 0.55 0.15 kingdom]"
"667","0.3","0.7","12","12","0.6","0.015","0.55","0.15","kingdom","450","0","-175.84935857747334","0","0","0.06833010817901626","0.04871852535805428","30","33","24.15064142252666","680","71","450","true","6.4.0","100667","[0.3 0.7 12 12 0.6 0.015 0.55 0.15 kingdom]"
"668","0.3","0.7","12","12","0.6","0.015","0.55","0.15","kingdom","450","0.03333333333333333","-158.67668388888808","1","0","0.09308386333327351","0.057990682519909596","28","28","41.32331611111185","670","72","450","true","6.4.0","100668","[0.3 0.7 12 12 0.6 0.015 0.55 0.15 kingdom]"
"669","0.3","0.7","12","12","0.6","0.015","0.55","0.15","kingdom","450","0","-136.61973754228916","0","0","0.07178848591838108","0.035606223131771246","26","22","63.380262457710884","590","62","450","true","6.4.0","100669","[0.3 0.7 12 12 0.6 0.015 0.55 0.15 kingdom]"
"670","0.3","0.7","12","12","0.6","0.015","0.55","0.15","kingdom","450","0.03333333333333333","-195.11692825926798","1","0","0.06190297364609302","0.04537565226418542","33","27","4.883071740732007","690","68","450","true","6.4.0","100670","[0.3 0.7 12 12 0.6 0.015 0.55 0.15 kingdom]"
"671","0.3","0.7","12","12","0.6","0.015","0.55","0.15","kingdom","450","0","-185.1024393599471","0","0","0.04310035916253095","0.03244293383738049","38","23","14.897560640052816","530","49","450","true","6.4.0","100671","[0.3 0.7 12 12 0.6 0.015 0.55 0.15 kingdom]"
"672","0.3","0.7","12","12","0.6","0.015","0.55","0.15","kingdom","450","0.03333333333333333","-197.39301699946117","1","0","0.06035542265479311","0.050257780015825294","29","30","2.6069830005388006","700","69","450","true","6.4.0","100672","[0.3 0.7 12 12 0.6 0.015 0.55 0.15 kingdom]"
"673","0.3","0.7","12","12","0.6","0.015","0.55","0.15","kingdom","450","0","-187.81082078324494","0","0","0.07255672945545363","0.03770656923608016","33","27","12.189179216755045","560","49","450","true","6.4.0","100673","[0.3 0.7 12 12 0.6 0.015 0.55 0.15 kingdom]"
"674","0.3","0.7","12","12","0.6","0.015","0.55","0.15","kingdom","450","0","-196.09130269495682","0","0","0.04634367754176545","0.0034193564208106412","39","23","3.9086973050431535","480","39","450","true","6.4.0","100674","[0.3 0.7 12 12 0.6 0.015 0.55 0.15 kingdom]"
"676","0.3","0.7","12","12","0.6","0.015","0.55","0.15","kingdom","450","0","-194.57239330496364","0","0","0.04534948334918774","0.0012297290848918886","31","21","5.427606695036422","445","32","450","true","6.4.0","100676","[0.3 0.7 12 12 0.6 0.015 0.55 0.15 kingdom]"
"675","0.3","0.7","12","12","0.6","0.015","0.55","0.15","kingdom","450","0","-193.6755214061398","0","0","0.047121969160209144","0.02482142688231675","30","24","6.324478593860107","560","49","450","true","6.4.0","100675","[0.3 0.7 12 12 0.6 0.015 0.55 0.15 kingdom]"
"677","0.3","0.7","12","12","0.6","0.015","0.55","0.15","kingdom","450","0","-198.94482277213058","0","0","0.0891970164267452","0.02507099780529302","34","25","1.0551772278693292","605","60","450","true","6.4.0","100677","[0.3 0.7 12 12 0.6 0.015 0.55 0.15 kingdom]"
"678","0.3","0.7","12","12","0.6","0.015","0.55","0.15","kingdom","450","0","-187.6214772409268","0","0","0.049419392630057006","0.004416444229589558","31","24","12.378522759073162","395","32","450","true","6.4.0","100678","[0.3 0.7 12 12 0.6 0.015 0.55 0.15 kingdom]"
"679","0.3","0.7","12","12","0.6","0.015","0.55","0.15","kingdom","450","0","-199.98011403301962","0","0","0.023840506119897836","0.00655135064073384","32","25","0.019885966980341507","425","31","450","true","6.4.0","100679","[0.3 0.7 12 12 0.6 0.015 0.55 0.15 kingdom]"
"680","0.3","0.7","12","12","0.6","0.015","0.55","0.15","kingdom","450","0","-186.74241593707282","0","0","0.051790358353352745","0.015038687350057088","36","25","13.257584062927059","540","45","450","true","6.4.0","100680","[0.3 0.7 12 12 0.6 0.015 0.55 0.15 kingdom]"
"681","0.3","0.8","12","12","0.6","0.015","0.55","0.15","kingdom","450","0","-199.54546798542012","0","0","0.04465492676317584","0.01009645524931311","33","22","0.4545320145798293","550","47","450","true","6.4.0","100681","[0.3 0.8 12 12 0.6 0.015 0.55 0.15 kingdom]"
"682","0.3","0.8","12","12","0.6","0.015","0.55","0.15","kingdom","450","0","-194.22123662117843","0","0","0.054050037993905155","0.016502141638241555","27","23","5.778763378821564","465","40","450","true","6.4.0","100682","[0.3 0.8 12 12 0.6 0.015 0.55 0.15 kingdom]"
"683","0.3","0.8","12","12","0.6","0.015","0.55","0.15","kingdom","450","0","-194.74050171168506","0","0","0.043607709224724775","0.001060979199236025","25","25","5.259498288314944","355","22","450","true","6.4.0","100683","[0.3 0.8 12 12 0.6 0.015 0.55 0.15 kingdom]"
"684","0.3","0.8","12","12","0.6","0.015","0.55","0.15","kingdom","450","0","-192.73292237302647","0","0","0.043008725637596654","0.015591296814478395","31","24","7.267077626973464","515","46","450","true","6.4.0","100684","[0.3 0.8 12 12 0.6 0.015 0.55 0.15 kingdom]"
"687","0.3","0.8","12","12","0.6","0.015","0.55","0.15","kingdom","450","0","-190.37234326675448","0","0","0.016170369677062053","0.002411940707500709","28","23","9.627656733245429","360","23","450","true","6.4.0","100687","[0.3 0.8 12 12 0.6 0.015 0.55 0.15 kingdom]"
"685","0.3","0.8","12","12","0.6","0.015","0.55","0.15","kingdom","450","0","-181.56997805473787","0","0","0.0389134815101809","0.028322613992920617","39","22","18.430021945262023","600","57","450","true","6.4.0","100685","[0.3 0.8 12 12 0.6 0.015 0.55 0.15 kingdom]"
"686","0.3","0.8","12","12","0.6","0.015","0.55","0.15","kingdom","450","0","-195.94294520217647","0","0","0.018173605533583433","0.005977544119538049","28","28","4.057054797823437","435","33","450","true","6.4.0","100686","[0.3 0.8 12 12 0.6 0.015 0.55 0.15 kingdom]"
"688","0.3","0.8","12","12","0.6","0.015","0.55","0.15","kingdom","450","0","-192.93558970502818","0","0","0.02243610029103922","2.7433664148145473E-4","31","22","7.064410294971829","370","24","450","true","6.4.0","100688","[0.3 0.8 12 12 0.6 0.015 0.55 0.15 kingdom]"
"689","0.3","0.8","12","12","0.6","0.015","0.55","0.15","kingdom","450","0","-190.61890243531425","0","0","0.03549837517896871","0.006677624825561399","33","25","9.381097564685735","455","37","450","true","6.4.0","100689","[0.3 0.8 12 12 0.6 0.015 0.55 0.15 kingdom]"
"690","0.3","0.8","12","12","0.6","0.015","0.55","0.15","kingdom","450","0","-199.3848029334764","0","0","0.025335861648744584","0.001997857641794133","30","24","0.6151970665236242","440","36","450","true","6.4.0","100690","[0.3 0.8 12 12 0.6 0.015 0.55 0.15 kingdom]"
"691","0.3","0.8","12","12","0.6","0.015","0.55","0.15","kingdom","450","0","-198.393659219404","0","0","0.05389829818998329","0.024880173981256182","27","28","1.6063407805959535","530","46","450","true","6.4.0","100691","[0.3 0.8 12 12 0.6 0.015 0.55 0.15 kingdom]"
"692","0.3","0.8","12","12","0.6","0.015","0.55","0.15","kingdom","450","0","-189.4105112925796","0","0","0.04713059392983238","0.011264719771523542","27","26","10.58948870742043","450","36","450","true","6.4.0","100692","[0.3 0.8 12 12 0.6 0.015 0.55 0.15 kingdom]"
"693","0.3","0.8","12","12","0.6","0.015","0.55","0.15","kingdom","450","0","-198.58516213957154","0","0","0.03273182034231755","0.013747942422959456","37","24","1.4148378604285199","510","41","450","true","6.4.0","100693","[0.3 0.8 12 12 0.6 0.015 0.55 0.15 kingdom]"
"694","0.3","0.8","12","12","0.6","0.015","0.55","0.15","kingdom","450","0","-197.4727820261306","0","0","0.020361152596364316","0.0038111131111963135","32","22","2.5272179738696163","425","34","450","true","6.4.0","100694","[0.3 0.8 12 12 0.6 0.015 0.55 0.15 kingdom]"
"695","0.3","0.8","12","12","0.6","0.015","0.55","0.15","kingdom","450","0","-194.05301856970218","0","0","0.043018699234470256","0.007868074050128794","35","27","5.946981430297765","525","47","450","true","6.4.0","100695","[0.3 0.8 12 12 0.6 0.015 0.55 0.15 kingdom]"
"696","0.3","0.8","12","12","0.6","0.015","0.55","0.15","kingdom","450","0","-195.06072215354527","0","0","0.024900938804486027","0","29","23","4.939277846454651","370","24","450","true","6.4.0","100696","[0.3 0.8 12 12 0.6 0.015 0.55 0.15 kingdom]"
"697","0.3","0.8","12","12","0.6","0.015","0.55","0.15","kingdom","450","0","-193.778416951908","0","0","0.041453295863718785","0.00869808396560479","25","26","6.221583048091993","490","42","450","true","6.4.0","100697","[0.3 0.8 12 12 0.6 0.015 0.55 0.15 kingdom]"
"698","0.3","0.8","12","12","0.6","0.015","0.55","0.15","kingdom","450","0","-197.48302947538838","0","0","0.014601823534740975","0.004601672891169841","35","22","2.5169705246116596","470","37","450","true","6.4.0","100698","[0.3 0.8 12 12 0.6 0.015 0.55 0.15 kingdom]"
"699","0.3","0.8","12","12","0.6","0.015","0.55","0.15","kingdom","450","0","-196.9481038087038","0","0","0.013803776312488266","0","23","24","3.05189619129621","310","16","450","true","6.4.0","100699","[0.3 0.8 12 12 0.6 0.015 0.55 0.15 kingdom]"
"700","0.3","0.8","12","12","0.6","0.015","0.55","0.15","kingdom","450","0","-188.14006485180786","0","0","0.05246984191437455","0.008716884015658859","23","28","11.859935148192084","470","42","450","true","6.4.0","100700","[0.3 0.8 12 12 0.6 0.015 0.55 0.15 kingdom]"
"701","0.35","0.2","12","12","0.6","0.015","0.55","0.15","kingdom","450","0","-140.95502173271964","0","0","0.16627560812806194","0.018373508674992697","23","20","59.044978267280264","515","54","450","true","6.4.0","100701","[0.35 0.2 12 12 0.6 0.015 0.55 0.15 kingdom]"
"703","0.35","0.2","12","12","0.6","0.015","0.55","0.15","kingdom","450","0","42.880554194441444","0","0","0.23612876873437585","0.06855713125525568","17","28","242.8805541944414","580","88","450","true","6.4.0","100703","[0.35 0.2 12 12 0.6 0.015 0.55 0.15 kingdom]"
"702","0.35","0.2","12","12","0.6","0.015","0.55","0.15","kingdom","450","0.03333333333333333","149.04648547223348","1","0","0.2874614216532189","0.07277884823446083","19","18","349.04648547223354","450","86","450","true","6.4.0","100702","[0.35 0.2 12 12 0.6 0.015 0.55 0.15 kingdom]"
"704","0.35","0.2","12","12","0.6","0.015","0.55","0.15","kingdom","450","0","-186.3485864953164","0","0","0.19454113364641698","0.031604575753067354","24","30","13.651413504683651","630","60","450","true","6.4.0","100704","[0.35 0.2 12 12 0.6 0.015 0.55 0.15 kingdom]"
"705","0.35","0.2","12","12","0.6","0.015","0.55","0.15","kingdom","450","0","22.88123352829379","0","0","0.22802981415632867","0.060913955739652255","22","21","222.88123352829373","535","84","450","true","6.4.0","100705","[0.35 0.2 12 12 0.6 0.015 0.55 0.15 kingdom]"
"706","0.35","0.2","12","12","0.6","0.015","0.55","0.15","kingdom","450","0","215.1219031278957","0","0","0.3109337516419911","0.07411078564926324","21","14","415.12190312789573","420","91","450","true","6.4.0","100706","[0.35 0.2 12 12 0.6 0.015 0.55 0.15 kingdom]"
"707","0.35","0.2","12","12","0.6","0.015","0.55","0.15","kingdom","450","0.03333333333333333","120.70840551217827","1","0","0.27248605986280017","0.07350058854570937","20","22","320.7084055121784","520","89","450","true","6.4.0","100707","[0.35 0.2 12 12 0.6 0.015 0.55 0.15 kingdom]"
"709","0.35","0.2","12","12","0.6","0.015","0.55","0.15","kingdom","450","0","126.71847254852783","0","0","0.285839819071081","0.061764951768812366","19","18","326.71847254852753","460","82","450","true","6.4.0","100709","[0.35 0.2 12 12 0.6 0.015 0.55 0.15 kingdom]"
"708","0.35","0.2","12","12","0.6","0.015","0.55","0.15","kingdom","450","0.06666666666666667","494.77919470572357","2","0","0.2855873403270483","0.1327685477653803","17","16","694.7791947057241","410","127","450","true","6.4.0","100708","[0.35 0.2 12 12 0.6 0.015 0.55 0.15 kingdom]"
"710","0.35","0.2","12","12","0.6","0.015","0.55","0.15","kingdom","450","0","221.63012692944417","0","0","0.2646455954735208","0.06430962143538181","13","18","421.6301269294442","375","81","450","true","6.4.0","100710","[0.35 0.2 12 12 0.6 0.015 0.55 0.15 kingdom]"
"711","0.35","0.2","12","12","0.6","0.015","0.55","0.15","kingdom","450","0","214.99257562835894","0","0","0.24763329506061457","0.06790209589598248","19","17","414.9925756283589","445","85","450","true","6.4.0","100711","[0.35 0.2 12 12 0.6 0.015 0.55 0.15 kingdom]"
"712","0.35","0.2","12","12","0.6","0.015","0.55","0.15","kingdom","450","0","249.08544420323884","0","0","0.24868278664465765","0.08499572262735164","12","23","449.08544420323886","450","97","450","true","6.4.0","100712","[0.35 0.2 12 12 0.6 0.015 0.55 0.15 kingdom]"
"713","0.35","0.2","12","12","0.6","0.015","0.55","0.15","kingdom","450","0","250.51492764107786","0","0","0.24577315259192206","0.07064975923295234","27","14","450.5149276410776","455","94","450","true","6.4.0","100713","[0.35 0.2 12 12 0.6 0.015 0.55 0.15 kingdom]"
"714","0.35","0.2","12","12","0.6","0.015","0.55","0.15","kingdom","450","0","148.623912412023","0","0","0.1887371004777277","0.027182437788356256","13","14","348.6239124120231","340","69","450","true","6.4.0","100714","[0.35 0.2 12 12 0.6 0.015 0.55 0.15 kingdom]"
"715","0.35","0.2","12","12","0.6","0.015","0.55","0.15","kingdom","450","0","-13.167985122341335","0","0","0.24475744712857034","0.039247419140428424","18","22","186.8320148776588","510","72","450","true","6.4.0","100715","[0.35 0.2 12 12 0.6 0.015 0.55 0.15 kingdom]"
"716","0.35","0.2","12","12","0.6","0.015","0.55","0.15","kingdom","450","0","97.9494540642394","0","0","0.24320537113470614","0.04991370473111591","17","21","297.9494540642395","470","76","450","true","6.4.0","100716","[0.35 0.2 12 12 0.6 0.015 0.55 0.15 kingdom]"
"717","0.35","0.2","12","12","0.6","0.015","0.55","0.15","kingdom","450","0","161.10398030713208","0","0","0.26599944940443704","0.06375711859156215","17","12","361.1039803071321","350","69","450","true","6.4.0","100717","[0.35 0.2 12 12 0.6 0.015 0.55 0.15 kingdom]"
"718","0.35","0.2","12","12","0.6","0.015","0.55","0.15","kingdom","450","0","110.41160937353264","0","0","0.23526926797832265","0.04054766771822504","17","20","310.4116093735327","445","76","450","true","6.4.0","100718","[0.35 0.2 12 12 0.6 0.015 0.55 0.15 kingdom]"
"719","0.35","0.2","12","12","0.6","0.015","0.55","0.15","kingdom","450","0","218.08618913134424","0","0","0.22043952142050474","0.06474667339439075","17","19","418.0861891313444","445","88","450","true","6.4.0","100719","[0.35 0.2 12 12 0.6 0.015 0.55 0.15 kingdom]"
"720","0.35","0.2","12","12","0.6","0.015","0.55","0.15","kingdom","450","0","167.58968017257803","0","0","0.21505273089527754","0.044572173526867306","15","16","367.5896801725782","375","75","450","true","6.4.0","100720","[0.35 0.2 12 12 0.6 0.015 0.55 0.15 kingdom]"
"721","0.35","0.3","12","12","0.6","0.015","0.55","0.15","kingdom","450","0","-94.58247058690613","0","0","0.18082076073806774","0.04297394140153191","17","26","105.41752941309413","560","67","450","true","6.4.0","100721","[0.35 0.3 12 12 0.6 0.015 0.55 0.15 kingdom]"
"722","0.35","0.3","12","12","0.6","0.015","0.55","0.15","kingdom","450","0","-43.09711683828","0","0","0.21863839801273582","0.04476343153674187","24","22","156.90288316172004","560","71","450","true","6.4.0","100722","[0.35 0.3 12 12 0.6 0.015 0.55 0.15 kingdom]"
"724","0.35","0.3","12","12","0.6","0.015","0.55","0.15","kingdom","450","0","-105.46012048177509","0","0","0.20282902835968947","0.035525058641708844","25","28","94.53987951822499","670","81","450","true","6.4.0","100724","[0.35 0.3 12 12 0.6 0.015 0.55 0.15 kingdom]"
"723","0.35","0.3","12","12","0.6","0.015","0.55","0.15","kingdom","450","0","-99.45492236577445","0","0","0.18435909446479387","0.03706694652560006","22","23","100.54507763422538","565","63","450","true","6.4.0","100723","[0.35 0.3 12 12 0.6 0.015 0.55 0.15 kingdom]"
"725","0.35","0.3","12","12","0.6","0.015","0.55","0.15","kingdom","450","0","-140.36046905833084","0","0","0.20055001801509026","0.03520487674714047","16","31","59.639530941669136","625","67","450","true","6.4.0","100725","[0.35 0.3 12 12 0.6 0.015 0.55 0.15 kingdom]"
"727","0.35","0.3","12","12","0.6","0.015","0.55","0.15","kingdom","450","0","-182.69597041189326","0","0","0.21626018809531594","0.020112322599778798","19","25","17.304029588106715","495","44","450","true","6.4.0","100727","[0.35 0.3 12 12 0.6 0.015 0.55 0.15 kingdom]"
"726","0.35","0.3","12","12","0.6","0.015","0.55","0.15","kingdom","450","0.03333333333333333","127.0504352831548","1","0","0.21047769455470275","0.06744492065346118","16","23","327.0504352831548","490","84","450","true","6.4.0","100726","[0.35 0.3 12 12 0.6 0.015 0.55 0.15 kingdom]"
"728","0.35","0.3","12","12","0.6","0.015","0.55","0.15","kingdom","450","0","-9.422288270663778","0","0","0.21027754622350653","0.053774849025848746","27","25","190.57771172933624","635","93","450","true","6.4.0","100728","[0.35 0.3 12 12 0.6 0.015 0.55 0.15 kingdom]"
"729","0.35","0.3","12","12","0.6","0.015","0.55","0.15","kingdom","450","0","-181.50864864112575","0","0","0.19735260275358113","0.051366456394897876","33","24","18.491351358874237","675","69","450","true","6.4.0","100729","[0.35 0.3 12 12 0.6 0.015 0.55 0.15 kingdom]"
"730","0.35","0.3","12","12","0.6","0.015","0.55","0.15","kingdom","450","0","78.20552276490517","0","0","0.22383542239167803","0.06300883919027915","24","19","278.2055227649052","525","84","450","true","6.4.0","100730","[0.35 0.3 12 12 0.6 0.015 0.55 0.15 kingdom]"
"731","0.35","0.3","12","12","0.6","0.015","0.55","0.15","kingdom","450","0","-68.80609917390109","0","0","0.15923843736634294","0.03231805000901839","21","24","131.193900826099","570","72","450","true","6.4.0","100731","[0.35 0.3 12 12 0.6 0.015 0.55 0.15 kingdom]"
"732","0.35","0.3","12","12","0.6","0.015","0.55","0.15","kingdom","450","0","-82.37741514183978","0","0","0.15764602616398185","0.029370147787995717","26","17","117.62258485816025","500","61","450","true","6.4.0","100732","[0.35 0.3 12 12 0.6 0.015 0.55 0.15 kingdom]"
"733","0.35","0.3","12","12","0.6","0.015","0.55","0.15","kingdom","450","0","171.45804024561113","0","0","0.27459208154696874","0.08787776073422075","20","23","371.45804024561056","545","100","450","true","6.4.0","100733","[0.35 0.3 12 12 0.6 0.015 0.55 0.15 kingdom]"
"734","0.35","0.3","12","12","0.6","0.015","0.55","0.15","kingdom","450","0","229.92387551716305","0","0","0.19442535887528414","0.07741618646105107","21","15","429.92387551716314","410","91","450","true","6.4.0","100734","[0.35 0.3 12 12 0.6 0.015 0.55 0.15 kingdom]"
"735","0.35","0.3","12","12","0.6","0.015","0.55","0.15","kingdom","450","0","15.41384970982449","0","0","0.22646081362634368","0.04350735687259785","26","23","215.4138497098242","595","88","450","true","6.4.0","100735","[0.35 0.3 12 12 0.6 0.015 0.55 0.15 kingdom]"
"736","0.35","0.3","12","12","0.6","0.015","0.55","0.15","kingdom","450","0.03333333333333333","193.17629963190353","1","0","0.2545163897552441","0.07337792407473251","15","22","393.17629963190404","465","97","450","true","6.4.0","100736","[0.35 0.3 12 12 0.6 0.015 0.55 0.15 kingdom]"
"738","0.35","0.3","12","12","0.6","0.015","0.55","0.15","kingdom","450","0","-130.7221735375403","0","0","0.17267240874428158","0.03665483467668083","29","20","69.2778264624597","580","62","450","true","6.4.0","100738","[0.35 0.3 12 12 0.6 0.015 0.55 0.15 kingdom]"
"737","0.35","0.3","12","12","0.6","0.015","0.55","0.15","kingdom","450","0","-148.7308702406462","0","0","0.18567701069999593","0.03570904736882978","24","24","51.26912975935388","600","65","450","true","6.4.0","100737","[0.35 0.3 12 12 0.6 0.015 0.55 0.15 kingdom]"
"739","0.35","0.3","12","12","0.6","0.015","0.55","0.15","kingdom","450","0","255.86908172274835","0","0","0.21425549355734735","0.051123548809801835","18","15","455.8690817227484","405","90","450","true","6.4.0","100739","[0.35 0.3 12 12 0.6 0.015 0.55 0.15 kingdom]"
"740","0.35","0.3","12","12","0.6","0.015","0.55","0.15","kingdom","450","0","122.52609446945178","0","0","0.22215697227397568","0.0715282008651097","27","18","322.52609446945183","540","95","450","true","6.4.0","100740","[0.35 0.3 12 12 0.6 0.015 0.55 0.15 kingdom]"
"741","0.35","0.4","12","12","0.6","0.015","0.55","0.15","kingdom","450","0.03333333333333333","-45.00581077899935","1","0","0.1854471690334139","0.0545618968249617","28","22","154.99418922100082","610","77","450","true","6.4.0","100741","[0.35 0.4 12 12 0.6 0.015 0.55 0.15 kingdom]"
"742","0.35","0.4","12","12","0.6","0.015","0.55","0.15","kingdom","450","0","-192.673324247957","0","0","0.15172789957465938","0.024405772852758932","28","24","7.326675752043013","560","53","450","true","6.4.0","100742","[0.35 0.4 12 12 0.6 0.015 0.55 0.15 kingdom]"
"743","0.35","0.4","12","12","0.6","0.015","0.55","0.15","kingdom","450","0","-169.8761254576247","0","0","0.1740966956238457","0.041070479047386116","31","26","30.12387454237539","665","70","450","true","6.4.0","100743","[0.35 0.4 12 12 0.6 0.015 0.55 0.15 kingdom]"
"744","0.35","0.4","12","12","0.6","0.015","0.55","0.15","kingdom","450","0.03333333333333333","258.248541512908","1","0","0.23364197320407779","0.09177466886901522","21","14","458.2485415129074","405","90","450","true","6.4.0","100744","[0.35 0.4 12 12 0.6 0.015 0.55 0.15 kingdom]"
"745","0.35","0.4","12","12","0.6","0.015","0.55","0.15","kingdom","450","0","-17.48671773461993","0","0","0.14792847387025873","0.05304885603808026","23","23","182.51328226537993","560","71","450","true","6.4.0","100745","[0.35 0.4 12 12 0.6 0.015 0.55 0.15 kingdom]"
"746","0.35","0.4","12","12","0.6","0.015","0.55","0.15","kingdom","450","0.03333333333333333","132.04398475003552","1","0","0.2011849720891681","0.059059041917277656","20","19","332.04398475003575","460","77","450","true","6.4.0","100746","[0.35 0.4 12 12 0.6 0.015 0.55 0.15 kingdom]"
"747","0.35","0.4","12","12","0.6","0.015","0.55","0.15","kingdom","450","0.03333333333333333","109.95317482425273","1","0","0.1777000854848659","0.07421474045440427","22","20","309.9531748242526","520","85","450","true","6.4.0","100747","[0.35 0.4 12 12 0.6 0.015 0.55 0.15 kingdom]"
"748","0.35","0.4","12","12","0.6","0.015","0.55","0.15","kingdom","450","0.03333333333333333","-28.68090641793876","1","0","0.16858035818680542","0.07713356242268404","18","29","171.31909358206133","615","80","450","true","6.4.0","100748","[0.35 0.4 12 12 0.6 0.015 0.55 0.15 kingdom]"
"749","0.35","0.4","12","12","0.6","0.015","0.55","0.15","kingdom","450","0.03333333333333333","-31.97381457269807","1","0","0.20612780933935085","0.05240761491953986","30","18","168.02618542730195","560","71","450","true","6.4.0","100749","[0.35 0.4 12 12 0.6 0.015 0.55 0.15 kingdom]"
"750","0.35","0.4","12","12","0.6","0.015","0.55","0.15","kingdom","450","0.03333333333333333","-190.77715820801586","1","0","0.17591552952223172","0.041388699751531345","33","25","9.222841791984212","675","70","450","true","6.4.0","100750","[0.35 0.4 12 12 0.6 0.015 0.55 0.15 kingdom]"
"751","0.35","0.4","12","12","0.6","0.015","0.55","0.15","kingdom","450","0","15.464115586403395","0","0","0.24142271321580636","0.047477665809560365","16","25","215.46411558640318","535","79","450","true","6.4.0","100751","[0.35 0.4 12 12 0.6 0.015 0.55 0.15 kingdom]"
"752","0.35","0.4","12","12","0.6","0.015","0.55","0.15","kingdom","450","0","-189.31296311788887","0","0","0.19531008019350476","0.0318138358308758","26","23","10.687036882111043","605","61","450","true","6.4.0","100752","[0.35 0.4 12 12 0.6 0.015 0.55 0.15 kingdom]"
"753","0.35","0.4","12","12","0.6","0.015","0.55","0.15","kingdom","450","0","142.91856247601706","0","0","0.16718358771828765","0.07455162995543058","29","16","342.91856247601726","530","91","450","true","6.4.0","100753","[0.35 0.4 12 12 0.6 0.015 0.55 0.15 kingdom]"
"754","0.35","0.4","12","12","0.6","0.015","0.55","0.15","kingdom","450","0","-175.68468886176186","0","0","0.1441590185841642","0.023839655402460573","25","26","24.315311138238258","585","59","450","true","6.4.0","100754","[0.35 0.4 12 12 0.6 0.015 0.55 0.15 kingdom]"
"755","0.35","0.4","12","12","0.6","0.015","0.55","0.15","kingdom","450","0","-28.462421606009187","0","0","0.2512611373407897","0.06131372939643133","23","26","171.53757839399066","620","85","450","true","6.4.0","100755","[0.35 0.4 12 12 0.6 0.015 0.55 0.15 kingdom]"
"756","0.35","0.4","12","12","0.6","0.015","0.55","0.15","kingdom","450","0.03333333333333333","-166.3498696750836","1","0","0.1496135251917245","0.04210215693032391","20","28","33.65013032491624","620","60","450","true","6.4.0","100756","[0.35 0.4 12 12 0.6 0.015 0.55 0.15 kingdom]"
"757","0.35","0.4","12","12","0.6","0.015","0.55","0.15","kingdom","450","0","-191.64846487344374","0","0","0.10800917048933606","0.04120287085618775","24","26","8.351535126556335","630","62","450","true","6.4.0","100757","[0.35 0.4 12 12 0.6 0.015 0.55 0.15 kingdom]"
"758","0.35","0.4","12","12","0.6","0.015","0.55","0.15","kingdom","450","0","97.73146723774887","0","0","0.17146645668354402","0.08031349371853522","23","24","297.73146723774926","575","99","450","true","6.4.0","100758","[0.35 0.4 12 12 0.6 0.015 0.55 0.15 kingdom]"
"761","0.35","0.5","12","12","0.6","0.015","0.55","0.15","kingdom","450","0","-179.89754512249286","0","0","0.1394123628911738","0.04200966693943177","35","24","20.10245487750705","635","66","450","true","6.4.0","100761","[0.35 0.5 12 12 0.6 0.015 0.55 0.15 kingdom]"
"759","0.35","0.4","12","12","0.6","0.015","0.55","0.15","kingdom","450","0","-51.88570473488878","0","0","0.20247997940141718","0.05353682061575975","31","20","148.11429526511117","600","76","450","true","6.4.0","100759","[0.35 0.4 12 12 0.6 0.015 0.55 0.15 kingdom]"
"760","0.35","0.4","12","12","0.6","0.015","0.55","0.15","kingdom","450","0","187.66259253455473","0","0","0.22703601150047042","0.05913362199842611","21","17","387.6625925345546","430","92","450","true","6.4.0","100760","[0.35 0.4 12 12 0.6 0.015 0.55 0.15 kingdom]"
"762","0.35","0.5","12","12","0.6","0.015","0.55","0.15","kingdom","450","0","9.380225492297392","0","0","0.13460260055093104","0.06560245726207017","29","19","209.3802254922975","530","75","450","true","6.4.0","100762","[0.35 0.5 12 12 0.6 0.015 0.55 0.15 kingdom]"
"763","0.35","0.5","12","12","0.6","0.015","0.55","0.15","kingdom","450","0","-188.58328477989184","0","0","0.1449289355570255","0.04939119380349925","33","25","11.416715220108042","695","71","450","true","6.4.0","100763","[0.35 0.5 12 12 0.6 0.015 0.55 0.15 kingdom]"
"764","0.35","0.5","12","12","0.6","0.015","0.55","0.15","kingdom","450","0","-185.15844481087524","0","0","0.1344552556584318","0.022790433028367463","28","28","14.841555189124723","575","54","450","true","6.4.0","100764","[0.35 0.5 12 12 0.6 0.015 0.55 0.15 kingdom]"
"765","0.35","0.5","12","12","0.6","0.015","0.55","0.15","kingdom","450","0","-196.86148145513263","0","0","0.11651789743082502","0.03607947122576837","28","22","3.13851854486731","610","60","450","true","6.4.0","100765","[0.35 0.5 12 12 0.6 0.015 0.55 0.15 kingdom]"
"766","0.35","0.5","12","12","0.6","0.015","0.55","0.15","kingdom","450","0","46.21118565218786","0","0","0.17849434841808437","0.04795385232574553","24","19","246.211185652188","525","84","450","true","6.4.0","100766","[0.35 0.5 12 12 0.6 0.015 0.55 0.15 kingdom]"
"767","0.35","0.5","12","12","0.6","0.015","0.55","0.15","kingdom","450","0","-17.31216172093441","0","0","0.12939077825642029","0.04607680874830887","23","23","182.6878382790655","565","76","450","true","6.4.0","100767","[0.35 0.5 12 12 0.6 0.015 0.55 0.15 kingdom]"
"768","0.35","0.5","12","12","0.6","0.015","0.55","0.15","kingdom","450","0","125.39201058571453","0","0","0.13923206740660238","0.059979601927856056","18","21","325.3920105857144","470","79","450","true","6.4.0","100768","[0.35 0.5 12 12 0.6 0.015 0.55 0.15 kingdom]"
"769","0.35","0.5","12","12","0.6","0.015","0.55","0.15","kingdom","450","0","118.3117419465979","0","0","0.18303026882385479","0.07372921364902764","24","18","318.3117419465979","500","80","450","true","6.4.0","100769","[0.35 0.5 12 12 0.6 0.015 0.55 0.15 kingdom]"
"770","0.35","0.5","12","12","0.6","0.015","0.55","0.15","kingdom","450","0.03333333333333333","56.905763196264004","1","0","0.2183440788116142","0.10791722685447261","24","32","256.90576319626416","695","101","450","true","6.4.0","100770","[0.35 0.5 12 12 0.6 0.015 0.55 0.15 kingdom]"
"771","0.35","0.5","12","12","0.6","0.015","0.55","0.15","kingdom","450","0","-191.89710260452165","0","0","0.0839552281379684","0.01938705131848375","35","15","8.102897395478472","540","48","450","true","6.4.0","100771","[0.35 0.5 12 12 0.6 0.015 0.55 0.15 kingdom]"
"772","0.35","0.5","12","12","0.6","0.015","0.55","0.15","kingdom","450","0.03333333333333333","-165.70142287202245","1","0","0.10304870280431627","0.0476829537981441","33","25","34.29857712797753","665","69","450","true","6.4.0","100772","[0.35 0.5 12 12 0.6 0.015 0.55 0.15 kingdom]"
"773","0.35","0.5","12","12","0.6","0.015","0.55","0.15","kingdom","450","0","-64.6594044575599","0","0","0.12392186387323147","0.043949479127455275","21","27","135.34059554243987","615","77","450","true","6.4.0","100773","[0.35 0.5 12 12 0.6 0.015 0.55 0.15 kingdom]"
"774","0.35","0.5","12","12","0.6","0.015","0.55","0.15","kingdom","450","0","5.818234461087801","0","0","0.11293222291586678","0.0425408920443857","26","20","205.81823446108797","550","71","450","true","6.4.0","100774","[0.35 0.5 12 12 0.6 0.015 0.55 0.15 kingdom]"
"775","0.35","0.5","12","12","0.6","0.015","0.55","0.15","kingdom","450","0","-138.97696361282803","0","0","0.1427585519823856","0.03749526455230703","28","22","61.02303638717185","590","62","450","true","6.4.0","100775","[0.35 0.5 12 12 0.6 0.015 0.55 0.15 kingdom]"
"776","0.35","0.5","12","12","0.6","0.015","0.55","0.15","kingdom","450","0","1.1261473388409549","0","0","0.17538246657714715","0.06523236259114061","27","22","201.12614733884087","565","80","450","true","6.4.0","100776","[0.35 0.5 12 12 0.6 0.015 0.55 0.15 kingdom]"
"777","0.35","0.5","12","12","0.6","0.015","0.55","0.15","kingdom","450","0","-153.5073403238104","0","0","0.16001911432637447","0.05660124439621949","29","29","46.492659676189604","725","78","450","true","6.4.0","100777","[0.35 0.5 12 12 0.6 0.015 0.55 0.15 kingdom]"
"778","0.35","0.5","12","12","0.6","0.015","0.55","0.15","kingdom","450","0.03333333333333333","-38.97015645324632","1","0","0.15774146905837666","0.07281282103375684","21","26","161.0298435467537","570","72","450","true","6.4.0","100778","[0.35 0.5 12 12 0.6 0.015 0.55 0.15 kingdom]"
"779","0.35","0.5","12","12","0.6","0.015","0.55","0.15","kingdom","450","0","-103.94462340589888","0","0","0.15322739783107842","0.03681971952795505","21","20","96.05537659410106","475","51","450","true","6.4.0","100779","[0.35 0.5 12 12 0.6 0.015 0.55 0.15 kingdom]"
"780","0.35","0.5","12","12","0.6","0.015","0.55","0.15","kingdom","450","0","-24.39966353292478","0","0","0.14008876687034524","0.03664960644326336","25","18","175.60033646707552","520","70","450","true","6.4.0","100780","[0.35 0.5 12 12 0.6 0.015 0.55 0.15 kingdom]"
"781","0.35","0.6","12","12","0.6","0.015","0.55","0.15","kingdom","450","0","-196.8675699192067","0","0","0.08889763097780304","0.02002609868109589","32","24","3.132430080793309","505","42","450","true","6.4.0","100781","[0.35 0.6 12 12 0.6 0.015 0.55 0.15 kingdom]"
"783","0.35","0.6","12","12","0.6","0.015","0.55","0.15","kingdom","450","0.03333333333333333","-160.28768857008453","1","0","0.11910652509359915","0.06357776578766235","30","23","39.712311429915516","635","66","450","true","6.4.0","100783","[0.35 0.6 12 12 0.6 0.015 0.55 0.15 kingdom]"
"782","0.35","0.6","12","12","0.6","0.015","0.55","0.15","kingdom","450","0","-186.94430148661223","0","0","0.08729537763829341","0.020975842788183315","31","26","13.055698513387739","640","62","450","true","6.4.0","100782","[0.35 0.6 12 12 0.6 0.015 0.55 0.15 kingdom]"
"785","0.35","0.6","12","12","0.6","0.015","0.55","0.15","kingdom","450","0","-186.10121536780255","0","0","0.1046714254430964","0.02347337293955869","31","25","13.898784632197408","535","46","450","true","6.4.0","100785","[0.35 0.6 12 12 0.6 0.015 0.55 0.15 kingdom]"
"784","0.35","0.6","12","12","0.6","0.015","0.55","0.15","kingdom","450","0","-190.2006517649803","0","0","0.1514394613996215","0.03868622854112118","35","25","9.799348235019728","585","55","450","true","6.4.0","100784","[0.35 0.6 12 12 0.6 0.015 0.55 0.15 kingdom]"
"786","0.35","0.6","12","12","0.6","0.015","0.55","0.15","kingdom","450","0","-158.2655708590339","0","0","0.1249703238423785","0.05566657277019136","28","28","41.734429140966114","680","69","450","true","6.4.0","100786","[0.35 0.6 12 12 0.6 0.015 0.55 0.15 kingdom]"
"787","0.35","0.6","12","12","0.6","0.015","0.55","0.15","kingdom","450","0","47.9695466082148","0","0","0.09905579461258543","0.06242891660843079","33","18","247.9695466082144","590","84","450","true","6.4.0","100787","[0.35 0.6 12 12 0.6 0.015 0.55 0.15 kingdom]"
"788","0.35","0.6","12","12","0.6","0.015","0.55","0.15","kingdom","450","0","-118.73273354681169","0","0","0.14558047285934864","0.034359163018518143","33","19","81.26726645318828","600","71","450","true","6.4.0","100788","[0.35 0.6 12 12 0.6 0.015 0.55 0.15 kingdom]"
"789","0.35","0.6","12","12","0.6","0.015","0.55","0.15","kingdom","450","0","-38.17347684754194","0","0","0.10752732551672849","0.05394562116943434","34","16","161.8265231524579","555","69","450","true","6.4.0","100789","[0.35 0.6 12 12 0.6 0.015 0.55 0.15 kingdom]"
"791","0.35","0.6","12","12","0.6","0.015","0.55","0.15","kingdom","450","0","-193.89728709118165","0","0","0.09174279756892184","0.00651503729630772","24","22","6.1027129088183125","370","26","450","true","6.4.0","100791","[0.35 0.6 12 12 0.6 0.015 0.55 0.15 kingdom]"
"790","0.35","0.6","12","12","0.6","0.015","0.55","0.15","kingdom","450","0","-43.04156992321646","0","0","0.12370920494004514","0.059810974707405706","21","28","156.9584300767835","630","78","450","true","6.4.0","100790","[0.35 0.6 12 12 0.6 0.015 0.55 0.15 kingdom]"
"793","0.35","0.6","12","12","0.6","0.015","0.55","0.15","kingdom","450","0","-197.2257125256516","0","0","0.11113596002465118","0.007785838530829495","30","26","2.774287474348462","495","40","450","true","6.4.0","100793","[0.35 0.6 12 12 0.6 0.015 0.55 0.15 kingdom]"
"792","0.35","0.6","12","12","0.6","0.015","0.55","0.15","kingdom","450","0","-180.90056273190373","0","0","0.10791287096461066","0.061979227516241374","28","29","19.09943726809615","685","70","450","true","6.4.0","100792","[0.35 0.6 12 12 0.6 0.015 0.55 0.15 kingdom]"
"795","0.35","0.6","12","12","0.6","0.015","0.55","0.15","kingdom","450","0.03333333333333333","-107.63173640992426","1","0","0.1365797589318677","0.0643143575221486","33","25","92.36826359007578","695","82","450","true","6.4.0","100795","[0.35 0.6 12 12 0.6 0.015 0.55 0.15 kingdom]"
"794","0.35","0.6","12","12","0.6","0.015","0.55","0.15","kingdom","450","0.03333333333333333","-152.00716305750305","1","0","0.14681506560444998","0.054117368140200094","32","24","47.99283694249701","660","71","450","true","6.4.0","100794","[0.35 0.6 12 12 0.6 0.015 0.55 0.15 kingdom]"
"796","0.35","0.6","12","12","0.6","0.015","0.55","0.15","kingdom","450","0","-190.53375968736646","0","0","0.11474166686434938","0.0028782483701014243","26","26","9.466240312633538","480","42","450","true","6.4.0","100796","[0.35 0.6 12 12 0.6 0.015 0.55 0.15 kingdom]"
"797","0.35","0.6","12","12","0.6","0.015","0.55","0.15","kingdom","450","0","-188.09462846710136","0","0","0.09618167706865631","0.01952905147496438","29","21","11.905371532898695","465","39","450","true","6.4.0","100797","[0.35 0.6 12 12 0.6 0.015 0.55 0.15 kingdom]"
"798","0.35","0.6","12","12","0.6","0.015","0.55","0.15","kingdom","450","0","-176.91944032598826","0","0","0.12743863172287842","0.021548744999176504","34","22","23.080559674011774","510","47","450","true","6.4.0","100798","[0.35 0.6 12 12 0.6 0.015 0.55 0.15 kingdom]"
"799","0.35","0.6","12","12","0.6","0.015","0.55","0.15","kingdom","450","0","-98.26006485313366","0","0","0.1119926289604743","0.03550317208721179","23","20","101.73993514686634","530","58","450","true","6.4.0","100799","[0.35 0.6 12 12 0.6 0.015 0.55 0.15 kingdom]"
"800","0.35","0.6","12","12","0.6","0.015","0.55","0.15","kingdom","450","0","-190.6397330086438","0","0","0.1308020243588605","0.029424367644054872","28","21","9.360266991356399","485","42","450","true","6.4.0","100800","[0.35 0.6 12 12 0.6 0.015 0.55 0.15 kingdom]"
"801","0.35","0.7","12","12","0.6","0.015","0.55","0.15","kingdom","450","0.03333333333333333","-184.38771770196416","1","0","0.10100155226545236","0.055095983161528944","32","20","15.612282298035865","610","59","450","true","6.4.0","100801","[0.35 0.7 12 12 0.6 0.015 0.55 0.15 kingdom]"
"802","0.35","0.7","12","12","0.6","0.015","0.55","0.15","kingdom","450","0","-183.09700240166845","0","0","0.08970824059050876","0.027079286768742532","35","28","16.902997598331538","595","57","450","true","6.4.0","100802","[0.35 0.7 12 12 0.6 0.015 0.55 0.15 kingdom]"
"803","0.35","0.7","12","12","0.6","0.015","0.55","0.15","kingdom","450","0","-184.8830271740333","0","0","0.09839518096414909","0.03137017325938538","39","22","15.11697282596676","615","63","450","true","6.4.0","100803","[0.35 0.7 12 12 0.6 0.015 0.55 0.15 kingdom]"
"804","0.35","0.7","12","12","0.6","0.015","0.55","0.15","kingdom","450","0","-193.39058412147185","0","0","0.08341964766089878","0.007433554156039176","29","26","6.609415878528047","475","39","450","true","6.4.0","100804","[0.35 0.7 12 12 0.6 0.015 0.55 0.15 kingdom]"
"805","0.35","0.7","12","12","0.6","0.015","0.55","0.15","kingdom","450","0","-196.74672006583836","0","0","0.04361236080084316","0.00434301180301551","31","22","3.253279934161636","440","35","450","true","6.4.0","100805","[0.35 0.7 12 12 0.6 0.015 0.55 0.15 kingdom]"
"806","0.35","0.7","12","12","0.6","0.015","0.55","0.15","kingdom","450","0.03333333333333333","-87.1169861337998","1","0","0.10152198601570088","0.050745857508700434","34","24","112.88301386620012","690","80","450","true","6.4.0","100806","[0.35 0.7 12 12 0.6 0.015 0.55 0.15 kingdom]"
"808","0.35","0.7","12","12","0.6","0.015","0.55","0.15","kingdom","450","0","-192.1105393432812","0","0","0.04889726432536546","0.008642095820465994","29","29","7.889460656718741","460","39","450","true","6.4.0","100808","[0.35 0.7 12 12 0.6 0.015 0.55 0.15 kingdom]"
"807","0.35","0.7","12","12","0.6","0.015","0.55","0.15","kingdom","450","0.03333333333333333","-125.33478714119445","1","0","0.12047181767602172","0.06908987044321722","39","25","74.66521285880553","755","89","450","true","6.4.0","100807","[0.35 0.7 12 12 0.6 0.015 0.55 0.15 kingdom]"
"809","0.35","0.7","12","12","0.6","0.015","0.55","0.15","kingdom","450","0.03333333333333333","1.2337913549566117","1","0","0.11702205955902098","0.08041715212771253","33","19","201.2337913549568","595","78","450","true","6.4.0","100809","[0.35 0.7 12 12 0.6 0.015 0.55 0.15 kingdom]"
"810","0.35","0.7","12","12","0.6","0.015","0.55","0.15","kingdom","450","0","-190.38717028225273","0","0","0.0861117042089361","0.039076974137228784","32","32","9.612829717747452","710","76","450","true","6.4.0","100810","[0.35 0.7 12 12 0.6 0.015 0.55 0.15 kingdom]"
"811","0.35","0.7","12","12","0.6","0.015","0.55","0.15","kingdom","450","0","-175.0082643821723","0","0","0.09946298876178643","0.03981889902160946","33","30","24.9917356178279","700","70","450","true","6.4.0","100811","[0.35 0.7 12 12 0.6 0.015 0.55 0.15 kingdom]"
"812","0.35","0.7","12","12","0.6","0.015","0.55","0.15","kingdom","450","0","-199.919421693458","0","0","0.026926775487338832","0.003848319127738906","28","21","0.08057830654205134","415","29","450","true","6.4.0","100812","[0.35 0.7 12 12 0.6 0.015 0.55 0.15 kingdom]"
"813","0.35","0.7","12","12","0.6","0.015","0.55","0.15","kingdom","450","0","-189.42046479756058","0","0","0.08469329855759183","0.019206342907749373","33","28","10.579535202439494","540","48","450","true","6.4.0","100813","[0.35 0.7 12 12 0.6 0.015 0.55 0.15 kingdom]"
"814","0.35","0.7","12","12","0.6","0.015","0.55","0.15","kingdom","450","0","-194.26969161008913","0","0","0.0804949367355131","0.023627324907610433","26","29","5.730308389910883","595","54","450","true","6.4.0","100814","[0.35 0.7 12 12 0.6 0.015 0.55 0.15 kingdom]"
"815","0.35","0.7","12","12","0.6","0.015","0.55","0.15","kingdom","450","0","-194.98560083845732","0","0","0.0661194637956506","0.03140793649024009","38","23","5.0143991615427375","565","52","450","true","6.4.0","100815","[0.35 0.7 12 12 0.6 0.015 0.55 0.15 kingdom]"
"816","0.35","0.7","12","12","0.6","0.015","0.55","0.15","kingdom","450","0","-199.55896939674005","0","0","0.04385968994035613","0.020465155625713796","32","30","0.4410306032598328","540","44","450","true","6.4.0","100816","[0.35 0.7 12 12 0.6 0.015 0.55 0.15 kingdom]"
"817","0.35","0.7","12","12","0.6","0.015","0.55","0.15","kingdom","450","0","-74.31095288909975","0","0","0.08250548848715665","0.05085513261922466","24","21","125.68904711090008","555","67","450","true","6.4.0","100817","[0.35 0.7 12 12 0.6 0.015 0.55 0.15 kingdom]"
"818","0.35","0.7","12","12","0.6","0.015","0.55","0.15","kingdom","450","0","-182.87452168947772","0","0","0.08550909156756989","0.022724604129634673","27","25","17.125478310522027","570","56","450","true","6.4.0","100818","[0.35 0.7 12 12 0.6 0.015 0.55 0.15 kingdom]"
"820","0.35","0.7","12","12","0.6","0.015","0.55","0.15","kingdom","450","0","-188.00072895608196","0","0","0.029418296708503145","0.003922380455318891","28","20","11.99927104391804","380","27","450","true","6.4.0","100820","[0.35 0.7 12 12 0.6 0.015 0.55 0.15 kingdom]"
"819","0.35","0.7","12","12","0.6","0.015","0.55","0.15","kingdom","450","0","-159.08391246682248","0","0","0.08968173596859819","0.03727461160902212","31","25","40.91608753317748","665","68","450","true","6.4.0","100819","[0.35 0.7 12 12 0.6 0.015 0.55 0.15 kingdom]"
"821","0.35","0.8","12","12","0.6","0.015","0.55","0.15","kingdom","450","0","-186.33822673034484","0","0","0.04744254651926102","0.02321649511735429","32","23","13.66177326965515","515","43","450","true","6.4.0","100821","[0.35 0.8 12 12 0.6 0.015 0.55 0.15 kingdom]"
"822","0.35","0.8","12","12","0.6","0.015","0.55","0.15","kingdom","450","0","-190.13867059804684","0","0","0.03424386195270188","0.0350902805618318","29","28","9.861329401953157","575","55","450","true","6.4.0","100822","[0.35 0.8 12 12 0.6 0.015 0.55 0.15 kingdom]"
"823","0.35","0.8","12","12","0.6","0.015","0.55","0.15","kingdom","450","0","-195.8167494818058","0","0","0.03039474961334377","0.008327309447126311","33","27","4.183250518194143","505","44","450","true","6.4.0","100823","[0.35 0.8 12 12 0.6 0.015 0.55 0.15 kingdom]"
"824","0.35","0.8","12","12","0.6","0.015","0.55","0.15","kingdom","450","0","-199.97289291777344","0","0","0.04402160892461602","0.017047779176887434","36","22","0.02710708222651448","480","41","450","true","6.4.0","100824","[0.35 0.8 12 12 0.6 0.015 0.55 0.15 kingdom]"
"825","0.35","0.8","12","12","0.6","0.015","0.55","0.15","kingdom","450","0","-192.64875937349902","0","0","0.050295847349013524","0.018608181804593973","25","24","7.351240626501067","445","35","450","true","6.4.0","100825","[0.35 0.8 12 12 0.6 0.015 0.55 0.15 kingdom]"
"826","0.35","0.8","12","12","0.6","0.015","0.55","0.15","kingdom","450","0","-195.79602301996934","0","0","0.06615019431245091","0.006934559136047136","37","20","4.203976980030571","430","34","450","true","6.4.0","100826","[0.35 0.8 12 12 0.6 0.015 0.55 0.15 kingdom]"
"828","0.35","0.8","12","12","0.6","0.015","0.55","0.15","kingdom","450","0","-188.2942295122941","0","0","0.03810188048530235","0.018864046529167133","39","26","11.70577048770576","570","54","450","true","6.4.0","100828","[0.35 0.8 12 12 0.6 0.015 0.55 0.15 kingdom]"
"827","0.35","0.8","12","12","0.6","0.015","0.55","0.15","kingdom","450","0","-101.18351183002056","0","0","0.07929191704787208","0.0642855411003613","39","26","98.81648816997941","730","86","450","true","6.4.0","100827","[0.35 0.8 12 12 0.6 0.015 0.55 0.15 kingdom]"
"830","0.35","0.8","12","12","0.6","0.015","0.55","0.15","kingdom","450","0","-184.15964355429054","0","0","0.05698372743444946","0.015702694797800454","33","30","15.840356445709432","570","53","450","true","6.4.0","100830","[0.35 0.8 12 12 0.6 0.015 0.55 0.15 kingdom]"
"829","0.35","0.8","12","12","0.6","0.015","0.55","0.15","kingdom","450","0","-191.35589921749096","0","0","0.03718241176575677","0.008630903126175739","33","26","8.644100782509046","515","45","450","true","6.4.0","100829","[0.35 0.8 12 12 0.6 0.015 0.55 0.15 kingdom]"
"832","0.35","0.8","12","12","0.6","0.015","0.55","0.15","kingdom","450","0","-195.79573707299082","0","0","0.04795735062792477","0.0038572024338263938","31","27","4.204262927009243","500","41","450","true","6.4.0","100832","[0.35 0.8 12 12 0.6 0.015 0.55 0.15 kingdom]"
"831","0.35","0.8","12","12","0.6","0.015","0.55","0.15","kingdom","450","0","-193.9990913266021","0","0","0.03909104844398394","0.0016202111281369488","29","29","6.000908673397845","540","48","450","true","6.4.0","100831","[0.35 0.8 12 12 0.6 0.015 0.55 0.15 kingdom]"
"833","0.35","0.8","12","12","0.6","0.015","0.55","0.15","kingdom","450","0","-192.54507320683834","0","0","0.032915951573356333","0.010737387095829167","32","27","7.454926793161739","470","39","450","true","6.4.0","100833","[0.35 0.8 12 12 0.6 0.015 0.55 0.15 kingdom]"
"834","0.35","0.8","12","12","0.6","0.015","0.55","0.15","kingdom","450","0","-188.27779648233852","0","0","0.06623480757049281","0.020429246586284148","37","21","11.722203517661656","540","47","450","true","6.4.0","100834","[0.35 0.8 12 12 0.6 0.015 0.55 0.15 kingdom]"
"835","0.35","0.8","12","12","0.6","0.015","0.55","0.15","kingdom","450","0","-189.52997382095134","0","0","0.0568762302804763","0.012938878532897675","32","25","10.470026179048682","450","39","450","true","6.4.0","100835","[0.35 0.8 12 12 0.6 0.015 0.55 0.15 kingdom]"
"837","0.35","0.8","12","12","0.6","0.015","0.55","0.15","kingdom","450","0","-195.89191190989217","0","0","0.04403248350077725","0.01266769813076445","40","20","4.108088090107788","505","46","450","true","6.4.0","100837","[0.35 0.8 12 12 0.6 0.015 0.55 0.15 kingdom]"
"836","0.35","0.8","12","12","0.6","0.015","0.55","0.15","kingdom","450","0","-191.25379996808684","0","0","0.048911811561710365","0.03916603778707634","31","30","8.74620003191316","680","64","450","true","6.4.0","100836","[0.35 0.8 12 12 0.6 0.015 0.55 0.15 kingdom]"
"838","0.35","0.8","12","12","0.6","0.015","0.55","0.15","kingdom","450","0","-190.43281754418115","0","0","0.063628939784534","0.06139068519438547","44","33","9.567182455818902","730","71","450","true","6.4.0","100838","[0.35 0.8 12 12 0.6 0.015 0.55 0.15 kingdom]"
"840","0.35","0.8","12","12","0.6","0.015","0.55","0.15","kingdom","450","0","-197.35708094188027","0","0","0.03252447878766535","0.0035657001194468537","24","29","2.642919058119709","470","37","450","true","6.4.0","100840","[0.35 0.8 12 12 0.6 0.015 0.55 0.15 kingdom]"
"839","0.35","0.8","12","12","0.6","0.015","0.55","0.15","kingdom","450","0","-190.36936631545754","0","0","0.05703323921728547","0.0432830748821597","36","26","9.630633684542367","605","57","450","true","6.4.0","100839","[0.35 0.8 12 12 0.6 0.015 0.55 0.15 kingdom]"
"841","0.4","0.2","12","12","0.6","0.015","0.55","0.15","kingdom","450","0","255.00856903007806","0","0","0.27044561561436625","0.07650668925990459","15","18","455.0085690300781","410","90","450","true","6.4.0","100841","[0.4 0.2 12 12 0.6 0.015 0.55 0.15 kingdom]"
"842","0.4","0.2","12","12","0.6","0.015","0.55","0.15","kingdom","450","0","44.38514342158237","0","0","0.24755551515211102","0.04825175240967156","11","25","244.38514342158254","470","74","450","true","6.4.0","100842","[0.4 0.2 12 12 0.6 0.015 0.55 0.15 kingdom]"
"843","0.4","0.2","12","12","0.6","0.015","0.55","0.15","kingdom","450","0","246.46870189891428","0","0","0.2964313009263077","0.07053227043969074","17","17","446.46870189891433","425","93","450","true","6.4.0","100843","[0.4 0.2 12 12 0.6 0.015 0.55 0.15 kingdom]"
"844","0.4","0.2","12","12","0.6","0.015","0.55","0.15","kingdom","450","0","155.08908027926012","0","0","0.29332316280623044","0.062412460505432685","12","20","355.08908027925986","420","81","450","true","6.4.0","100844","[0.4 0.2 12 12 0.6 0.015 0.55 0.15 kingdom]"
"845","0.4","0.2","12","12","0.6","0.015","0.55","0.15","kingdom","450","0.06666666666666667","399.2238928621282","2","0","0.32279892909940705","0.11950769125986133","17","17","599.2238928621279","410","113","450","true","6.4.0","100845","[0.4 0.2 12 12 0.6 0.015 0.55 0.15 kingdom]"
"846","0.4","0.2","12","12","0.6","0.015","0.55","0.15","kingdom","450","0.1","397.5880661873985","3","0","0.31436166223218914","0.12325198916105845","14","19","597.5880661873985","415","114","450","true","6.4.0","100846","[0.4 0.2 12 12 0.6 0.015 0.55 0.15 kingdom]"
"847","0.4","0.2","12","12","0.6","0.015","0.55","0.15","kingdom","450","0","230.00323809310265","0","0","0.2750489026956941","0.052177056377886354","15","12","430.0032380931027","330","82","450","true","6.4.0","100847","[0.4 0.2 12 12 0.6 0.015 0.55 0.15 kingdom]"
"848","0.4","0.2","12","12","0.6","0.015","0.55","0.15","kingdom","450","0.03333333333333333","65.75998456517371","1","0","0.2650701486749287","0.06002792172855745","15","23","265.75998456517374","495","79","450","true","6.4.0","100848","[0.4 0.2 12 12 0.6 0.015 0.55 0.15 kingdom]"
"849","0.4","0.2","12","12","0.6","0.015","0.55","0.15","kingdom","450","0","313.4108319139437","0","0","0.316518257674949","0.0842103894364191","11","21","513.4108319139432","400","100","450","true","6.4.0","100849","[0.4 0.2 12 12 0.6 0.015 0.55 0.15 kingdom]"
"850","0.4","0.2","12","12","0.6","0.015","0.55","0.15","kingdom","450","0","-38.79929751506948","0","0","0.3017651651098745","0.03700929843498734","25","18","161.20070248493073","520","70","450","true","6.4.0","100850","[0.4 0.2 12 12 0.6 0.015 0.55 0.15 kingdom]"
"851","0.4","0.2","12","12","0.6","0.015","0.55","0.15","kingdom","450","0.1","488.5220338067151","3","0","0.2987181398434288","0.1182182112163091","16","12","688.5220338067159","320","123","450","true","6.4.0","100851","[0.4 0.2 12 12 0.6 0.015 0.55 0.15 kingdom]"
"852","0.4","0.2","12","12","0.6","0.015","0.55","0.15","kingdom","450","0","195.26535991993313","0","0","0.24668152071366028","0.06349237682257533","16","17","395.26535991993325","415","85","450","true","6.4.0","100852","[0.4 0.2 12 12 0.6 0.015 0.55 0.15 kingdom]"
"853","0.4","0.2","12","12","0.6","0.015","0.55","0.15","kingdom","450","0","145.58119779624136","0","0","0.2718786592138217","0.062307860183045946","21","17","345.5811977962414","465","88","450","true","6.4.0","100853","[0.4 0.2 12 12 0.6 0.015 0.55 0.15 kingdom]"
"854","0.4","0.2","12","12","0.6","0.015","0.55","0.15","kingdom","450","0.03333333333333333","158.54313993205233","1","0","0.29872096028302264","0.06183880371760756","18","17","358.5431399320521","435","83","450","true","6.4.0","100854","[0.4 0.2 12 12 0.6 0.015 0.55 0.15 kingdom]"
"855","0.4","0.2","12","12","0.6","0.015","0.55","0.15","kingdom","450","0.06666666666666667","308.6303028334136","2","0","0.288541272357738","0.10333126433910711","14","19","508.6303028334135","410","96","450","true","6.4.0","100855","[0.4 0.2 12 12 0.6 0.015 0.55 0.15 kingdom]"
"856","0.4","0.2","12","12","0.6","0.015","0.55","0.15","kingdom","450","0.03333333333333333","127.4523776733802","1","0","0.3200463004599075","0.031513889943775124","14","12","327.45237767337994","320","67","450","true","6.4.0","100856","[0.4 0.2 12 12 0.6 0.015 0.55 0.15 kingdom]"
"857","0.4","0.2","12","12","0.6","0.015","0.55","0.15","kingdom","450","0.03333333333333333","190.51846675161173","1","0","0.21907808459247166","0.07454775181790985","13","19","390.5184667516119","405","82","450","true","6.4.0","100857","[0.4 0.2 12 12 0.6 0.015 0.55 0.15 kingdom]"
"858","0.4","0.2","12","12","0.6","0.015","0.55","0.15","kingdom","450","0.03333333333333333","146.16294673820818","1","0","0.24398505846799493","0.0636429813677079","16","16","346.1629467382081","375","73","450","true","6.4.0","100858","[0.4 0.2 12 12 0.6 0.015 0.55 0.15 kingdom]"
"859","0.4","0.2","12","12","0.6","0.015","0.55","0.15","kingdom","450","0.03333333333333333","326.300801875601","1","0","0.28651880552339215","0.10615788488404286","24","13","526.3008018756012","435","103","450","true","6.4.0","100859","[0.4 0.2 12 12 0.6 0.015 0.55 0.15 kingdom]"
"860","0.4","0.2","12","12","0.6","0.015","0.55","0.15","kingdom","450","0.03333333333333333","179.6304122573545","1","0","0.3135770638619742","0.06434173925359994","17","15","379.63041225735446","385","81","450","true","6.4.0","100860","[0.4 0.2 12 12 0.6 0.015 0.55 0.15 kingdom]"
"861","0.4","0.3","12","12","0.6","0.015","0.55","0.15","kingdom","450","0","-39.912992989868634","0","0","0.1947949769344783","0.05416782598764601","17","31","160.08700701013152","600","76","450","true","6.4.0","100861","[0.4 0.3 12 12 0.6 0.015 0.55 0.15 kingdom]"
"863","0.4","0.3","12","12","0.6","0.015","0.55","0.15","kingdom","450","0","81.27948406881006","0","0","0.2583768928653949","0.05811160493093388","25","17","281.27948406881","495","78","450","true","6.4.0","100863","[0.4 0.3 12 12 0.6 0.015 0.55 0.15 kingdom]"
"862","0.4","0.3","12","12","0.6","0.015","0.55","0.15","kingdom","450","0.03333333333333333","125.21556519593277","1","0","0.24172521865317276","0.07939991494695593","27","20","325.21556519593275","570","97","450","true","6.4.0","100862","[0.4 0.3 12 12 0.6 0.015 0.55 0.15 kingdom]"
"864","0.4","0.3","12","12","0.6","0.015","0.55","0.15","kingdom","450","0.03333333333333333","-45.03541036040634","1","0","0.2239612957962063","0.056863037257882346","25","20","154.96458963959375","550","69","450","true","6.4.0","100864","[0.4 0.3 12 12 0.6 0.015 0.55 0.15 kingdom]"
"865","0.4","0.3","12","12","0.6","0.015","0.55","0.15","kingdom","450","0.03333333333333333","280.86403588327556","1","0","0.29067346821132933","0.08815893055030523","14","16","480.8640358832751","380","90","450","true","6.4.0","100865","[0.4 0.3 12 12 0.6 0.015 0.55 0.15 kingdom]"
"866","0.4","0.3","12","12","0.6","0.015","0.55","0.15","kingdom","450","0","27.181713920819316","0","0","0.21313688608360568","0.05237839336460495","26","17","227.18171392081913","515","76","450","true","6.4.0","100866","[0.4 0.3 12 12 0.6 0.015 0.55 0.15 kingdom]"
"867","0.4","0.3","12","12","0.6","0.015","0.55","0.15","kingdom","450","0","241.44784154607214","0","0","0.23751062901867825","0.08712015891944888","20","20","441.4478415460721","500","104","450","true","6.4.0","100867","[0.4 0.3 12 12 0.6 0.015 0.55 0.15 kingdom]"
"868","0.4","0.3","12","12","0.6","0.015","0.55","0.15","kingdom","450","0.03333333333333333","-11.79537783422083","1","0","0.25188712017932535","0.06254720213637957","25","20","188.20462216577914","550","78","450","true","6.4.0","100868","[0.4 0.3 12 12 0.6 0.015 0.55 0.15 kingdom]"
"869","0.4","0.3","12","12","0.6","0.015","0.55","0.15","kingdom","450","0","11.324962489377045","0","0","0.21060332930357287","0.0761469884191422","25","22","211.3249624893769","570","76","450","true","6.4.0","100869","[0.4 0.3 12 12 0.6 0.015 0.55 0.15 kingdom]"
"870","0.4","0.3","12","12","0.6","0.015","0.55","0.15","kingdom","450","0.03333333333333333","-121.36938087075684","1","0","0.23008211599443812","0.04403831196742718","30","18","78.6306191292434","555","62","450","true","6.4.0","100870","[0.4 0.3 12 12 0.6 0.015 0.55 0.15 kingdom]"
"871","0.4","0.3","12","12","0.6","0.015","0.55","0.15","kingdom","450","0.03333333333333333","201.1437498192918","1","0","0.23948682702810367","0.07681155519565808","13","23","401.14374981929166","475","95","450","true","6.4.0","100871","[0.4 0.3 12 12 0.6 0.015 0.55 0.15 kingdom]"
"872","0.4","0.3","12","12","0.6","0.015","0.55","0.15","kingdom","450","0","148.65150890622573","0","0","0.21805241008905987","0.05637095420005226","21","17","348.65150890622556","455","85","450","true","6.4.0","100872","[0.4 0.3 12 12 0.6 0.015 0.55 0.15 kingdom]"
"873","0.4","0.3","12","12","0.6","0.015","0.55","0.15","kingdom","450","0","42.8835088963921","0","0","0.24071576726565824","0.05601039113808094","18","19","242.88350889639224","440","65","450","true","6.4.0","100873","[0.4 0.3 12 12 0.6 0.015 0.55 0.15 kingdom]"
"874","0.4","0.3","12","12","0.6","0.015","0.55","0.15","kingdom","450","0.06666666666666667","348.7459797821234","2","0","0.2981138131364626","0.10115780826816231","19","17","548.7459797821234","420","105","450","true","6.4.0","100874","[0.4 0.3 12 12 0.6 0.015 0.55 0.15 kingdom]"
"875","0.4","0.3","12","12","0.6","0.015","0.55","0.15","kingdom","450","0.06666666666666667","268.9570378325864","2","0","0.33155276814751894","0.09639604794241742","19","20","468.9570378325866","475","104","450","true","6.4.0","100875","[0.4 0.3 12 12 0.6 0.015 0.55 0.15 kingdom]"
"876","0.4","0.3","12","12","0.6","0.015","0.55","0.15","kingdom","450","0.03333333333333333","56.78918252755423","1","0","0.20653900848140327","0.06499612323324626","18","23","256.7891825275544","495","77","450","true","6.4.0","100876","[0.4 0.3 12 12 0.6 0.015 0.55 0.15 kingdom]"
"878","0.4","0.3","12","12","0.6","0.015","0.55","0.15","kingdom","450","0.03333333333333333","76.14873559733135","1","0","0.23235071064928486","0.06134159321376112","20","26","276.14873559733167","590","90","450","true","6.4.0","100878","[0.4 0.3 12 12 0.6 0.015 0.55 0.15 kingdom]"
"877","0.4","0.3","12","12","0.6","0.015","0.55","0.15","kingdom","450","0.03333333333333333","12.426515266216196","1","0","0.24916046234775682","0.05612366690700948","25","21","212.42651526621628","540","78","450","true","6.4.0","100877","[0.4 0.3 12 12 0.6 0.015 0.55 0.15 kingdom]"
"879","0.4","0.3","12","12","0.6","0.015","0.55","0.15","kingdom","450","0.03333333333333333","212.0864870432502","1","0","0.2796120382196008","0.07295011767380631","15","20","412.0864870432502","450","96","450","true","6.4.0","100879","[0.4 0.3 12 12 0.6 0.015 0.55 0.15 kingdom]"
"881","0.4","0.4","12","12","0.6","0.015","0.55","0.15","kingdom","450","0.03333333333333333","50.89870324409338","1","0","0.208907618374815","0.07737255028583859","24","24","250.8987032440936","575","91","450","true","6.4.0","100881","[0.4 0.4 12 12 0.6 0.015 0.55 0.15 kingdom]"
"880","0.4","0.3","12","12","0.6","0.015","0.55","0.15","kingdom","450","0.03333333333333333","190.46855252497943","1","0","0.19880339840697694","0.05858665430325856","10","21","390.46855252497954","385","84","450","true","6.4.0","100880","[0.4 0.3 12 12 0.6 0.015 0.55 0.15 kingdom]"
"882","0.4","0.4","12","12","0.6","0.015","0.55","0.15","kingdom","450","0.06666666666666667","139.95923921496788","2","0","0.21559601512730941","0.09473409039230211","19","22","339.9592392149684","520","88","450","true","6.4.0","100882","[0.4 0.4 12 12 0.6 0.015 0.55 0.15 kingdom]"
"883","0.4","0.4","12","12","0.6","0.015","0.55","0.15","kingdom","450","0","-185.14468439250598","0","0","0.19935210634597586","0.04798459979796411","25","32","14.855315607493988","715","74","450","true","6.4.0","100883","[0.4 0.4 12 12 0.6 0.015 0.55 0.15 kingdom]"
"884","0.4","0.4","12","12","0.6","0.015","0.55","0.15","kingdom","450","0.06666666666666667","330.6254269084267","2","0","0.2730901398841963","0.09601223069029012","18","13","530.6254269084264","365","89","450","true","6.4.0","100884","[0.4 0.4 12 12 0.6 0.015 0.55 0.15 kingdom]"
"885","0.4","0.4","12","12","0.6","0.015","0.55","0.15","kingdom","450","0","-102.93421990605991","0","0","0.1702324539734035","0.050562676743508166","31","22","97.06578009394018","630","80","450","true","6.4.0","100885","[0.4 0.4 12 12 0.6 0.015 0.55 0.15 kingdom]"
"886","0.4","0.4","12","12","0.6","0.015","0.55","0.15","kingdom","450","0.03333333333333333","149.71317182826002","1","0","0.18119824483589042","0.07822427650093886","21","18","349.7131718282599","480","83","450","true","6.4.0","100886","[0.4 0.4 12 12 0.6 0.015 0.55 0.15 kingdom]"
"887","0.4","0.4","12","12","0.6","0.015","0.55","0.15","kingdom","450","0","3.5574779028376007","0","0","0.1955415804086232","0.05234712165517434","22","20","203.55747790283775","520","72","450","true","6.4.0","100887","[0.4 0.4 12 12 0.6 0.015 0.55 0.15 kingdom]"
"888","0.4","0.4","12","12","0.6","0.015","0.55","0.15","kingdom","450","0","-1.1873205243098006","0","0","0.21806641347587988","0.04899814798286819","21","24","198.8126794756902","570","81","450","true","6.4.0","100888","[0.4 0.4 12 12 0.6 0.015 0.55 0.15 kingdom]"
"889","0.4","0.4","12","12","0.6","0.015","0.55","0.15","kingdom","450","0.03333333333333333","-19.962349988999446","1","0","0.21200111200670504","0.06804921699327797","22","27","180.03765001100038","615","83","450","true","6.4.0","100889","[0.4 0.4 12 12 0.6 0.015 0.55 0.15 kingdom]"
"890","0.4","0.4","12","12","0.6","0.015","0.55","0.15","kingdom","450","0","-196.40793822710054","0","0","0.16708159669555198","0.01566857370765386","31","23","3.5920617728994593","550","51","450","true","6.4.0","100890","[0.4 0.4 12 12 0.6 0.015 0.55 0.15 kingdom]"
"891","0.4","0.4","12","12","0.6","0.015","0.55","0.15","kingdom","450","0","-178.2737373968847","0","0","0.22461940320983093","0.03265804462454651","29","27","21.726262603115313","575","60","450","true","6.4.0","100891","[0.4 0.4 12 12 0.6 0.015 0.55 0.15 kingdom]"
"892","0.4","0.4","12","12","0.6","0.015","0.55","0.15","kingdom","450","0","-36.19812274166287","0","0","0.24421985771542756","0.07108291363243623","26","22","163.80187725833716","580","72","450","true","6.4.0","100892","[0.4 0.4 12 12 0.6 0.015 0.55 0.15 kingdom]"
"894","0.4","0.4","12","12","0.6","0.015","0.55","0.15","kingdom","450","0.03333333333333333","-99.04612589733618","1","0","0.23745955894810697","0.06102749112536336","25","23","100.95387410266383","585","70","450","true","6.4.0","100894","[0.4 0.4 12 12 0.6 0.015 0.55 0.15 kingdom]"
"893","0.4","0.4","12","12","0.6","0.015","0.55","0.15","kingdom","450","0.03333333333333333","46.559864925479495","1","0","0.19570254923021413","0.07155517661663428","20","25","246.55986492547945","560","82","450","true","6.4.0","100893","[0.4 0.4 12 12 0.6 0.015 0.55 0.15 kingdom]"
"895","0.4","0.4","12","12","0.6","0.015","0.55","0.15","kingdom","450","0.03333333333333333","186.86179330802753","1","0","0.2469064606138831","0.060575539823078665","20","19","386.8617933080278","485","87","450","true","6.4.0","100895","[0.4 0.4 12 12 0.6 0.015 0.55 0.15 kingdom]"
"896","0.4","0.4","12","12","0.6","0.015","0.55","0.15","kingdom","450","0.1","204.88035542227874","3","0","0.2727869851290201","0.10649609815934234","23","18","404.88035542227914","500","99","450","true","6.4.0","100896","[0.4 0.4 12 12 0.6 0.015 0.55 0.15 kingdom]"
"897","0.4","0.4","12","12","0.6","0.015","0.55","0.15","kingdom","450","0","-87.01395580149901","0","0","0.2297876763190242","0.06835424958051999","23","30","112.98604419850096","670","80","450","true","6.4.0","100897","[0.4 0.4 12 12 0.6 0.015 0.55 0.15 kingdom]"
"898","0.4","0.4","12","12","0.6","0.015","0.55","0.15","kingdom","450","0","-12.517456815773306","0","0","0.26169870730612643","0.06961138136548618","21","25","187.48254318422667","565","78","450","true","6.4.0","100898","[0.4 0.4 12 12 0.6 0.015 0.55 0.15 kingdom]"
"899","0.4","0.4","12","12","0.6","0.015","0.55","0.15","kingdom","450","0","-118.88941953227194","0","0","0.181337103583495","0.054374760560094194","24","28","81.110580467728","660","77","450","true","6.4.0","100899","[0.4 0.4 12 12 0.6 0.015 0.55 0.15 kingdom]"
"900","0.4","0.4","12","12","0.6","0.015","0.55","0.15","kingdom","450","0","-194.3892015796207","0","0","0.20606143270251778","0.021390439417184222","17","35","5.610798420379158","570","55","450","true","6.4.0","100900","[0.4 0.4 12 12 0.6 0.015 0.55 0.15 kingdom]"
"901","0.4","0.5","12","12","0.6","0.015","0.55","0.15","kingdom","450","0","-185.31392059782243","0","0","0.17386859411196579","0.05046525912502722","27","30","14.686079402177564","620","63","450","true","6.4.0","100901","[0.4 0.5 12 12 0.6 0.015 0.55 0.15 kingdom]"
"902","0.4","0.5","12","12","0.6","0.015","0.55","0.15","kingdom","450","0","33.44898400064032","0","0","0.17477582116271048","0.06738366280206425","33","22","233.44898400064048","650","92","450","true","6.4.0","100902","[0.4 0.5 12 12 0.6 0.015 0.55 0.15 kingdom]"
"904","0.4","0.5","12","12","0.6","0.015","0.55","0.15","kingdom","450","0","-28.062687303265893","0","0","0.16908690916480631","0.05883655090808871","28","24","171.9373126967343","625","84","450","true","6.4.0","100904","[0.4 0.5 12 12 0.6 0.015 0.55 0.15 kingdom]"
"903","0.4","0.5","12","12","0.6","0.015","0.55","0.15","kingdom","450","0","25.816835373133895","0","0","0.17364177318358584","0.050401859321236135","27","19","225.81683537313404","555","83","450","true","6.4.0","100903","[0.4 0.5 12 12 0.6 0.015 0.55 0.15 kingdom]"
"905","0.4","0.5","12","12","0.6","0.015","0.55","0.15","kingdom","450","0","-180.50823644307872","0","0","0.14336961894770942","0.04227532414995621","28","28","19.491763556921313","635","60","450","true","6.4.0","100905","[0.4 0.5 12 12 0.6 0.015 0.55 0.15 kingdom]"
"906","0.4","0.5","12","12","0.6","0.015","0.55","0.15","kingdom","450","0.06666666666666667","178.10600002407278","2","0","0.23378716545051625","0.09199581569774641","24","23","378.10600002407284","570","103","450","true","6.4.0","100906","[0.4 0.5 12 12 0.6 0.015 0.55 0.15 kingdom]"
"907","0.4","0.5","12","12","0.6","0.015","0.55","0.15","kingdom","450","0","-194.06201889188912","0","0","0.1222407397704403","0.025623140026817877","22","28","5.937981108110819","575","52","450","true","6.4.0","100907","[0.4 0.5 12 12 0.6 0.015 0.55 0.15 kingdom]"
"908","0.4","0.5","12","12","0.6","0.015","0.55","0.15","kingdom","450","0.03333333333333333","-38.55328671465129","1","0","0.15534572806263297","0.05205694518083701","30","18","161.4467132853487","570","77","450","true","6.4.0","100908","[0.4 0.5 12 12 0.6 0.015 0.55 0.15 kingdom]"
"909","0.4","0.5","12","12","0.6","0.015","0.55","0.15","kingdom","450","0","223.7348976209732","0","0","0.17222909562047445","0.08084611693810524","32","12","423.7348976209735","490","98","450","true","6.4.0","100909","[0.4 0.5 12 12 0.6 0.015 0.55 0.15 kingdom]"
"910","0.4","0.5","12","12","0.6","0.015","0.55","0.15","kingdom","450","0","-63.11892828940415","0","0","0.14977302491248112","0.08320171785620707","32","25","136.88107171059602","695","85","450","true","6.4.0","100910","[0.4 0.5 12 12 0.6 0.015 0.55 0.15 kingdom]"
"911","0.4","0.5","12","12","0.6","0.015","0.55","0.15","kingdom","450","0.03333333333333333","-180.05629228934734","1","0","0.12031410864490164","0.06631633955895781","34","32","19.94370771065271","750","78","450","true","6.4.0","100911","[0.4 0.5 12 12 0.6 0.015 0.55 0.15 kingdom]"
"912","0.4","0.5","12","12","0.6","0.015","0.55","0.15","kingdom","450","0","3.3381420023885795","0","0","0.11241072352023185","0.06040171265749126","16","23","203.33814200238868","505","77","450","true","6.4.0","100912","[0.4 0.5 12 12 0.6 0.015 0.55 0.15 kingdom]"
"913","0.4","0.5","12","12","0.6","0.015","0.55","0.15","kingdom","450","0","-172.3561492146975","0","0","0.22127670058237608","0.03233205748530051","35","23","27.64385078530252","635","68","450","true","6.4.0","100913","[0.4 0.5 12 12 0.6 0.015 0.55 0.15 kingdom]"
"914","0.4","0.5","12","12","0.6","0.015","0.55","0.15","kingdom","450","0","-4.041839895311837","0","0","0.14181714221615424","0.04548764938877672","23","20","195.95816010468832","515","70","450","true","6.4.0","100914","[0.4 0.5 12 12 0.6 0.015 0.55 0.15 kingdom]"
"915","0.4","0.5","12","12","0.6","0.015","0.55","0.15","kingdom","450","0","146.27421990880327","0","0","0.18212234789722392","0.07381494894413508","23","19","346.2742199088036","505","90","450","true","6.4.0","100915","[0.4 0.5 12 12 0.6 0.015 0.55 0.15 kingdom]"
"916","0.4","0.5","12","12","0.6","0.015","0.55","0.15","kingdom","450","0","-171.77688702401917","0","0","0.1382065075021471","0.028361428925837723","20","25","28.223112975980712","575","55","450","true","6.4.0","100916","[0.4 0.5 12 12 0.6 0.015 0.55 0.15 kingdom]"
"917","0.4","0.5","12","12","0.6","0.015","0.55","0.15","kingdom","450","0","-5.5923297045873275","0","0","0.17459548336923905","0.05312969647979323","18","22","194.4076702954127","510","71","450","true","6.4.0","100917","[0.4 0.5 12 12 0.6 0.015 0.55 0.15 kingdom]"
"919","0.4","0.5","12","12","0.6","0.015","0.55","0.15","kingdom","450","0","-20.65336352969369","0","0","0.14957714441437528","0.031679309039094404","27","22","179.34663647030632","585","80","450","true","6.4.0","100919","[0.4 0.5 12 12 0.6 0.015 0.55 0.15 kingdom]"
"918","0.4","0.5","12","12","0.6","0.015","0.55","0.15","kingdom","450","0","-124.64577753075321","0","0","0.1601582494642648","0.041969593624453926","26","25","75.35422246924679","625","69","450","true","6.4.0","100918","[0.4 0.5 12 12 0.6 0.015 0.55 0.15 kingdom]"
"920","0.4","0.5","12","12","0.6","0.015","0.55","0.15","kingdom","450","0","-82.7667650599863","0","0","0.18492397973596014","0.06114030416377296","22","29","117.23323494001367","645","83","450","true","6.4.0","100920","[0.4 0.5 12 12 0.6 0.015 0.55 0.15 kingdom]"
"921","0.4","0.6","12","12","0.6","0.015","0.55","0.15","kingdom","450","0","-115.41131435030701","0","0","0.12356591308565475","0.04513850699927083","33","19","84.58868564969293","615","67","450","true","6.4.0","100921","[0.4 0.6 12 12 0.6 0.015 0.55 0.15 kingdom]"
"922","0.4","0.6","12","12","0.6","0.015","0.55","0.15","kingdom","450","0","-169.18628483279218","0","0","0.12713740570590712","0.0378744204852257","32","17","30.813715167207786","575","61","450","true","6.4.0","100922","[0.4 0.6 12 12 0.6 0.015 0.55 0.15 kingdom]"
"923","0.4","0.6","12","12","0.6","0.015","0.55","0.15","kingdom","450","0","-148.83346357368615","0","0","0.18152621489685664","0.04779690176533791","30","31","51.16653642631392","740","83","450","true","6.4.0","100923","[0.4 0.6 12 12 0.6 0.015 0.55 0.15 kingdom]"
"924","0.4","0.6","12","12","0.6","0.015","0.55","0.15","kingdom","450","0.06666666666666667","254.9908765742918","2","0","0.20019029736319002","0.12205079249741449","21","23","454.9908765742919","555","111","450","true","6.4.0","100924","[0.4 0.6 12 12 0.6 0.015 0.55 0.15 kingdom]"
"925","0.4","0.6","12","12","0.6","0.015","0.55","0.15","kingdom","450","0","-23.754645043584247","0","0","0.10485783438134852","0.046374957384571536","24","22","176.24535495641558","560","72","450","true","6.4.0","100925","[0.4 0.6 12 12 0.6 0.015 0.55 0.15 kingdom]"
"926","0.4","0.6","12","12","0.6","0.015","0.55","0.15","kingdom","450","0","60.67335498025714","0","0","0.18025698574771695","0.07230554475546909","32","19","260.6733549802568","580","85","450","true","6.4.0","100926","[0.4 0.6 12 12 0.6 0.015 0.55 0.15 kingdom]"
"927","0.4","0.6","12","12","0.6","0.015","0.55","0.15","kingdom","450","0","-197.86898059684196","0","0","0.11031080203675574","0.01727186688552746","30","24","2.1310194031579535","565","50","450","true","6.4.0","100927","[0.4 0.6 12 12 0.6 0.015 0.55 0.15 kingdom]"
"928","0.4","0.6","12","12","0.6","0.015","0.55","0.15","kingdom","450","0.03333333333333333","-177.78872419741663","1","0","0.10301780047424594","0.0728707327400549","35","32","22.211275802583465","770","79","450","true","6.4.0","100928","[0.4 0.6 12 12 0.6 0.015 0.55 0.15 kingdom]"
"930","0.4","0.6","12","12","0.6","0.015","0.55","0.15","kingdom","450","0.03333333333333333","-199.82594556130113","1","0","0.10019714638681454","0.048312007617817884","36","21","0.17405443869880344","650","60","450","true","6.4.0","100930","[0.4 0.6 12 12 0.6 0.015 0.55 0.15 kingdom]"
"929","0.4","0.6","12","12","0.6","0.015","0.55","0.15","kingdom","450","0","-191.3323393359863","0","0","0.15718660418270944","0.016416924198814624","26","24","8.667660664013681","485","40","450","true","6.4.0","100929","[0.4 0.6 12 12 0.6 0.015 0.55 0.15 kingdom]"
"931","0.4","0.6","12","12","0.6","0.015","0.55","0.15","kingdom","450","0","-195.65731395058177","0","0","0.08377677499652983","0.0024028812286664026","27","24","4.342686049418317","405","32","450","true","6.4.0","100931","[0.4 0.6 12 12 0.6 0.015 0.55 0.15 kingdom]"
"932","0.4","0.6","12","12","0.6","0.015","0.55","0.15","kingdom","450","0","-189.4583502722536","0","0","0.07541276669130838","0.035255024146183735","24","30","10.541649727746364","600","55","450","true","6.4.0","100932","[0.4 0.6 12 12 0.6 0.015 0.55 0.15 kingdom]"
"933","0.4","0.6","12","12","0.6","0.015","0.55","0.15","kingdom","450","0.03333333333333333","-112.81722517437777","1","0","0.17613130221476944","0.06633255355294514","28","31","87.18277482562249","710","85","450","true","6.4.0","100933","[0.4 0.6 12 12 0.6 0.015 0.55 0.15 kingdom]"
"934","0.4","0.6","12","12","0.6","0.015","0.55","0.15","kingdom","450","0.03333333333333333","-182.33370970801136","1","0","0.1416092435673106","0.0470277689072874","33","25","17.666290291988684","670","66","450","true","6.4.0","100934","[0.4 0.6 12 12 0.6 0.015 0.55 0.15 kingdom]"
"935","0.4","0.6","12","12","0.6","0.015","0.55","0.15","kingdom","450","0.03333333333333333","-181.35641799898087","1","0","0.10465663831677927","0.042207425281523915","15","29","18.64358200101921","585","55","450","true","6.4.0","100935","[0.4 0.6 12 12 0.6 0.015 0.55 0.15 kingdom]"
"936","0.4","0.6","12","12","0.6","0.015","0.55","0.15","kingdom","450","0.03333333333333333","33.9461104882754","1","0","0.19170866965456507","0.06246610006772095","23","21","233.94611048827534","530","82","450","true","6.4.0","100936","[0.4 0.6 12 12 0.6 0.015 0.55 0.15 kingdom]"
"937","0.4","0.6","12","12","0.6","0.015","0.55","0.15","kingdom","450","0","-143.25177947342223","0","0","0.10082622124834245","0.057757961853216945","31","23","56.748220526577754","625","65","450","true","6.4.0","100937","[0.4 0.6 12 12 0.6 0.015 0.55 0.15 kingdom]"
"938","0.4","0.6","12","12","0.6","0.015","0.55","0.15","kingdom","450","0.03333333333333333","-83.79967397929337","1","0","0.18842786930746966","0.05139482224136449","26","26","116.20032602070667","620","79","450","true","6.4.0","100938","[0.4 0.6 12 12 0.6 0.015 0.55 0.15 kingdom]"
"939","0.4","0.6","12","12","0.6","0.015","0.55","0.15","kingdom","450","0","-184.53563251199844","0","0","0.1280871927586625","0.02311448039735514","25","24","15.464367488001589","550","51","450","true","6.4.0","100939","[0.4 0.6 12 12 0.6 0.015 0.55 0.15 kingdom]"
"940","0.4","0.6","12","12","0.6","0.015","0.55","0.15","kingdom","450","0","-179.85907170796466","0","0","0.087831384220204","0.03665574105603088","29","26","20.140928292035376","595","57","450","true","6.4.0","100940","[0.4 0.6 12 12 0.6 0.015 0.55 0.15 kingdom]"
"941","0.4","0.7","12","12","0.6","0.015","0.55","0.15","kingdom","450","0","-191.3461711169875","0","0","0.08619996304032715","0.006811394972896577","27","22","8.653828883012464","495","43","450","true","6.4.0","100941","[0.4 0.7 12 12 0.6 0.015 0.55 0.15 kingdom]"
"942","0.4","0.7","12","12","0.6","0.015","0.55","0.15","kingdom","450","0","-181.0729497645072","0","0","0.08675095293311855","0.02786397666184568","32","21","18.927050235492764","595","58","450","true","6.4.0","100942","[0.4 0.7 12 12 0.6 0.015 0.55 0.15 kingdom]"
"943","0.4","0.7","12","12","0.6","0.015","0.55","0.15","kingdom","450","0.06666666666666667","184.92762100362435","2","0","0.13207406665160928","0.10942615075645085","31","20","384.92762100362484","575","99","450","true","6.4.0","100943","[0.4 0.7 12 12 0.6 0.015 0.55 0.15 kingdom]"
"945","0.4","0.7","12","12","0.6","0.015","0.55","0.15","kingdom","450","0","-197.93386182409674","0","0","0.08341346613763177","0.019125993532654602","31","23","2.0661381759035216","540","50","450","true","6.4.0","100945","[0.4 0.7 12 12 0.6 0.015 0.55 0.15 kingdom]"
"944","0.4","0.7","12","12","0.6","0.015","0.55","0.15","kingdom","450","0","-198.27436094491168","0","0","0.07238579147523365","0.02282274561251003","39","20","1.7256390550883722","560","51","450","true","6.4.0","100944","[0.4 0.7 12 12 0.6 0.015 0.55 0.15 kingdom]"
"946","0.4","0.7","12","12","0.6","0.015","0.55","0.15","kingdom","450","0.03333333333333333","-188.0434807076811","1","0","0.13443349078749395","0.04151983277792137","31","29","11.956519292318866","570","51","450","true","6.4.0","100946","[0.4 0.7 12 12 0.6 0.015 0.55 0.15 kingdom]"
"947","0.4","0.7","12","12","0.6","0.015","0.55","0.15","kingdom","450","0.03333333333333333","-193.6444706519388","1","0","0.07266369203013326","0.052745729717646496","32","30","6.355529348061361","740","79","450","true","6.4.0","100947","[0.4 0.7 12 12 0.6 0.015 0.55 0.15 kingdom]"
"948","0.4","0.7","12","12","0.6","0.015","0.55","0.15","kingdom","450","0","-191.70328701789907","0","0","0.06850458620558673","0.018121931097508415","29","30","8.296712982101045","550","49","450","true","6.4.0","100948","[0.4 0.7 12 12 0.6 0.015 0.55 0.15 kingdom]"
"949","0.4","0.7","12","12","0.6","0.015","0.55","0.15","kingdom","450","0","-165.25696632028883","0","0","0.091707842790316","0.05273709291901555","21","40","34.74303367971119","740","79","450","true","6.4.0","100949","[0.4 0.7 12 12 0.6 0.015 0.55 0.15 kingdom]"
"950","0.4","0.7","12","12","0.6","0.015","0.55","0.15","kingdom","450","0","-197.00764925691524","0","0","0.09822626907827507","0.034286899593759385","39","24","2.9923507430847476","625","56","450","true","6.4.0","100950","[0.4 0.7 12 12 0.6 0.015 0.55 0.15 kingdom]"
"952","0.4","0.7","12","12","0.6","0.015","0.55","0.15","kingdom","450","0","-181.82357145157317","0","0","0.08981134463344094","0.013685782496200586","37","25","18.176428548426813","535","51","450","true","6.4.0","100952","[0.4 0.7 12 12 0.6 0.015 0.55 0.15 kingdom]"
"951","0.4","0.7","12","12","0.6","0.015","0.55","0.15","kingdom","450","0","-184.91541009466664","0","0","0.05846857865559464","0.008764370885341915","23","30","15.084589905333347","495","43","450","true","6.4.0","100951","[0.4 0.7 12 12 0.6 0.015 0.55 0.15 kingdom]"
"953","0.4","0.7","12","12","0.6","0.015","0.55","0.15","kingdom","450","0","-77.87233123236453","0","0","0.09299784254821232","0.0608329831671101","26","25","122.12766876763556","620","77","450","true","6.4.0","100953","[0.4 0.7 12 12 0.6 0.015 0.55 0.15 kingdom]"
"954","0.4","0.7","12","12","0.6","0.015","0.55","0.15","kingdom","450","0","-197.6880079182947","0","0","0.03478678725672949","0.009700520979868094","24","25","2.311992081705423","425","32","450","true","6.4.0","100954","[0.4 0.7 12 12 0.6 0.015 0.55 0.15 kingdom]"
"955","0.4","0.7","12","12","0.6","0.015","0.55","0.15","kingdom","450","0","-196.46346151375738","0","0","0.05996130756606457","0.00894173425051383","31","23","3.5365384862426374","425","29","450","true","6.4.0","100955","[0.4 0.7 12 12 0.6 0.015 0.55 0.15 kingdom]"
"956","0.4","0.7","12","12","0.6","0.015","0.55","0.15","kingdom","450","0","-194.78645222259718","0","0","0.09304664870037023","0.012994311823099859","34","20","5.213547777402919","475","40","450","true","6.4.0","100956","[0.4 0.7 12 12 0.6 0.015 0.55 0.15 kingdom]"
"957","0.4","0.7","12","12","0.6","0.015","0.55","0.15","kingdom","450","0","-195.691860706304","0","0","0.05607349088337754","0.02557827160356278","27","23","4.308139293695984","475","39","450","true","6.4.0","100957","[0.4 0.7 12 12 0.6 0.015 0.55 0.15 kingdom]"
"959","0.4","0.7","12","12","0.6","0.015","0.55","0.15","kingdom","450","0","-194.11516100138903","0","0","0.08327300615896334","0.019466716226776506","41","25","5.884838998610958","650","62","450","true","6.4.0","100959","[0.4 0.7 12 12 0.6 0.015 0.55 0.15 kingdom]"
"958","0.4","0.7","12","12","0.6","0.015","0.55","0.15","kingdom","450","0","-193.13767125066744","0","0","0.12019969353477483","0.04396525919481277","25","34","6.862328749332487","720","73","450","true","6.4.0","100958","[0.4 0.7 12 12 0.6 0.015 0.55 0.15 kingdom]"
"960","0.4","0.7","12","12","0.6","0.015","0.55","0.15","kingdom","450","0","-196.20733152036092","0","0","0.07606651792094765","0.0099203057216868","28","25","3.792668479639124","510","43","450","true","6.4.0","100960","[0.4 0.7 12 12 0.6 0.015 0.55 0.15 kingdom]"
"961","0.4","0.8","12","12","0.6","0.015","0.55","0.15","kingdom","450","0","-193.2458384375113","0","0","0.03356322177573067","8.310140844093992E-4","29","27","6.7541615624886635","405","30","450","true","6.4.0","100961","[0.4 0.8 12 12 0.6 0.015 0.55 0.15 kingdom]"
"962","0.4","0.8","12","12","0.6","0.015","0.55","0.15","kingdom","450","0","-197.48504280881542","0","0","0.06076177583348015","0.012754920622362075","29","28","2.514957191184573","520","43","450","true","6.4.0","100962","[0.4 0.8 12 12 0.6 0.015 0.55 0.15 kingdom]"
"963","0.4","0.8","12","12","0.6","0.015","0.55","0.15","kingdom","450","0","-185.86002950927505","0","0","0.028423580408984333","0.01660110086996202","31","27","14.139970490724929","485","39","450","true","6.4.0","100963","[0.4 0.8 12 12 0.6 0.015 0.55 0.15 kingdom]"
"964","0.4","0.8","12","12","0.6","0.015","0.55","0.15","kingdom","450","0","-167.51038461511803","0","0","0.05051693622796269","0.03871545647300854","38","22","32.48961538488199","635","64","450","true","6.4.0","100964","[0.4 0.8 12 12 0.6 0.015 0.55 0.15 kingdom]"
"965","0.4","0.8","12","12","0.6","0.015","0.55","0.15","kingdom","450","0","-190.46222851214858","0","0","0.05111130627767458","0.036754818090723576","34","25","9.53777148785124","575","51","450","true","6.4.0","100965","[0.4 0.8 12 12 0.6 0.015 0.55 0.15 kingdom]"
"966","0.4","0.8","12","12","0.6","0.015","0.55","0.15","kingdom","450","0","-197.20194280317074","0","0","0.0883857125002089","0.02925489873197097","44","24","2.798057196829152","610","59","450","true","6.4.0","100966","[0.4 0.8 12 12 0.6 0.015 0.55 0.15 kingdom]"
"967","0.4","0.8","12","12","0.6","0.015","0.55","0.15","kingdom","450","0","-193.02289308495187","0","0","0.07326192490783077","0.0042918604803393575","27","28","6.977106915048051","435","34","450","true","6.4.0","100967","[0.4 0.8 12 12 0.6 0.015 0.55 0.15 kingdom]"
"968","0.4","0.8","12","12","0.6","0.015","0.55","0.15","kingdom","450","0","-196.11097751904265","0","0","0.04392510117469046","0.003523784254821479","28","23","3.88902248095736","390","28","450","true","6.4.0","100968","[0.4 0.8 12 12 0.6 0.015 0.55 0.15 kingdom]"
"969","0.4","0.8","12","12","0.6","0.015","0.55","0.15","kingdom","450","0","-190.0827595497995","0","0","0.03905263573220128","0","31","22","9.917240450200481","380","27","450","true","6.4.0","100969","[0.4 0.8 12 12 0.6 0.015 0.55 0.15 kingdom]"
"970","0.4","0.8","12","12","0.6","0.015","0.55","0.15","kingdom","450","0","-195.4634325319379","0","0","0.06725607619226638","0.013506517944897033","31","26","4.536567468062053","500","42","450","true","6.4.0","100970","[0.4 0.8 12 12 0.6 0.015 0.55 0.15 kingdom]"
"971","0.4","0.8","12","12","0.6","0.015","0.55","0.15","kingdom","450","0","-190.00937212624382","0","0","0.03219712925413779","0.004846217949012061","35","19","9.990627873756138","360","23","450","true","6.4.0","100971","[0.4 0.8 12 12 0.6 0.015 0.55 0.15 kingdom]"
"972","0.4","0.8","12","12","0.6","0.015","0.55","0.15","kingdom","450","0","-191.77066695078065","0","0","0.039256825384017084","0.007224441968209911","32","23","8.229333049219422","470","41","450","true","6.4.0","100972","[0.4 0.8 12 12 0.6 0.015 0.55 0.15 kingdom]"
"973","0.4","0.8","12","12","0.6","0.015","0.55","0.15","kingdom","450","0","-191.68944885022276","0","0","0.05097445034371896","0.0017733594774983668","33","24","8.310551149777297","405","32","450","true","6.4.0","100973","[0.4 0.8 12 12 0.6 0.015 0.55 0.15 kingdom]"
"974","0.4","0.8","12","12","0.6","0.015","0.55","0.15","kingdom","450","0","-199.93227322281956","0","0","0.04663138960487971","0.008773692342633487","28","29","0.06772677718041109","460","36","450","true","6.4.0","100974","[0.4 0.8 12 12 0.6 0.015 0.55 0.15 kingdom]"
"975","0.4","0.8","12","12","0.6","0.015","0.55","0.15","kingdom","450","0","-188.1710487085793","0","0","0.072014815455515","0.035011094642316776","31","31","11.828951291420694","610","58","450","true","6.4.0","100975","[0.4 0.8 12 12 0.6 0.015 0.55 0.15 kingdom]"
"976","0.4","0.8","12","12","0.6","0.015","0.55","0.15","kingdom","450","0","-188.19985616013383","0","0","0.09152674863624408","0.0520441756526065","37","29","11.800143839866209","685","64","450","true","6.4.0","100976","[0.4 0.8 12 12 0.6 0.015 0.55 0.15 kingdom]"
"977","0.4","0.8","12","12","0.6","0.015","0.55","0.15","kingdom","450","0","-197.15128893468693","0","0","0.07228140699406078","0.01880149514124434","38","29","2.8487110653129264","635","62","450","true","6.4.0","100977","[0.4 0.8 12 12 0.6 0.015 0.55 0.15 kingdom]"
"978","0.4","0.8","12","12","0.6","0.015","0.55","0.15","kingdom","450","0","-195.54879271410982","0","0","0.07382240699235364","0.008927688451448385","29","23","4.451207285890195","425","32","450","true","6.4.0","100978","[0.4 0.8 12 12 0.6 0.015 0.55 0.15 kingdom]"
"979","0.4","0.8","12","12","0.6","0.015","0.55","0.15","kingdom","450","0","-192.43141170969307","0","0","0.05010039530234219","0.004216925474366693","31","26","7.568588290306909","435","33","450","true","6.4.0","100979","[0.4 0.8 12 12 0.6 0.015 0.55 0.15 kingdom]"
"980","0.4","0.8","12","12","0.6","0.015","0.55","0.15","kingdom","450","0.03333333333333333","-184.0324223103287","1","0","0.07722728115239552","0.06208005099109439","30","27","15.96757768967128","680","69","450","true","6.4.0","100980","[0.4 0.8 12 12 0.6 0.015 0.55 0.15 kingdom]"
