regime,missionary_effectiveness,royal_intolerance,seed,tick,control_fraction,cumulative_trade_profit,controlled_kingdoms,mean_religion,mean_dependency
failed,0.1,0.8,100121,0,0,0,0,0.11915472699803395,0.04576800986200387
failed,0.1,0.8,100121,1,0,0,0,0.11853806033136731,0.04506641810191076
failed,0.1,0.8,100121,2,0,0,0,0.11792139366470064,0.044378436734597834
failed,0.1,0.8,100121,3,0,0,0,0.11730472699803395,0.04369032203892112
failed,0.1,0.8,100121,4,0,0,0,0.11668806033136728,0.043002074881755885
failed,0.1,0.8,100121,5,0,0,0,0.11607139366470062,0.04231369612867684
failed,0.1,0.8,100121,6,0,0,0,0.11545472699803395,0.0416251866439579
failed,0.1,0.8,100121,7,0,0,0,0.11483806033136729,0.040954929943146604
failed,0.1,0.8,100121,8,0,0,0,0.11422139366470059,0.040313307040123356
failed,0.1,0.8,100121,9,0,0,0,0.11360472699803396,0.03968184807821336
failed,0.1,0.8,100121,10,0,0,0,0.11298806033136731,0.03905027088895219
failed,0.1,0.8,100121,11,0,0,0,0.11237139366470061,0.03841857627633858
failed,0.1,0.8,100121,12,0,0,0,0.11175472699803393,0.037786765043177524
failed,0.1,0.8,100121,13,0,0,0,0.11113806033136729,0.03715483799108013
failed,0.1,0.8,100121,14,0,0,0,0.11052139366470058,0.03653858403113983
failed,0.1,0.8,100121,15,0,0,0,0.10990472699803396,0.03592951321376705
failed,0.1,0.8,100121,16,0,0,0,0.10928806033136727,0.0353203329970133
failed,0.1,0.8,100121,17,0,0,0,0.10867139366470063,0.034711044150785346
failed,0.1,0.8,100121,18,0,0,0,0.10805472699803396,0.03410164744383863
failed,0.1,0.8,100121,19,0,8.51772235819336,0,0.10743806033136728,0.03609478103100278
failed,0.1,0.8,100121,20,0,8.51772235819336,0,0.1068213936647006,0.03548453207510153
failed,0.1,0.8,100121,21,0,-16.48227764180664,0,0.10620472699803395,0.0348741770516933
failed,0.1,0.8,100121,22,0,-7.968370514842453,0,0.10558806033136728,0.03686518835197179
failed,0.1,0.8,100121,23,0,-7.968370514842453,0,0.10497139366470061,0.03625398495655879
failed,0.1,0.8,100121,24,0,-7.968370514842453,0,0.10437194169990639,0.03564267729145754
failed,0.1,0.8,100121,25,0,-7.968370514842453,0,0.10388860836657308,0.035050921391566216
failed,0.1,0.8,100121,26,0,-7.968370514842453,0,0.1047812827216725,0.034483538056048
failed,0.1,0.8,100121,27,0,-7.968370514842453,0,0.10429794938833914,0.03392199530034402
failed,0.1,0.8,100121,28,0,-7.968370514842453,0,0.1038146160550058,0.033360359996939384
failed,0.1,0.8,100121,29,0,-7.968370514842453,0,0.10333128272167248,0.032798632857946715
failed,0.1,0.8,100121,30,0,-7.968370514842453,0,0.10284794938833913,0.03223681459441704
failed,0.1,0.8,100121,31,0,-7.968370514842453,0,0.10236461605500581,0.03167490591633979
failed,0.1,0.8,100121,32,0,-7.968370514842453,0,0.10188128272167245,0.031112907532642575
failed,0.1,0.8,100121,33,0,-7.968370514842453,0,0.10139794938833915,0.030589956961688394
failed,0.1,0.8,100121,34,0,-7.968370514842453,0,0.10091461605500582,0.03008391012236722
failed,0.1,0.8,100121,35,0,-7.968370514842453,0,0.10043128272167248,0.029577782051795367
failed,0.1,0.8,100121,36,0,-7.968370514842453,0,0.09994794938833913,0.02907157340083144
failed,0.1,0.8,100121,37,0,-0.9079575264068982,0,0.09946461605500583,0.03072263323251053
failed,0.1,0.8,100121,38,0,7.609764831786462,0,0.09898128272167246,0.032792263780180395
failed,0.1,0.8,100121,39,0,7.609764831786462,0,0.09849794938833914,0.03225853484684448
failed,0.1,0.8,100121,40,0,14.670177820222017,0,0.09801461605500579,0.03389717411190349
failed,0.1,0.8,100121,41,0,4.670177820222017,0,0.09753128272167247,0.03338133592308723
failed,0.1,0.8,100121,42,0,13.184084947186204,0,0.09704794938833915,0.03546689055074754
failed,0.1,0.8,100121,43,0,13.184084947186204,0,0.09656461605500581,0.034958341597167195
failed,0.1,0.8,100121,44,0,13.184084947186204,0,0.09608128272167246,0.034466486810793825
failed,0.1,0.8,100121,45,0,19.737099671675793,0,0.09734749243524879,0.035976867552900624
failed,0.1,0.8,100121,46,0,19.737099671675793,0,0.09686415910191545,0.03545951037492966
failed,0.1,0.8,100121,47,0,19.737099671675793,0,0.09779008630140468,0.034942076786624345
failed,0.1,0.8,100121,48,0,19.737099671675793,0,0.09730675296807131,0.03442456744900316
failed,0.1,0.8,100121,49,0,19.737099671675793,0,0.096823419634738,0.03390698302210664
failed,0.1,0.8,100121,50,0,19.737099671675793,0,0.09634008630140468,0.0333893241649972
failed,0.1,0.8,100121,51,0,-20.262900328324207,0,0.09585675296807136,0.03287159153575904
failed,0.1,0.8,100121,52,0,-20.262900328324207,0,0.095373419634738,0.03236579265534386
failed,0.1,0.8,100121,53,0,-20.262900328324207,0,0.09489008630140465,0.03186972760689263
failed,0.1,0.8,100121,54,0,-20.262900328324207,0,0.09440675296807134,0.031373594360825624
failed,0.1,0.8,100121,55,0,-20.262900328324207,0,0.093923419634738,0.030877393544376616
failed,0.1,0.8,100121,56,0,-20.262900328324207,0,0.09344008630140466,0.030381125783841716
failed,0.1,0.8,100121,57,0,-20.262900328324207,0,0.09295675296807132,0.029893090801262793
failed,0.1,0.8,100121,58,0,-11.748693091079653,0,0.09247341963473801,0.032026558111350606
failed,0.1,0.8,100121,59,0,-11.748693091079653,0,0.09199008630140469,0.03155776208135485
failed,0.1,0.8,100121,60,0,-3.230970732886293,0,0.09150675296807133,0.033691542076213235
failed,0.1,0.8,100121,61,0,-3.230970732886293,0,0.09102341963473799,0.03319195570635587
failed,0.1,0.8,100121,62,0,-3.230970732886293,0,0.09054008630140468,0.03269230577856923
failed,0.1,0.8,100121,63,0,-3.230970732886293,0,0.09005675296807134,0.0321925929225861
failed,0.1,0.8,100121,64,0,-3.230970732886293,0,0.089573419634738,0.03169281776719494
failed,0.1,0.8,100121,65,0,-3.230970732886293,0,0.08909008630140465,0.031192980940239753
failed,0.1,0.8,100121,66,0,-3.230970732886293,0,0.08860675296807134,0.030693083068619977
failed,0.1,0.8,100121,67,0,-3.230970732886293,0,0.088123419634738,0.030198489366412406
failed,0.1,0.8,100121,68,0,-3.230970732886293,0,0.08764008630140466,0.029717203626820236
failed,0.1,0.8,100121,69,0,-3.230970732886293,0,0.08715675296807131,0.02923938827961196
failed,0.1,0.8,100121,70,0,-3.230970732886293,0,0.08667341963473801,0.028781326392939864
failed,0.1,0.8,100121,71,0,-28.23097073288629,0,0.08619008630140466,0.028323211906981914
failed,0.1,0.8,100121,72,0,-28.23097073288629,0,0.08570675296807134,0.027881290120920887
failed,0.1,0.8,100121,73,0,-20.149729343238,0,0.08639029297715389,0.029919621870770314
failed,0.1,0.8,100121,74,0,-20.149729343238,0,0.08590695964382059,0.02945843791435387
failed,0.1,0.8,100121,75,0,-13.596714618748413,0,0.08542362631048724,0.0309995140655223
failed,0.1,0.8,100121,76,0,-13.596714618748413,0,0.08494029297715389,0.03052095578242033
failed,0.1,0.8,100121,77,0,-13.596714618748413,0,0.08445695964382055,0.030056361449873305
failed,0.1,0.8,100121,78,0,-13.596714618748413,0,0.08397362631048724,0.029591718527476014
failed,0.1,0.8,100121,79,0,-13.596714618748413,0,0.0834902929771539,0.029127027585035
failed,0.1,0.8,100121,80,0,-13.596714618748413,0,0.08302047542961823,0.02866228919147858
failed,0.1,0.8,100121,81,0,-23.596714618748415,0,0.08255380876295157,0.028197503914856856
failed,0.1,0.8,100121,82,0,-23.596714618748415,0,0.08208714209628491,0.027732672322341556
failed,0.1,0.8,100121,83,0,-23.596714618748415,0,0.08162047542961824,0.02726779498022596
failed,0.1,0.8,100121,84,0,-23.596714618748415,0,0.08224470504564536,0.026804281513043295
failed,0.1,0.8,100121,85,0,-23.596714618748415,0,0.08177803837897867,0.026360089398366104
failed,0.1,0.8,100121,86,0,-23.596714618748415,0,0.08131137171231204,0.025915938037366058
failed,0.1,0.8,100121,87,0,-23.596714618748415,0,0.08084470504564534,0.02549585580472088
failed,0.1,0.8,100121,88,0,-23.596714618748415,0,0.08037803837897868,0.025088143641395163
failed,0.1,0.8,100121,89,0,-23.596714618748415,0,0.07991137171231204,0.024722732522913852
failed,0.1,0.8,100121,90,0,-23.596714618748415,0,0.08098878330356238,0.024385097663632758
failed,0.1,0.8,100121,91,0,-53.596714618748415,0,0.08052211663689574,0.024059146451480114
failed,0.1,0.8,100121,92,0,-53.596714618748415,0,0.08005544997022905,0.023745411269980834
failed,0.1,0.8,100121,93,0,-53.596714618748415,0,0.07958878330356237,0.02343164798440087
failed,0.1,0.8,100121,94,0,-53.596714618748415,0,0.07912211663689574,0.02311785699061904
failed,0.1,0.8,100121,95,0,-53.596714618748415,0,0.07865544997022904,0.022804038683921172
failed,0.1,0.8,100121,96,0,-53.596714618748415,0,0.07818878330356237,0.022490193459
failed,0.1,0.8,100121,97,0,-53.596714618748415,0,0.07772211663689572,0.022176321709955166
failed,0.1,0.8,100121,98,0,-53.596714618748415,0,0.07725544997022905,0.021862423830293135
failed,0.1,0.8,100121,99,0,-53.596714618748415,0,0.0767887833035624,0.021548500212927153
failed,0.1,0.8,100121,100,0,-53.596714618748415,0,0.07760141725777854,0.02125054502176356
failed,0.1,0.8,100121,101,0,-93.59671461874842,0,0.07713475059111187,0.020958105315184092
failed,0.1,0.8,100121,102,0,-87.8089916120132,0,0.07667493531012393,0.02243411326880083
failed,0.1,0.8,100121,103,0,-81.40183473868385,0,0.0762249353101239,0.0240801936806585
failed,0.1,0.8,100121,104,0,-81.40183473868385,0,0.07577493531012393,0.023744040318741732
failed,0.1,0.8,100121,105,0,-73.88554603660843,0,0.07532493531012391,0.025704504307672398
failed,0.1,0.8,100121,106,0,-67.33253131211885,0,0.07487493531012393,0.02734323884423832
failed,0.1,0.8,100121,107,0,-67.33253131211885,0,0.07442493531012392,0.026960347040783594
failed,0.1,0.8,100121,108,0,-67.33253131211885,0,0.07397493531012392,0.026577426769100028
failed,0.1,0.8,100121,109,0,-67.33253131211885,0,0.0735290892475997,0.026213888853588684
failed,0.1,0.8,100121,110,0,-67.33253131211885,0,0.07470128368452844,0.025851340347671465
failed,0.1,0.8,100121,111,0,-82.33253131211885,0,0.0742679503511951,0.02550642975727979
failed,0.1,0.8,100121,112,0,-74.25128992247056,0,0.07383461701786179,0.027634006161081758
failed,0.1,0.8,100121,113,0,-74.25128992247056,0,0.07340128368452843,0.027266507589109566
failed,0.1,0.8,100121,114,0,-74.25128992247056,0,0.0729679503511951,0.026898984146069664
failed,0.1,0.8,100121,115,0,-74.25128992247056,0,0.07253461701786176,0.026531436288495754
failed,0.1,0.8,100121,116,0,-74.25128992247056,0,0.07210128368452845,0.026163864472226923
failed,0.1,0.8,100121,117,0,-74.25128992247056,0,0.0716679503511951,0.02579626915240758
failed,0.1,0.8,100121,118,0,-74.25128992247056,0,0.07123844384765148,0.025428650783487425
failed,0.1,0.8,100121,119,0,-66.95179211053781,0,0.07082177718098479,0.02729141192842308
failed,0.1,0.8,100121,120,0,-66.95179211053781,0,0.07040511051431814,0.02692320135953546
failed,0.1,0.8,100121,121,0,-86.1640691038026,0,0.06998844384765146,0.028323439585697677
failed,0.1,0.8,100121,122,0,-86.1640691038026,0,0.069581598392141,0.027930503704365384
failed,0.1,0.8,100121,123,0,-86.1640691038026,0,0.06918159839214097,0.02753989509904687
failed,0.1,0.8,100121,124,0,-86.1640691038026,0,0.06878159839214099,0.02717571017198489
failed,0.1,0.8,100121,125,0,-86.1640691038026,0,0.06838159839214099,0.02682902444777429
failed,0.1,0.8,100121,126,0,-86.1640691038026,0,0.06798159839214099,0.026482320057977047
failed,0.1,0.8,100121,127,0,-86.1640691038026,0,0.06758159839214098,0.0261355974313
failed,0.1,0.8,100121,128,0,-86.1640691038026,0,0.06718159839214098,0.025788856995794748
failed,0.1,0.8,100121,129,0,-86.1640691038026,0,0.06678159839214098,0.025442099178857574
failed,0.1,0.8,100121,130,0,-79.75691223047325,0,0.066381598392141,0.02705306678519115
failed,0.1,0.8,100121,131,0,-79.75691223047325,0,0.06598159839214097,0.026682312066616802
failed,0.1,0.8,100121,132,0,-65.76801730236062,0,0.06558159839214099,0.030585923874832766
failed,0.1,0.8,100121,133,0,-65.76801730236062,0,0.06518159839214098,0.030214084375413498
failed,0.1,0.8,100121,134,0,-65.76801730236062,0,0.064781598392141,0.029842226920320052
failed,0.1,0.8,100121,135,0,-65.76801730236062,0,0.06438159839214097,0.029470351971657052
failed,0.1,0.8,100121,136,0,-65.76801730236062,0,0.06398159839214099,0.029098459990826307
failed,0.1,0.8,100121,137,0,-65.76801730236062,0,0.06358159839214098,0.02872655143852678
failed,0.1,0.8,100121,138,0,-65.76801730236062,0,0.06318796778325846,0.028354626774754567
failed,0.1,0.8,100121,139,0,-65.76801730236062,0,0.06280463444992511,0.027982686458802853
failed,0.1,0.8,100121,140,0,-58.07563269036366,0,0.06242130111659178,0.0299611818029276
failed,0.1,0.8,100121,141,0,-93.07563269036366,0,0.062037967783258444,0.029588634628838723
failed,0.1,0.8,100121,142,0,-93.07563269036366,0,0.06165463444992513,0.029216072719131424
failed,0.1,0.8,100121,143,0,-93.07563269036366,0,0.06127130111659178,0.028843496534728213
failed,0.1,0.8,100121,144,0,-85.68057018107545,0,0.06088796778325845,0.030730508969241083
failed,0.1,0.8,100121,145,0,-85.68057018107545,0,0.06050463444992511,0.030370598935022444
failed,0.1,0.8,100121,146,0,-78.3810723691427,0,0.06012130111659179,0.032258678419182875
failed,0.1,0.8,100121,147,0,-78.3810723691427,0,0.05973796778325845,0.03191579635182781
failed,0.1,0.8,100121,148,0,-78.3810723691427,0,0.05935463444992512,0.031572902305493825
failed,0.1,0.8,100121,149,0,-78.3810723691427,0,0.058971301116591775,0.031229996718501782
failed,0.1,0.8,100121,150,0,-78.3810723691427,0,0.05858796778325846,0.03088708002852446
failed,0.1,0.8,100121,151,0,-118.3810723691427,0,0.05820463444992511,0.030544152672586568
failed,0.1,0.8,100121,152,0,-118.3810723691427,0,0.05782130111659178,0.03020121508706467
failed,0.1,0.8,100121,153,0,-112.70402897096793,0,0.057437967783258444,0.031592919857129524
failed,0.1,0.8,100121,154,0,-112.70402897096793,0,0.05705823983091353,0.031227970988593288
failed,0.1,0.8,100121,155,0,-104.62278758131964,0,0.05669157316424686,0.03333228106257174
failed,0.1,0.8,100121,156,0,-104.62278758131964,0,0.056324906497580186,0.03296670801058026
failed,0.1,0.8,100121,157,0,-104.62278758131964,0,0.05595823983091352,0.03260112604664025
failed,0.1,0.8,100121,158,0,-104.62278758131964,0,0.055591573164246864,0.03223553557354199
failed,0.1,0.8,100121,159,0,-104.62278758131964,0,0.05522490649758018,0.03186993699346687
failed,0.1,0.8,100121,160,0,-104.62278758131964,0,0.05485823983091352,0.03150433070798747
failed,0.1,0.8,100121,161,0,-134.62278758131964,0,0.05449157316424685,0.03113871710001716
failed,0.1,0.8,100121,162,0,-134.62278758131964,0,0.05412490649758019,0.030773096531292086
failed,0.1,0.8,100121,163,0,-134.62278758131964,0,0.053758239830913525,0.030407469362980614
failed,0.1,0.8,100121,164,0,-134.62278758131964,0,0.05339157316424685,0.03004183595568334
failed,0.1,0.8,100121,165,0,-134.62278758131964,0,0.05302490649758018,0.02967619666943306
failed,0.1,0.8,100121,166,0,-134.62278758131964,0,0.05265823983091353,0.02931055184371886
failed,0.1,0.8,100121,167,0,-134.62278758131964,0,0.05339410420844938,0.028944901807232255
failed,0.1,0.8,100121,168,0,-134.62278758131964,0,0.053027437541782727,0.028579246854005348
failed,0.1,0.8,100121,169,0,-134.62278758131964,0,0.052666356707247175,0.02821358723825382
failed,0.1,0.8,100121,170,0,-134.62278758131964,0,0.052316356707247186,0.027847923198311444
failed,0.1,0.8,100121,171,0,-140.8487074776133,0,0.05196635670724717,0.03016322389271915
failed,0.1,0.8,100121,172,0,-140.8487074776133,0,0.05161635670724718,0.0297968936455959
failed,0.1,0.8,100121,173,0,-140.8487074776133,0,0.051266356707247177,0.029430559121365083
failed,0.1,0.8,100121,174,0,-140.8487074776133,0,0.05091635670724719,0.029064220481402624
failed,0.1,0.8,100121,175,0,-133.69600426326036,0,0.05056635670724717,0.03088342608298155
failed,0.1,0.8,100121,176,0,-133.69600426326036,0,0.05021635670724718,0.030491017132832535
failed,0.1,0.8,100121,177,0,-126.54330104890745,0,0.04986635670724717,0.03228415233121724
failed,0.1,0.8,100121,178,0,-126.54330104890745,0,0.04951635670724718,0.03189119899984116
failed,0.1,0.8,100121,179,0,-126.54330104890745,0,0.049166356707247165,0.03149824159163682
failed,0.1,0.8,100121,180,0,-126.54330104890745,0,0.048816356707247176,0.031105280331230428
failed,0.1,0.8,100121,181,0,-136.54330104890744,0,0.04846635670724717,0.03071231544290641
failed,0.1,0.8,100121,182,0,-136.54330104890744,0,0.04811635670724719,0.03031934715060739
failed,0.1,0.8,100121,183,0,-136.54330104890744,0,0.047766356707247166,0.029930698598788504
failed,0.1,0.8,100121,184,0,-136.54330104890744,0,0.04741635670724718,0.02956227928875896
failed,0.1,0.8,100121,185,0,-136.54330104890744,0,0.04706635670724717,0.029193857205251156
failed,0.1,0.8,100121,186,0,-136.54330104890744,0,0.04671635670724718,0.028825432543894993
failed,0.1,0.8,100121,187,0,-136.54330104890744,0,0.04636635670724717,0.028457005500024998
failed,0.1,0.8,100121,188,0,-136.54330104890744,0,0.04601635670724717,0.02808857626868022
failed,0.1,0.8,100121,189,0,-136.54330104890744,0,0.04566635670724717,0.027726100995527473
failed,0.1,0.8,100121,190,0,-136.54330104890744,0,0.045316356707247187,0.027385093819792986
failed,0.1,0.8,100121,191,0,-136.54330104890744,0,0.04496635670724716,0.027044084893105894
failed,0.1,0.8,100121,192,0,-136.54330104890744,0,0.04461635670724717,0.02670307433743007
failed,0.1,0.8,100121,193,0,-136.54330104890744,0,0.04426635670724717,0.026372567711342543
failed,0.1,0.8,100121,194,0,-136.54330104890744,0,0.043916356707247174,0.02605677255194837
failed,0.1,0.8,100121,195,0,-136.54330104890744,0,0.043567117911979016,0.025759719694960635
failed,0.1,0.8,100121,196,0,-136.54330104890744,0,0.0432337845786457,0.025462665694799394
failed,0.1,0.8,100121,197,0,-136.54330104890744,0,0.04290045124531236,0.025165610672408373
failed,0.1,0.8,100121,198,0,-136.54330104890744,0,0.04256711791197904,0.024868554742763428
failed,0.1,0.8,100121,199,0,-136.54330104890744,0,0.04223378457864569,0.024571497998886513
failed,0.1,0.8,100121,200,0,-136.54330104890744,0,0.041900451245312366,0.024274440533644488
failed,0.1,0.8,100121,201,0,-151.54330104890744,0,0.04156711791197902,0.023977382439749083
failed,0.1,0.8,100121,202,0,-151.54330104890744,0,0.0412337845786457,0.023680323797456444
failed,0.1,0.8,100121,203,0,-151.54330104890744,0,0.04090045124531235,0.02338326467170622
failed,0.1,0.8,100121,204,0,-151.54330104890744,0,0.04056711791197903,0.02308620512733525
failed,0.1,0.8,100121,205,0,-151.54330104890744,0,0.04023378457864569,0.02278914522907758
failed,0.1,0.8,100121,206,0,-151.54330104890744,0,0.03990045124531237,0.022492085041564434
failed,0.1,0.8,100121,207,0,-151.54330104890744,0,0.03956711791197902,0.022195024629324236
failed,0.1,0.8,100121,208,0,-151.54330104890744,0,0.039233784578645695,0.021910915155567343
failed,0.1,0.8,100121,209,0,-151.54330104890744,0,0.038900451245312356,0.021639741188634844
failed,0.1,0.8,100121,210,0,-151.54330104890744,0,0.03856711791197904,0.02137330200672023
failed,0.1,0.8,100121,211,0,-161.54330104890744,0,0.03823378457864568,0.02112980637738145
failed,0.1,0.8,100121,212,0,-161.54330104890744,0,0.03790045124531236,0.02088631074804267
failed,0.1,0.8,100121,213,0,-161.54330104890744,0,0.03756711791197902,0.020642815118703896
failed,0.1,0.8,100121,214,0,-161.54330104890744,0,0.0372337845786457,0.020399319489365117
failed,0.1,0.8,100121,215,0,-161.54330104890744,0,0.036900451245312355,0.020155823860026335
failed,0.1,0.8,100121,216,0,-161.54330104890744,0,0.036567117911979016,0.019912328230687556
failed,0.1,0.8,100121,217,0,-161.54330104890744,0,0.036233784578645685,0.01966883260134878
failed,0.1,0.8,100121,218,0,-161.54330104890744,0,0.03590045124531237,0.01942533697201
failed,0.1,0.8,100121,219,0,-161.54330104890744,0,0.03556711791197902,0.019181841342671223
failed,0.1,0.8,100121,220,0,-161.54330104890744,0,0.03523378457864569,0.01893834571333244
failed,0.1,0.8,100121,221,0,-176.54330104890744,0,0.03641056023574542,0.01869485008399367
failed,0.1,0.8,100121,222,0,-176.54330104890744,0,0.03607722690241211,0.01845135445465489
failed,0.1,0.8,100121,223,0,-176.54330104890744,0,0.03574389356907877,0.018207858825316114
failed,0.1,0.8,100121,224,0,-176.54330104890744,0,0.03541056023574543,0.017964363195977332
failed,0.1,0.8,100121,225,0,-169.1074208452844,0,0.035093156030031346,0.019992942073301153
failed,0.1,0.8,100121,226,0,-169.1074208452844,0,0.03477648936336468,0.019748888752947103
failed,0.1,0.8,100121,227,0,-169.1074208452844,0,0.034459822696698006,0.019528796028843973
failed,0.1,0.8,100121,228,0,-162.11307847233564,0,0.034143156030031346,0.02145276277153842
failed,0.1,0.8,100121,229,0,-162.11307847233564,0,0.033826489363364666,0.021259252852786906
failed,0.1,0.8,100121,230,0,-162.11307847233564,0,0.03351957395527754,0.021067481656526714
failed,0.1,0.8,100121,231,0,-187.11307847233564,0,0.03321957395527753,0.020875709821779834
failed,0.1,0.8,100121,232,0,-187.11307847233564,0,0.03291957395527754,0.020683937414754227
failed,0.1,0.8,100121,233,0,-187.11307847233564,0,0.03261957395527753,0.020492164501558108
failed,0.1,0.8,100121,234,0,-187.11307847233564,0,0.03231957395527754,0.02030039114819994
failed,0.1,0.8,100121,235,0,-187.11307847233564,0,0.03201957395527753,0.020108617420588438
failed,0.1,0.8,100121,236,0,-187.11307847233564,0,0.03173328337387911,0.01991684338453259
failed,0.1,0.8,100121,237,0,-187.11307847233564,0,0.031449950040545765,0.019725069105741604
failed,0.1,0.8,100121,238,0,-187.11307847233564,0,0.031166616707212443,0.019533294649824954
failed,0.1,0.8,100121,239,0,-187.11307847233564,0,0.030883283373879102,0.019341520082292382
failed,0.1,0.8,100121,240,0,-187.11307847233564,0,0.030599950040545776,0.01914974546855385
failed,0.1,0.8,100121,241,0,-197.11307847233564,0,0.030316616707212432,0.018957970850851054
failed,0.1,0.8,100121,242,0,-197.11307847233564,0,0.03003328337387911,0.01876619623314826
failed,0.1,0.8,100121,243,0,-197.11307847233564,0,0.02974995004054577,0.01857442161544547
failed,0.1,0.8,100121,244,0,-197.11307847233564,0,0.029466616707212442,0.018382646997742672
failed,0.1,0.8,100121,245,0,-197.11307847233564,0,0.0291832833738791,0.01819087238003988
failed,0.1,0.8,100121,246,0,-197.11307847233564,0,0.028899950040545776,0.017999097762337088
failed,0.1,0.8,100121,247,0,-189.4206938603387,0,0.028616616707212435,0.020157773998300026
failed,0.1,0.8,100121,248,0,-189.4206938603387,0,0.028333283373879106,0.01994070644786291
failed,0.1,0.8,100121,249,0,-189.4206938603387,0,0.028049950040545765,0.019733371331612418
failed,0.1,0.8,100121,250,0,-189.4206938603387,0,0.02776661670721244,0.01954079846646372
failed,0.1,0.8,100121,251,0,-199.4206938603387,0,0.027483283373879102,0.019348225233955584
failed,0.1,0.8,100121,252,0,-199.4206938603387,0,0.027199950040545772,0.019155651665386964
failed,0.1,0.8,100121,253,0,-199.4206938603387,0,0.02691661670721243,0.018963077792008974
failed,0.1,0.8,100121,254,0,-199.4206938603387,0,0.026633283373879105,0.018770503645024958
failed,0.1,0.8,100121,255,0,-199.4206938603387,0,0.027269815001765285,0.018577929255590424
failed,0.1,0.8,100121,256,0,-199.4206938603387,0,0.02698648166843196,0.018385354654813082
failed,0.1,0.8,100121,257,0,-199.4206938603387,0,0.026703148335098615,0.018192779873752844
failed,0.1,0.8,100121,258,0,-191.90440515826327,0,0.02641981500176529,0.0202968487135004
failed,0.1,0.8,100121,259,0,-191.90440515826327,0,0.026136481668431952,0.020107633304986525
failed,0.1,0.8,100121,260,0,-191.90440515826327,0,0.025853148335098622,0.01994055933173276
failed,0.1,0.8,100121,261,0,-191.90440515826327,0,0.02556981500176528,0.019773484919185402
failed,0.1,0.8,100121,262,0,-191.90440515826327,0,0.025286481668431955,0.01960641013220974
failed,0.1,0.8,100121,263,0,-184.91006278531452,0,0.025003148335098615,0.021576495200024075
failed,0.1,0.8,100121,264,0,-184.91006278531452,0,0.02471981500176529,0.021388393885861744
failed,0.1,0.8,100121,265,0,-184.91006278531452,0,0.025708848159305984,0.021200291936251094
failed,0.1,0.8,100121,266,0,-184.91006278531452,0,0.025442181492639326,0.021012189416081024
failed,0.1,0.8,100121,267,0,-184.91006278531452,0,0.02517551482597265,0.020824086390161964
failed,0.1,0.8,100121,268,0,-184.91006278531452,0,0.02490884815930599,0.02063598292322584
failed,0.1,0.8,100121,269,0,-184.91006278531452,0,0.024642181492639317,0.02044787907992609
failed,0.1,0.8,100121,270,0,-176.13598268160814,0,0.02437551482597266,0.022940743845414592
failed,0.1,0.8,100121,271,0,-196.13598268160814,0,0.024108848159305984,0.022751981387026117
failed,0.1,0.8,100121,272,0,-196.13598268160814,0,0.023842181492639322,0.02256321825404713
failed,0.1,0.8,100121,273,0,-196.13598268160814,0,0.02357551482597265,0.02237445452229855
failed,0.1,0.8,100121,274,0,-196.13598268160814,0,0.023316770233322452,0.0221856902571028
failed,0.1,0.8,100121,275,0,-196.13598268160814,0,0.023066770233322445,0.02199692552369865
failed,0.1,0.8,100121,276,0,-196.13598268160814,0,0.022818680296257977,0.021808160387241295
failed,0.1,0.8,100121,277,0,-196.13598268160814,0,0.022585346962924645,0.021619394912802282
failed,0.1,0.8,100121,278,0,-196.13598268160814,0,0.022352013629591317,0.021430629154097294
failed,0.1,0.8,100121,279,0,-196.13598268160814,0,0.022118680296257978,0.021241863145547806
failed,0.1,0.8,100121,280,0,-196.13598268160814,0,0.021885346962924643,0.02105309692153142
failed,0.1,0.8,100121,281,0,-188.8364848696754,0,0.021652013629591314,0.023094732625583536
failed,0.1,0.8,100121,282,0,-188.8364848696754,0,0.021418680296257982,0.022877740241902412
failed,0.1,0.8,100121,283,0,-188.8364848696754,0,0.021185346962924647,0.022660747338869518
failed,0.1,0.8,100121,284,0,-188.8364848696754,0,0.020952013629591315,0.02244375398184904
failed,0.1,0.8,100121,285,0,-188.8364848696754,0,0.020718680296257983,0.022226760236107965
failed,0.1,0.8,100121,286,0,-188.8364848696754,0,0.02049443176477213,0.022009766166816037
failed,0.1,0.8,100121,287,0,-188.8364848696754,0,0.02159939756577993,0.021792771815098057
failed,0.1,0.8,100121,288,0,-188.8364848696754,0,0.021366064232446594,0.021575777211902757
failed,0.1,0.8,100121,289,0,-188.8364848696754,0,0.021137042527034303,0.0213587823881255
failed,0.1,0.8,100121,290,0,-188.8364848696754,0,0.020920375860367636,0.02114178737460831
failed,0.1,0.8,100121,291,0,-188.8364848696754,0,0.02070370919370097,0.020924792202139844
failed,0.1,0.8,100121,292,0,-188.8364848696754,0,0.0204870425270343,0.02070779690145542
failed,0.1,0.8,100121,293,0,-188.8364848696754,0,0.020270375860367635,0.020490801503237007
failed,0.1,0.8,100121,294,0,-188.8364848696754,0,0.020053709193700968,0.02027380603811321
failed,0.1,0.8,100121,295,0,-188.8364848696754,0,0.0198370425270343,0.0200568105366593
failed,0.1,0.8,100121,296,0,-188.8364848696754,0,0.01962037586036763,0.01983981502939718
failed,0.1,0.8,100121,297,0,-188.8364848696754,0,0.01940370919370097,0.019622819522135054
failed,0.1,0.8,100121,298,0,-188.8364848696754,0,0.0191870425270343,0.019405824014872928
failed,0.1,0.8,100121,299,0,-188.8364848696754,0,0.018970375860367636,0.01918882850761081
failed,0.1,0.8,100121,300,0,-188.8364848696754,0,0.018753709193700962,0.018971833000348683
failed,0.1,0.8,100121,301,0,-198.8364848696754,0,0.0185370425270343,0.01875483749308656
failed,0.1,0.8,100121,302,0,-198.8364848696754,0,0.01832037586036763,0.018537841985824435
failed,0.1,0.8,100121,303,0,-198.8364848696754,0,0.018103709193700968,0.018320846478562317
failed,0.1,0.8,100121,304,0,-198.8364848696754,0,0.017887042527034294,0.018103850971300194
failed,0.1,0.8,100121,305,0,-198.8364848696754,0,0.017670375860367633,0.01788685546403807
failed,0.1,0.8,100121,306,0,-198.8364848696754,0,0.017453709193700966,0.017669859956775946
failed,0.1,0.8,100121,307,0,-198.8364848696754,0,0.0172370425270343,0.017452864449513824
failed,0.1,0.8,100121,308,0,-198.8364848696754,0,0.017020375860367632,0.017235868942251705
failed,0.1,0.8,100121,309,0,-198.8364848696754,0,0.016803709193700965,0.017018873434989583
failed,0.1,0.8,100121,310,0,-198.8364848696754,0,0.016587042527034294,0.016801877927727457
failed,0.1,0.8,100121,311,0,-198.8364848696754,0,0.016370375860367634,0.016584882420465335
failed,0.1,0.8,100121,312,0,-198.8364848696754,0,0.016153709193700964,0.01636788691320321
failed,0.1,0.8,100121,313,0,-193.04876186294018,0,0.0159370425270343,0.017919362324665736
failed,0.1,0.8,100121,314,0,-193.04876186294018,0,0.01572037586036763,0.01770193273817811
failed,0.1,0.8,100121,315,0,-186.05441948999143,0,0.015506128452417793,0.019621663006789847
failed,0.1,0.8,100121,316,0,-186.05441948999143,0,0.01530612845241779,0.019379153116547906
failed,0.1,0.8,100121,317,0,-186.05441948999143,0,0.015106128452417792,0.01913664258881063
failed,0.1,0.8,100121,318,0,-186.05441948999143,0,0.014906128452417788,0.018894131487257968
failed,0.1,0.8,100121,319,0,-186.05441948999143,0,0.01603067731889067,0.018651883326903727
failed,0.1,0.8,100121,320,0,-186.05441948999143,0,0.015814010652224,0.01843407072354269
failed,0.1,0.8,100121,321,0,-196.05441948999143,0,0.015597343985557337,0.018216257736796613
failed,0.1,0.8,100121,322,0,-196.05441948999143,0,0.016862718532835167,0.017998444429939125
failed,0.1,0.8,100121,323,0,-196.05441948999143,0,0.016646051866168503,0.017780630866142268
failed,0.1,0.8,100121,324,0,-196.05441948999143,0,0.016429385199501836,0.017562817108476524
failed,0.1,0.8,100121,325,0,-196.05441948999143,0,0.01621809084872498,0.01734500320879685
failed,0.1,0.8,100121,326,0,-196.05441948999143,0,0.016018090848724978,0.017127189197715862
failed,0.1,0.8,100121,327,0,-196.05441948999143,0,0.01581809084872498,0.01690937510579875
failed,0.1,0.8,100121,328,0,-196.05441948999143,0,0.015618090848724979,0.01669156096356331
failed,0.1,0.8,100121,329,0,-196.05441948999143,0,0.015418090848724978,0.01647374680147994
failed,0.1,0.8,100121,330,0,-196.05441948999143,0,0.015218090848724978,0.016255932639396564
failed,0.1,0.8,100121,331,0,-196.05441948999143,0,0.015018090848724979,0.016038118477313193
failed,0.1,0.8,100121,332,0,-196.05441948999143,0,0.014818090848724978,0.015820304315229825
failed,0.1,0.8,100121,333,0,-196.05441948999143,0,0.014618090848724978,0.015602490153146452
failed,0.1,0.8,100121,334,0,-196.05441948999143,0,0.014418090848724977,0.015384675991063076
failed,0.1,0.8,100121,335,0,-196.05441948999143,0,0.014218090848724977,0.015166861828979703
failed,0.1,0.8,100121,336,0,-196.05441948999143,0,0.014018090848724974,0.014949047666896328
failed,0.1,0.8,100121,337,0,-196.05441948999143,0,0.013818090848724976,0.014731233504812959
failed,0.1,0.8,100121,338,0,-196.05441948999143,0,0.013618090848724975,0.014513419342729584
failed,0.1,0.8,100121,339,0,-196.05441948999143,0,0.013418090848724975,0.014295605180646211
failed,0.1,0.8,100121,340,0,-196.05441948999143,0,0.013218090848724976,0.014079862039300743
failed,0.1,0.8,100121,341,0,-196.05441948999143,0,0.013018090848724974,0.01388734399185939
failed,0.1,0.8,100121,342,0,-196.05441948999143,0,0.012818090848724975,0.013709309535764961
failed,0.1,0.8,100121,343,0,-196.05441948999143,0,0.012618090848724976,0.013538280436061263
failed,0.1,0.8,100121,344,0,-196.05441948999143,0,0.012418090848724974,0.013367251336357569
failed,0.1,0.8,100121,345,0,-196.05441948999143,0,0.012218090848724975,0.013196222236653872
failed,0.1,0.8,100121,346,0,-196.05441948999143,0,0.012018090848724973,0.013025193136950176
failed,0.1,0.8,100121,347,0,-196.05441948999143,0,0.011818090848724976,0.012854164037246478
failed,0.1,0.8,100121,348,0,-196.05441948999143,0,0.011625248135471077,0.012683134937542783
failed,0.1,0.8,100121,349,0,-196.05441948999143,0,0.011441914802137743,0.012512105837839087
failed,0.1,0.8,100121,350,0,-196.05441948999143,0,0.011258581468804409,0.012341076738135387
failed,0.1,0.8,100121,351,0,-196.05441948999143,0,0.011091187844822315,0.012170047638431693
failed,0.1,0.8,100121,352,0,-196.05441948999143,0,0.01092452117815565,0.011999018538727996
failed,0.1,0.8,100121,353,0,-196.05441948999143,0,0.01075785451148898,0.011827989439024297
failed,0.1,0.8,100121,354,0,-196.05441948999143,0,0.010599244158911694,0.0116569603393206
failed,0.1,0.8,100121,355,0,-196.05441948999143,0,0.010449244158911693,0.011485931239616904
failed,0.1,0.8,100121,356,0,-196.05441948999143,0,0.010299244158911694,0.011314902139913204
failed,0.1,0.8,100121,357,0,-196.05441948999143,0,0.010149244158911693,0.011143873040209508
failed,0.1,0.8,100121,358,0,-196.05441948999143,0,0.009999244158911692,0.010972843940505813
failed,0.1,0.8,100121,359,0,-196.05441948999143,0,0.009849244158911691,0.010801814840802115
failed,0.1,0.8,100121,360,0,-196.05441948999143,0,0.00969924415891169,0.010630785741098417
failed,0.1,0.8,100121,361,0,-196.05441948999143,0,0.009558120985436708,0.010459756641394721
failed,0.1,0.8,100121,362,0,-196.05441948999143,0,0.009424787652103373,0.010288727541691025
failed,0.1,0.8,100121,363,0,-196.05441948999143,0,0.009291454318770041,0.010117698441987327
failed,0.1,0.8,100121,364,0,-196.05441948999143,0,0.009158120985436707,0.009946669342283629
failed,0.1,0.8,100121,365,0,-196.05441948999143,0,0.009024787652103374,0.009783382030384626
failed,0.1,0.8,100121,366,0,-196.05441948999143,0,0.00889145431877004,0.009633381507872768
failed,0.1,0.8,100121,367,0,-196.05441948999143,0,0.008758120985436707,0.00948338098536091
failed,0.1,0.8,100121,368,0,-196.05441948999143,0,0.008624787652103373,0.009355354364027053
failed,0.1,0.8,100121,369,0,-196.05441948999143,0,0.009862529449635915,0.00923557705882727
failed,0.1,0.8,100121,370,0,-196.05441948999143,0,0.009737039220597637,0.00911579975362749
failed,0.1,0.8,100121,371,0,-196.05441948999143,0,0.00962037255393097,0.008996022448427706
failed,0.1,0.8,100121,372,0,-196.05441948999143,0,0.009503705887264303,0.008876245143227922
failed,0.1,0.8,100121,373,0,-196.05441948999143,0,0.009387039220597637,0.008756467838028139
failed,0.1,0.8,100121,374,0,-196.05441948999143,0,0.009270372553930971,0.008636690532828357
failed,0.1,0.8,100121,375,0,-196.05441948999143,0,0.009153705887264304,0.008516913227628575
failed,0.1,0.8,100121,376,0,-196.05441948999143,0,0.009037039220597638,0.008397135922428793
failed,0.1,0.8,100121,377,0,-196.05441948999143,0,0.00892037255393097,0.008277358617229008
failed,0.1,0.8,100121,378,0,-196.05441948999143,0,0.008803705887264304,0.008157581312029226
failed,0.1,0.8,100121,379,0,-196.05441948999143,0,0.008687039220597636,0.008037804006829442
failed,0.1,0.8,100121,380,0,-196.05441948999143,0,0.00857037255393097,0.007918026701629659
failed,0.1,0.8,100121,381,0,-196.05441948999143,0,0.008453705887264303,0.007798249396429876
failed,0.1,0.8,100121,382,0,-196.05441948999143,0,0.008337039220597637,0.007678472091230093
failed,0.1,0.8,100121,383,0,-196.05441948999143,0,0.008220372553930969,0.0075586947860303115
failed,0.1,0.8,100121,384,0,-196.05441948999143,0,0.008103705887264303,0.007438917480830529
failed,0.1,0.8,100121,385,0,-196.05441948999143,0,0.007987039220597635,0.007319140175630744
failed,0.1,0.8,100121,386,0,-189.06007711704268,0,0.00787037255393097,0.009336523039943081
failed,0.1,0.8,100121,387,0,-189.06007711704268,0,0.0077537058872643025,0.009216221159065325
failed,0.1,0.8,100121,388,0,-189.06007711704268,0,0.007637039220597636,0.009095918891462064
failed,0.1,0.8,100121,389,0,-189.06007711704268,0,0.007520372553930969,0.008975616270013162
failed,0.1,0.8,100121,390,0,-189.06007711704268,0,0.007403705887264302,0.008855313327543314
failed,0.1,0.8,100121,391,0,-199.06007711704268,0,0.007287039220597635,0.008735010096822059
failed,0.1,0.8,100121,392,0,-199.06007711704268,0,0.007170372553930968,0.008614706610563745
failed,0.1,0.8,100121,393,0,-199.06007711704268,0,0.0070537058872643015,0.008494402901427577
failed,0.1,0.8,100121,394,0,-199.06007711704268,0,0.006937039220597635,0.008374099002017566
failed,0.1,0.8,100121,395,0,-199.06007711704268,0,0.006820372553930968,0.008253794944882566
failed,0.1,0.8,100121,396,0,-199.06007711704268,0,0.006703705887264302,0.008133490762516255
failed,0.1,0.8,100121,397,0,-199.06007711704268,0,0.006587039220597635,0.008013186487357141
failed,0.1,0.8,100121,398,0,-199.06007711704268,0,0.0064757019938530835,0.00789288215178856
failed,0.1,0.8,100121,399,0,-199.06007711704268,0,0.00638448646071354,0.007772577788138674
failed,0.1,0.8,100121,400,0,-199.06007711704268,0,0.0063011531273802065,0.007652273424488788
failed,0.1,0.8,100121,401,0,-199.06007711704268,0,0.006217819794046873,0.007551878562196348
failed,0.1,0.8,100121,402,0,-199.06007711704268,0,0.00613448646071354,0.007456656554543043
failed,0.1,0.8,100121,403,0,-199.06007711704268,0,0.006056505728250533,0.0073614345468897375
failed,0.1,0.8,100121,404,0,-199.06007711704268,0,0.005989839061583866,0.007266212539236432
failed,0.1,0.8,100121,405,0,-199.06007711704268,0,0.0059231723949172,0.007170990531583126
failed,0.1,0.8,100121,406,0,-191.54378841496725,0,0.0058565057282505325,0.00937241229400842
failed,0.1,0.8,100121,407,0,-191.54378841496725,0,0.005789839061583866,0.009252295608616663
failed,0.1,0.8,100121,408,0,-184.5494460420185,0,0.005723172394917199,0.011269338673100359
failed,0.1,0.8,100121,409,0,-184.5494460420185,0,0.005656505728250533,0.011123997148861992
failed,0.1,0.8,100121,410,0,-184.5494460420185,0,0.005589839061583866,0.010978654878905812
failed,0.1,0.8,100121,411,0,-194.5494460420185,0,0.0055231723949171994,0.010833311925422879
failed,0.1,0.8,100121,412,0,-194.5494460420185,0,0.005456505728250532,0.010687968350509522
failed,0.1,0.8,100121,413,0,-194.5494460420185,0,0.005401844478145197,0.01054262421616735
failed,0.1,0.8,100121,414,0,-194.5494460420185,0,0.005351844478145198,0.010397279584303235
failed,0.1,0.8,100121,415,0,-194.5494460420185,0,0.005301844478145198,0.010251934516729327
failed,0.1,0.8,100121,416,0,-194.5494460420185,0,0.005251844478145197,0.010106589075163038
failed,0.1,0.8,100121,417,0,-194.5494460420185,0,0.005201844478145198,0.009961243321227041
failed,0.1,0.8,100121,418,0,-194.5494460420185,0,0.005151844478145197,0.009815897316449291
failed,0.1,0.8,100121,419,0,-194.5494460420185,0,0.005101844478145197,0.009670551122262994
failed,0.1,0.8,100121,420,0,-194.5494460420185,0,0.005051844478145198,0.009525204800006633
failed,0.1,0.8,100121,421,0,-194.5494460420185,0,0.005001844478145197,0.00937985841092395
failed,0.1,0.8,100121,422,0,-194.5494460420185,0,0.004951844478145197,0.009234512001972058
failed,0.1,0.8,100121,423,0,-187.55510366906975,0,0.004901844478145197,0.011226325762532284
failed,0.1,0.8,100121,424,0,-187.55510366906975,0,0.006161898235443735,0.011080454777902418
failed,0.1,0.8,100121,425,0,-187.55510366906975,0,0.006111898235443735,0.010934583408544935
failed,0.1,0.8,100121,426,0,-187.55510366906975,0,0.006061898235443734,0.0107887116893366
failed,0.1,0.8,100121,427,0,-187.55510366906975,0,0.006011898235443735,0.010642839655098007
failed,0.1,0.8,100121,428,0,-187.55510366906975,0,0.005961898235443735,0.010496967340593587
failed,0.1,0.8,100121,429,0,-187.55510366906975,0,0.0059118982354437345,0.010351094780531613
failed,0.1,0.8,100121,430,0,-187.55510366906975,0,0.005861898235443735,0.010205222009564181
failed,0.1,0.8,100121,431,0,-197.55510366906975,0,0.005811898235443734,0.010059349062287233
failed,0.1,0.8,100121,432,0,-197.55510366906975,0,0.0057618982354437345,0.009913475973240533
failed,0.1,0.8,100121,433,0,-197.55510366906975,0,0.005711898235443735,0.009767602776907683
failed,0.1,0.8,100121,434,0,-197.55510366906975,0,0.005661898235443734,0.009621729507716116
failed,0.1,0.8,100121,435,0,-197.55510366906975,0,0.0056118982354437345,0.0094758562000371
failed,0.1,0.8,100121,436,0,-197.55510366906975,0,0.005561898235443734,0.009329982888185732
failed,0.1,0.8,100121,437,0,-197.55510366906975,0,0.005511898235443734,0.009184109576334367
failed,0.1,0.8,100121,438,0,-197.55510366906975,0,0.005461898235443735,0.009038236264482998
failed,0.1,0.8,100121,439,0,-197.55510366906975,0,0.005411898235443734,0.008892362952631632
failed,0.1,0.8,100121,440,0,-197.55510366906975,0,0.005361898235443734,0.008746489640780264
failed,0.1,0.8,100121,441,0,-190.560761296121,0,0.005311898235443734,0.010737776498441013
failed,0.1,0.8,100121,442,0,-190.560761296121,0,0.005261898235443734,0.010591378610911677
failed,0.1,0.8,100121,443,0,-190.560761296121,0,0.005211898235443734,0.01044498033479096
failed,0.1,0.8,100121,444,0,-190.560761296121,0,0.005161898235443734,0.010298581701108275
failed,0.1,0.8,100121,445,0,-190.560761296121,0,0.005111898235443734,0.01015218274085329
failed,0.1,0.8,100121,446,0,-190.560761296121,0,0.0050618982354437335,0.010005783484975935
failed,0.1,0.8,100121,447,0,-190.560761296121,0,0.006428439638038974,0.009879451380413002
failed,0.1,0.8,100121,448,0,-190.560761296121,0,0.006361772971372307,0.009756267964465793
failed,0.1,0.8,100121,449,0,-190.560761296121,0,0.006295106304705641,0.009633084345507486
failed,0.1,0.8,100121,450,0,-190.560761296121,0,0.006228439638038974,0.009509900554329011
intermediate,0.35,0.4,100742,0,0,0,0,0.11135397227535829,0.034360924194972595
intermediate,0.35,0.4,100742,1,0,0,0,0.1108539722753583,0.03363288291162678
intermediate,0.35,0.4,100742,2,0,0,0,0.11035397227535831,0.03290470311349139
intermediate,0.35,0.4,100742,3,0,0,0,0.10985397227535826,0.03217638567413257
intermediate,0.35,0.4,100742,4,0,0,0,0.1093539722753583,0.03144793146574022
intermediate,0.35,0.4,100742,5,0,0,0,0.1088539722753583,0.030719341359127707
intermediate,0.35,0.4,100742,6,0,8.345475473620823,0,0.11293380895527523,0.0325406226184491
intermediate,0.35,0.4,100742,7,0,8.345475473620823,0,0.11243380895527523,0.03181113741166847
intermediate,0.35,0.4,100742,8,0,8.345475473620823,0,0.11193380895527526,0.03112550464340492
intermediate,0.35,0.4,100742,9,0,8.345475473620823,0,0.11143380895527526,0.03049740146544057
intermediate,0.35,0.4,100742,10,0,8.345475473620823,0,0.11093380895527524,0.02987241009500119
intermediate,0.35,0.4,100742,11,0,-6.654524526379177,0,0.11043380895527523,0.029247304007752536
intermediate,0.35,0.4,100742,12,0,-6.654524526379177,0,0.10993380895527526,0.028622083962153464
intermediate,0.35,0.4,100742,13,0,-6.654524526379177,0,0.10943380895527527,0.0280040131493435
intermediate,0.35,0.4,100742,14,0,-6.654524526379177,0,0.10893380895527523,0.02740139568738262
intermediate,0.35,0.4,100742,15,0,-6.654524526379177,0,0.10843380895527524,0.026802387656160564
intermediate,0.35,0.4,100742,16,0,-6.654524526379177,0,0.10793380895527525,0.026225260511453467
intermediate,0.35,0.4,100742,17,0,-6.654524526379177,0,0.10743380895527525,0.025650864189099724
intermediate,0.35,0.4,100742,18,0,1.8441673076651348,0,0.10693380895527525,0.02770779117889414
intermediate,0.35,0.4,100742,19,0,1.8441673076651348,0,0.10643380895527522,0.027171964650274126
intermediate,0.35,0.4,100742,20,0,1.8441673076651348,0,0.11038861345352344,0.02663604537838332
intermediate,0.35,0.4,100742,21,0,1.8441673076651348,0,0.10988861345352344,0.02610003400857675
intermediate,0.35,0.4,100742,22,0,1.8441673076651348,0,0.10938861345352341,0.025563931185196533
intermediate,0.35,0.4,100742,23,0,1.8441673076651348,0,0.10888861345352341,0.025044207745054847
intermediate,0.35,0.4,100742,24,0,8.22512193848743,0,0.10838861345352344,0.026487960191323212
intermediate,0.35,0.4,100742,25,0,8.22512193848743,0,0.10788861345352344,0.025997062213773826
intermediate,0.35,0.4,100742,26,0,8.22512193848743,0,0.10738861345352342,0.025506083120332573
intermediate,0.35,0.4,100742,27,0,8.22512193848743,0,0.1068886134535234,0.0250150235001339
intermediate,0.35,0.4,100742,28,0,8.22512193848743,0,0.10638861345352343,0.0245350659698945
intermediate,0.35,0.4,100742,29,0,8.22512193848743,0,0.10588861345352345,0.024073490873848906
intermediate,0.35,0.4,100742,30,0,8.22512193848743,0,0.1053886134535234,0.02362416232945574
intermediate,0.35,0.4,100742,31,0,8.22512193848743,0,0.10488861345352342,0.023188712129694544
intermediate,0.35,0.4,100742,32,0,8.22512193848743,0,0.10438861345352343,0.022753191150524644
intermediate,0.35,0.4,100742,33,0,8.22512193848743,0,0.10847576187774972,0.02232312069874865
intermediate,0.35,0.4,100742,34,0,8.22512193848743,0,0.10797576187774975,0.021917441344197815
intermediate,0.35,0.4,100742,35,0,8.22512193848743,0,0.10747576187774972,0.02151169723255293
intermediate,0.35,0.4,100742,36,0,8.22512193848743,0,0.11149801908374565,0.02110588886423797
intermediate,0.35,0.4,100742,37,0,8.22512193848743,0,0.11099801908374567,0.020706660370327513
intermediate,0.35,0.4,100742,38,0,8.22512193848743,0,0.11049801908374565,0.02032977940106024
intermediate,0.35,0.4,100742,39,0,8.22512193848743,0,0.10999801908374568,0.019952839964809493
intermediate,0.35,0.4,100742,40,0,8.22512193848743,0,0.10949801908374567,0.019575842531998542
intermediate,0.35,0.4,100742,41,0,-16.77487806151257,0,0.10899801908374566,0.019198787572338262
intermediate,0.35,0.4,100742,42,0,-16.77487806151257,0,0.10849801908374569,0.018821675554826993
intermediate,0.35,0.4,100742,43,0,-16.77487806151257,0,0.10799801908374565,0.018444506947750443
intermediate,0.35,0.4,100742,44,0,-16.77487806151257,0,0.10749801908374565,0.01806728221868158
intermediate,0.35,0.4,100742,45,0,-16.77487806151257,0,0.10699801908374568,0.017690001834480527
intermediate,0.35,0.4,100742,46,0,-16.77487806151257,0,0.1102380353707131,0.01731266626129444
intermediate,0.35,0.4,100742,47,0,-16.77487806151257,0,0.10973803537071311,0.016935275964557416
intermediate,0.35,0.4,100742,48,0,-16.77487806151257,0,0.10923803537071311,0.016557831408990416
intermediate,0.35,0.4,100742,49,0,-16.77487806151257,0,0.10873803537071311,0.016180333058601094
intermediate,0.35,0.4,100742,50,0,-16.77487806151257,0,0.10823803537071314,0.015817079989732714
intermediate,0.35,0.4,100742,51,0,-16.77487806151257,0,0.10773803537071311,0.015467198856986431
intermediate,0.35,0.4,100742,52,0,-16.77487806151257,0,0.10723803537071311,0.01511726826184948
intermediate,0.35,0.4,100742,53,0,-16.77487806151257,0,0.10673803537071311,0.01476728863855487
intermediate,0.35,0.4,100742,54,0,-16.77487806151257,0,0.10623803537071311,0.014417260420674228
intermediate,0.35,0.4,100742,55,0,-16.77487806151257,0,0.10573803537071311,0.014090336945759091
intermediate,0.35,0.4,100742,56,0,-10.393923430690275,0,0.1052380353707131,0.015718526633571248
intermediate,0.35,0.4,100742,57,0,-10.393923430690275,0,0.1091463670989246,0.015396456636385137
intermediate,0.35,0.4,100742,58,0,-10.393923430690275,0,0.10864636709892461,0.01507446686254537
intermediate,0.35,0.4,100742,59,0,-10.393923430690275,0,0.10814636709892458,0.014771599226009374
intermediate,0.35,0.4,100742,60,0,-10.393923430690275,0,0.10764636709892458,0.014478767367097491
intermediate,0.35,0.4,100742,61,0,-30.393923430690275,0,0.10714636709892458,0.014202142270134195
intermediate,0.35,0.4,100742,62,0,-30.393923430690275,0,0.1066463670989246,0.013925479303044814
intermediate,0.35,0.4,100742,63,0,-30.393923430690275,0,0.1061463670989246,0.013648778816671389
intermediate,0.35,0.4,100742,64,0,-30.393923430690275,0,0.10564636709892458,0.013372041161333083
intermediate,0.35,0.4,100742,65,0,-30.393923430690275,0,0.1051463670989246,0.013095266686826083
intermediate,0.35,0.4,100742,66,0,-30.393923430690275,0,0.10958077135606636,0.012818455742423551
intermediate,0.35,0.4,100742,67,0,-30.393923430690275,0,0.10908077135606632,0.012563109758606888
intermediate,0.35,0.4,100742,68,0,-30.393923430690275,0,0.10858077135606634,0.012307792910048401
intermediate,0.35,0.4,100742,69,0,-30.393923430690275,0,0.10808077135606632,0.012052443050174028
intermediate,0.35,0.4,100742,70,0,-30.393923430690275,0,0.10758077135606633,0.011797060499245497
intermediate,0.35,0.4,100742,71,0,-45.39392343069028,0,0.10708077135606633,0.011541645577041924
intermediate,0.35,0.4,100742,72,0,-45.39392343069028,0,0.10658077135606632,0.011286198602859754
intermediate,0.35,0.4,100742,73,0,-45.39392343069028,0,0.10608768582274529,0.011030719895512698
intermediate,0.35,0.4,100742,74,0,-45.39392343069028,0,0.10560435248941195,0.010775209773331672
intermediate,0.35,0.4,100742,75,0,-45.39392343069028,0,0.10512101915607858,0.01051966855416473
intermediate,0.35,0.4,100742,76,0,-45.39392343069028,0,0.10463768582274528,0.010272848406999175
intermediate,0.35,0.4,100742,77,0,-45.39392343069028,0,0.10952160528789959,0.010041829931461207
intermediate,0.35,0.4,100742,78,0,-45.39392343069028,0,0.11324355176242935,0.009832408282333555
intermediate,0.35,0.4,100742,79,0,-45.39392343069028,0,0.11276021842909602,0.009638355981048924
intermediate,0.35,0.4,100742,80,0,-45.39392343069028,0,0.11574975368507391,0.009455689372326662
intermediate,0.35,0.4,100742,81,0,-55.39392343069028,0,0.1152664203517406,0.0092730015565469
intermediate,0.35,0.4,100742,82,0,-49.048564563300936,0,0.11478308701840728,0.011029152421505418
intermediate,0.35,0.4,100742,83,0,-49.048564563300936,0,0.11429975368507389,0.01082434762817945
intermediate,0.35,0.4,100742,84,0,-49.048564563300936,0,0.1138164203517406,0.010619519942458345
intermediate,0.35,0.4,100742,85,0,-49.048564563300936,0,0.11333308701840726,0.010414669627800114
intermediate,0.35,0.4,100742,86,0,-49.048564563300936,0,0.11284975368507391,0.010209796947275656
intermediate,0.35,0.4,100742,87,0,-49.048564563300936,0,0.11642106184678983,0.010004902163568691
intermediate,0.35,0.4,100742,88,0,-40.54987272925662,0,0.12090375269417722,0.01241254284778563
intermediate,0.35,0.4,100742,89,0,-40.54987272925662,0,0.1204204193608439,0.01220418897580826
intermediate,0.35,0.4,100742,90,0,-40.54987272925662,0,0.11993933183882335,0.011995813136511031
intermediate,0.35,0.4,100742,91,0,-80.54987272925662,0,0.11947266517215667,0.011787415595959866
intermediate,0.35,0.4,100742,92,0,-80.54987272925662,0,0.11900599850549001,0.011578996619826852
intermediate,0.35,0.4,100742,93,0,-72.2043972556358,0,0.11853933183882333,0.013920562868107673
intermediate,0.35,0.4,100742,94,0,-72.2043972556358,0,0.11807266517215667,0.013711475905591167
intermediate,0.35,0.4,100742,95,0,-72.2043972556358,0,0.11760599850549,0.013508471903580965
intermediate,0.35,0.4,100742,96,0,-72.2043972556358,0,0.11713933183882332,0.01332219593417336
intermediate,0.35,0.4,100742,97,0,-72.2043972556358,0,0.11667266517215666,0.013135901905451572
intermediate,0.35,0.4,100742,98,0,-72.2043972556358,0,0.11620599850549003,0.012949590058594545
intermediate,0.35,0.4,100742,99,0,-72.2043972556358,0,0.11573933183882333,0.012763260634429134
intermediate,0.35,0.4,100742,100,0,-65.35301212999414,0,0.11527266517215666,0.014670392661820577
intermediate,0.35,0.4,100742,101,0,-65.35301212999414,0,0.11480599850548999,0.014457605877907776
intermediate,0.35,0.4,100742,102,0,-65.35301212999414,0,0.11433933183882335,0.014244800579371714
intermediate,0.35,0.4,100742,103,0,-65.35301212999414,0,0.11947859028091713,0.014061316954001852
intermediate,0.35,0.4,100742,104,0,-65.35301212999414,0,0.11899525694758381,0.01389944360188317
intermediate,0.35,0.4,100742,105,0,-65.35301212999414,0,0.11851192361425048,0.013737556854151256
intermediate,0.35,0.4,100742,106,0,-65.35301212999414,0,0.11802859028091718,0.013575656926076053
intermediate,0.35,0.4,100742,107,0,-65.35301212999414,0,0.11754525694758382,0.013413744032621548
intermediate,0.35,0.4,100742,108,0,-65.35301212999414,0,0.11706192361425045,0.01325181838844573
intermediate,0.35,0.4,100742,109,0,-65.35301212999414,0,0.11657859028091716,0.013089880207900584
intermediate,0.35,0.4,100742,110,0,-58.856082630507764,0,0.11609525694758384,0.014913102607652873
intermediate,0.35,0.4,100742,111,0,-58.856082630507764,0,0.11561192361425045,0.014722800418635891
intermediate,0.35,0.4,100742,112,0,-58.856082630507764,0,0.11512859028091713,0.01453248462374314
intermediate,0.35,0.4,100742,113,0,-58.856082630507764,0,0.1146452569475838,0.014342155466800715
intermediate,0.35,0.4,100742,114,0,-58.856082630507764,0,0.11416192361425051,0.01415181319127501
intermediate,0.35,0.4,100742,115,0,-52.00469750486611,0,0.11367859028091715,0.01605493682866321
intermediate,0.35,0.4,100742,116,0,-45.659338637476765,0,0.1131952569475838,0.017802914844971318
intermediate,0.35,0.4,100742,117,0,-45.659338637476765,0,0.11271192361425049,0.017611544507970905
intermediate,0.35,0.4,100742,118,0,-45.659338637476765,0,0.11653443019352121,0.0174201612424275
intermediate,0.35,0.4,100742,119,0,-45.659338637476765,0,0.11605109686018784,0.017228765297626947
intermediate,0.35,0.4,100742,120,0,-45.659338637476765,0,0.11556776352685454,0.01703735692249334
intermediate,0.35,0.4,100742,121,0,-45.659338637476765,0,0.1150844301935212,0.01684593636558904
intermediate,0.35,0.4,100742,122,0,-45.659338637476765,0,0.11460109686018789,0.01665450387511466
intermediate,0.35,0.4,100742,123,0,-45.659338637476765,0,0.11411776352685453,0.016463059698909013
intermediate,0.35,0.4,100742,124,0,-45.659338637476765,0,0.11699319232114434,0.016271604084449116
intermediate,0.35,0.4,100742,125,0,-45.659338637476765,0,0.11650985898781106,0.016080137278850153
intermediate,0.35,0.4,100742,126,0,-38.01978678151813,0,0.11602652565447771,0.01822296704040837
intermediate,0.35,0.4,100742,127,0,-38.01978678151813,0,0.11554319232114434,0.018007986440748604
intermediate,0.35,0.4,100742,128,0,-38.01978678151813,0,0.11947773339878144,0.01779299323208476
intermediate,0.35,0.4,100742,129,0,-38.01978678151813,0,0.12395543551698604,0.017577987691451913
intermediate,0.35,0.4,100742,130,0,-38.01978678151813,0,0.12347210218365273,0.01736297009547883
intermediate,0.35,0.4,100742,131,0,-53.01978678151813,0,0.12298876885031935,0.0171479407203879
intermediate,0.35,0.4,100742,132,0,-46.674427914128785,0,0.12250543551698602,0.018871759495919672
intermediate,0.35,0.4,100742,133,0,-46.674427914128785,0,0.12202210218365271,0.01863015030796711
intermediate,0.35,0.4,100742,134,0,-46.674427914128785,0,0.12153876885031938,0.01838852833852976
intermediate,0.35,0.4,100742,135,0,-46.674427914128785,0,0.12105543551698598,0.018146893892818608
intermediate,0.35,0.4,100742,136,0,-46.674427914128785,0,0.12057210218365268,0.01790524727558797
intermediate,0.35,0.4,100742,137,0,-46.674427914128785,0,0.12008876885031937,0.01766358879113548
intermediate,0.35,0.4,100742,138,0,-46.674427914128785,0,0.12499453303345469,0.017421918743302046
intermediate,0.35,0.4,100742,139,0,-46.674427914128785,0,0.12451119970012131,0.017180237435471854
intermediate,0.35,0.4,100742,140,0,-46.674427914128785,0,0.12402786636678795,0.01693854517057233
intermediate,0.35,0.4,100742,141,0,-76.67442791412878,0,0.12354453303345465,0.016696842251074134
intermediate,0.35,0.4,100742,142,0,-76.67442791412878,0,0.12772678341676041,0.0164551289789911
intermediate,0.35,0.4,100742,143,0,-76.67442791412878,0,0.12724345008342705,0.016213405655880263
intermediate,0.35,0.4,100742,144,0,-76.67442791412878,0,0.12676011675009372,0.015971672582841826
intermediate,0.35,0.4,100742,145,0,-76.67442791412878,0,0.12627678341676038,0.015729930060519124
intermediate,0.35,0.4,100742,146,0,-76.67442791412878,0,0.1257934500834271,0.015488178389098608
intermediate,0.35,0.4,100742,147,0,-76.67442791412878,0,0.12531011675009374,0.015246417868309856
intermediate,0.35,0.4,100742,148,0,-76.67442791412878,0,0.12482678341676037,0.015004648797425519
intermediate,0.35,0.4,100742,149,0,-76.67442791412878,0,0.12434345008342707,0.014762871475261332
intermediate,0.35,0.4,100742,150,0,-76.67442791412878,0,0.12386011675009373,0.014521086200176078
intermediate,0.35,0.4,100742,151,0,-101.67442791412878,0,0.12337678341676037,0.014279293270071582
intermediate,0.35,0.4,100742,152,0,-94.84520422902608,0,0.12289345008342706,0.016124200219507414
intermediate,0.35,0.4,100742,153,0,-94.84520422902608,0,0.12241011675009372,0.01585910057392363
intermediate,0.35,0.4,100742,154,0,-94.84520422902608,0,0.12192678341676041,0.015593993402969453
intermediate,0.35,0.4,100742,155,0,-94.84520422902608,0,0.12144345008342708,0.015328879027046712
intermediate,0.35,0.4,100742,156,0,-94.84520422902608,0,0.1209601167500937,0.01506375774462492
intermediate,0.35,0.4,100742,157,0,-94.84520422902608,0,0.12047678341676041,0.014816870895398338
intermediate,0.35,0.4,100742,158,0,-94.84520422902608,0,0.11999345008342707,0.014571100993761216
intermediate,0.35,0.4,100742,159,0,-94.84520422902608,0,0.11951011675009372,0.014325325889320971
intermediate,0.35,0.4,100742,160,0,-94.84520422902608,0,0.12429061917972475,0.014079545851769475
intermediate,0.35,0.4,100742,161,0,-104.84520422902608,0,0.1238072858463914,0.013833761139129203
intermediate,0.35,0.4,100742,162,0,-104.84520422902608,0,0.12332395251305812,0.013587971989332181
intermediate,0.35,0.4,100742,163,0,-104.84520422902608,0,0.12284061917972475,0.013342178639920937
intermediate,0.35,0.4,100742,164,0,-104.84520422902608,0,0.1223572858463914,0.013096381328048476
intermediate,0.35,0.4,100742,165,0,-104.84520422902608,0,0.1218739525130581,0.0128505802904783
intermediate,0.35,0.4,100742,166,0,-104.84520422902608,0,0.12139061917972474,0.012604775746244743
intermediate,0.35,0.4,100742,167,0,-104.84520422902608,0,0.1209072858463914,0.012358967900005988
intermediate,0.35,0.4,100742,168,0,-104.84520422902608,0,0.12042395251305807,0.012113156956081618
intermediate,0.35,0.4,100742,169,0,-104.84520422902608,0,0.11994061917972473,0.011867343118452615
intermediate,0.35,0.4,100742,170,0,-104.84520422902608,0,0.11945728584639145,0.011621526590761369
intermediate,0.35,0.4,100742,171,0,-134.84520422902608,0,0.11897395251305808,0.011375707567558341
intermediate,0.35,0.4,100742,172,0,-134.84520422902608,0,0.11849061917972473,0.011129886224274216
intermediate,0.35,0.4,100742,173,0,-134.84520422902608,0,0.11800728584639143,0.010884062736054707
intermediate,0.35,0.4,100742,174,0,-134.84520422902608,0,0.11752395251305808,0.010638237258347392
intermediate,0.35,0.4,100742,175,0,-134.84520422902608,0,0.11704061917972472,0.010392409934972677
intermediate,0.35,0.4,100742,176,0,-134.84520422902608,0,0.11655728584639141,0.010146580887935904
intermediate,0.35,0.4,100742,177,0,-134.84520422902608,0,0.11607395251305806,0.009900750232897052
intermediate,0.35,0.4,100742,178,0,-134.84520422902608,0,0.11559061917972478,0.009654918085332162
intermediate,0.35,0.4,100742,179,0,-127.75252196401988,0,0.11510728584639142,0.0115762930303963
intermediate,0.35,0.4,100742,180,0,-127.75252196401988,0,0.11462395251305806,0.011309740628309257
intermediate,0.35,0.4,100742,181,0,-177.75252196401988,0,0.11414061917972476,0.011086561826271497
intermediate,0.35,0.4,100742,182,0,-177.75252196401988,0,0.1136572858463914,0.010863381541116646
intermediate,0.35,0.4,100742,183,0,-177.75252196401988,0,0.11317395251305808,0.01064019988873055
intermediate,0.35,0.4,100742,184,0,-177.75252196401988,0,0.11269061917972473,0.01041701698480938
intermediate,0.35,0.4,100742,185,0,-177.75252196401988,0,0.11220728584639139,0.010193832944859604
intermediate,0.35,0.4,100742,186,0,-177.75252196401988,0,0.11172395251305813,0.009970647884198014
intermediate,0.35,0.4,100742,187,0,-177.75252196401988,0,0.11124061917972473,0.009758576950016919
intermediate,0.35,0.4,100742,188,0,-177.75252196401988,0,0.11552289143559923,0.009566134639209195
intermediate,0.35,0.4,100742,189,0,-177.75252196401988,0,0.11503955810226593,0.009373691636491262
intermediate,0.35,0.4,100742,190,0,-177.75252196401988,0,0.1145562247689326,0.00918124802901484
intermediate,0.35,0.4,100742,191,0,-197.75252196401988,0,0.11408581516771467,0.008988803903787061
intermediate,0.35,0.4,100742,192,0,-197.75252196401988,0,0.11361914850104798,0.008796359347670459
intermediate,0.35,0.4,100742,193,0,-197.75252196401988,0,0.11315248183438133,0.008603914447382979
intermediate,0.35,0.4,100742,194,0,-197.75252196401988,0,0.11268581516771467,0.008411469284241403
intermediate,0.35,0.4,100742,195,0,-197.75252196401988,0,0.11221914850104801,0.00821902391427491
intermediate,0.35,0.4,100742,196,0,-197.75252196401988,0,0.1117524818343813,0.008026578393417836
intermediate,0.35,0.4,100742,197,0,-197.75252196401988,0,0.11128581516771467,0.007834132775542199
intermediate,0.35,0.4,100742,198,0,-192.33546475211833,0,0.11081914850104797,0.009320581491813761
intermediate,0.35,0.4,100742,199,0,-192.33546475211833,0,0.1103524818343813,0.009122467043939875
intermediate,0.35,0.4,100742,200,0,-192.33546475211833,0,0.10988581516771465,0.008924352288910161
intermediate,0.35,0.4,100742,201,0,-193.82250478289765,0,0.109419148501048,0.011327419481875326
intermediate,0.35,0.4,100742,202,0,-187.32557528341127,0,0.11365571458717727,0.013083490549590545
intermediate,0.35,0.4,100742,203,0,-187.32557528341127,0,0.11318904792051059,0.01283452387423938
intermediate,0.35,0.4,100742,204,0,-187.32557528341127,0,0.11272238125384387,0.012585556217880845
intermediate,0.35,0.4,100742,205,0,-180.2312895323888,0,0.11225571458717724,0.014507052918467375
intermediate,0.35,0.4,100742,206,0,-180.2312895323888,0,0.11178904792051056,0.014284165994136596
intermediate,0.35,0.4,100742,207,0,-180.2312895323888,0,0.11132238125384389,0.014061277972480687
intermediate,0.35,0.4,100742,208,0,-180.2312895323888,0,0.11085571458717722,0.013838388978068404
intermediate,0.35,0.4,100742,209,0,-180.2312895323888,0,0.11038904792051056,0.013615499135271516
intermediate,0.35,0.4,100742,210,0,-180.2312895323888,0,0.10992238125384392,0.013392608564946526
intermediate,0.35,0.4,100742,211,0,-195.2312895323888,0,0.10945571458717725,0.013169717361556917
intermediate,0.35,0.4,100742,212,0,-195.2312895323888,0,0.10898904792051053,0.012946825619425001
intermediate,0.35,0.4,100742,213,0,-195.2312895323888,0,0.1085223812538439,0.012723933432731933
intermediate,0.35,0.4,100742,214,0,-195.2312895323888,0,0.10805571458717722,0.01250104089551769
intermediate,0.35,0.4,100742,215,0,-195.2312895323888,0,0.10758904792051055,0.012278148101681081
intermediate,0.35,0.4,100742,216,0,-195.2312895323888,0,0.10712238125384389,0.012055255137948353
intermediate,0.35,0.4,100742,217,0,-195.2312895323888,0,0.10665571458717724,0.011832362067672094
intermediate,0.35,0.4,100742,218,0,-195.2312895323888,0,0.10618904792051059,0.011609468954101271
intermediate,0.35,0.4,100742,219,0,-195.2312895323888,0,0.1057223812538439,0.011386575836548112
intermediate,0.35,0.4,100742,220,0,-195.2312895323888,0,0.10525571458717722,0.01116368271899495
intermediate,0.35,0.4,100742,221,0,-195.2312895323888,0,0.10478904792051057,0.010940789601441792
intermediate,0.35,0.4,100742,222,0,-186.29990917945028,0,0.10882980997279536,0.013446929369508726
intermediate,0.35,0.4,100742,223,0,-186.29990917945028,0,0.10836314330612869,0.013199501083938714
intermediate,0.35,0.4,100742,224,0,-179.12630455396072,0,0.1119585035652592,0.015144007041321125
intermediate,0.35,0.4,100742,225,0,-179.12630455396072,0,0.1114918368985925,0.014896039760065805
intermediate,0.35,0.4,100742,226,0,-179.12630455396072,0,0.11102517023192589,0.014648071640038474
intermediate,0.35,0.4,100742,227,0,-179.12630455396072,0,0.1105585035652592,0.014400102744404916
intermediate,0.35,0.4,100742,228,0,-179.12630455396072,0,0.11407671462988199,0.01415213313623896
intermediate,0.35,0.4,100742,229,0,-179.12630455396072,0,0.11361004796321535,0.013904162878522518
intermediate,0.35,0.4,100742,230,0,-179.12630455396072,0,0.11314338129654863,0.013656192034145538
intermediate,0.35,0.4,100742,231,0,-179.12630455396072,0,0.11267671462988199,0.013408220665906035
intermediate,0.35,0.4,100742,232,0,-166.6483867615989,0,0.11221004796321533,0.016972945939731754
intermediate,0.35,0.4,100742,233,0,-166.6483867615989,0,0.1117583922066093,0.01670345087052659
intermediate,0.35,0.4,100742,234,0,-166.6483867615989,0,0.1113207910007315,0.016433954782322655
intermediate,0.35,0.4,100742,235,0,-166.6483867615989,0,0.11088745766739813,0.0161644578031609
intermediate,0.35,0.4,100742,236,0,-166.6483867615989,0,0.11045412433406478,0.01589496006090459
intermediate,0.35,0.4,100742,237,0,-166.6483867615989,0,0.11490404721692034,0.015625461683239326
intermediate,0.35,0.4,100742,238,0,-166.6483867615989,0,0.11447071388358697,0.015355962797673
intermediate,0.35,0.4,100742,239,0,-166.6483867615989,0,0.11403738055025364,0.015086463529402438
intermediate,0.35,0.4,100742,240,0,-166.6483867615989,0,0.11361625052234206,0.014816963970531567
intermediate,0.35,0.4,100742,241,0,-166.6483867615989,0,0.11319958385567537,0.014547464186156682
intermediate,0.35,0.4,100742,242,0,-166.6483867615989,0,0.11278291718900872,0.014277964241288372
intermediate,0.35,0.4,100742,243,0,-166.6483867615989,0,0.11236625052234203,0.014008464181748859
intermediate,0.35,0.4,100742,244,0,-166.6483867615989,0,0.11194958385567537,0.013738964038216653
intermediate,0.35,0.4,100742,245,0,-166.6483867615989,0,0.11153291718900872,0.013469463841330364
intermediate,0.35,0.4,100742,246,0,-166.6483867615989,0,0.11111656602147836,0.013199963621688682
intermediate,0.35,0.4,100742,247,0,-166.6483867615989,0,0.11071656602147838,0.012930463402046994
intermediate,0.35,0.4,100742,248,0,-166.6483867615989,0,0.11031656602147838,0.012660963182405309
intermediate,0.35,0.4,100742,249,0,-166.6483867615989,0,0.10991656602147838,0.012391462962763623
intermediate,0.35,0.4,100742,250,0,-166.6483867615989,0,0.10951656602147837,0.012124429087010051
intermediate,0.35,0.4,100742,251,0,-176.6483867615989,0,0.10911656602147837,0.01188188754346369
intermediate,0.35,0.4,100742,252,0,-176.6483867615989,0,0.10871656602147836,0.011639345999917323
intermediate,0.35,0.4,100742,253,0,-176.6483867615989,0,0.10831656602147839,0.011396804456370962
intermediate,0.35,0.4,100742,254,0,-176.6483867615989,0,0.10791656602147835,0.011154262912824599
intermediate,0.35,0.4,100742,255,0,-176.6483867615989,0,0.10751656602147837,0.010940034440839715
intermediate,0.35,0.4,100742,256,0,-176.6483867615989,0,0.10711656602147837,0.010727028534977161
intermediate,0.35,0.4,100742,257,0,-176.6483867615989,0,0.10671656602147837,0.010514022629114604
intermediate,0.35,0.4,100742,258,0,-176.6483867615989,0,0.11078385440120157,0.010301016723252046
intermediate,0.35,0.4,100742,259,0,-176.6483867615989,0,0.11036718773453488,0.010088010817389493
intermediate,0.35,0.4,100742,260,0,-176.6483867615989,0,0.1099505210678682,0.009875004911526934
intermediate,0.35,0.4,100742,261,0,-186.6483867615989,0,0.12056720168964169,0.009672893807203905
intermediate,0.35,0.4,100742,262,0,-186.6483867615989,0,0.12013386835630836,0.009500081262378604
intermediate,0.35,0.4,100742,263,0,-186.6483867615989,0,0.119700535022975,0.009336100230210309
intermediate,0.35,0.4,100742,264,0,-186.6483867615989,0,0.11926720168964168,0.009172119198042014
intermediate,0.35,0.4,100742,265,0,-186.6483867615989,0,0.11883386835630835,0.009008138165873723
intermediate,0.35,0.4,100742,266,0,-186.6483867615989,0,0.11840053502297503,0.00884415713370543
intermediate,0.35,0.4,100742,267,0,-179.66479625585566,0,0.11796720168964168,0.010814050978292022
intermediate,0.35,0.4,100742,268,0,-179.66479625585566,0,0.11753386835630833,0.010626843137302581
intermediate,0.35,0.4,100742,269,0,-179.66479625585566,0,0.12504330175402179,0.010454598801692567
intermediate,0.35,0.4,100742,270,0,-179.66479625585566,0,0.12460996842068844,0.0102865004915244
intermediate,0.35,0.4,100742,271,0,-189.66479625585566,0,0.12417663508735508,0.010118401855308176
intermediate,0.35,0.4,100742,272,0,-189.66479625585566,0,0.12374330175402179,0.009950302923945222
intermediate,0.35,0.4,100742,273,0,-189.66479625585566,0,0.12330996842068845,0.009782203728292964
intermediate,0.35,0.4,100742,274,0,-189.66479625585566,0,0.12287663508735512,0.00961410429916492
intermediate,0.35,0.4,100742,275,0,-182.6039356753954,0,0.12244330175402178,0.01160348984469357
intermediate,0.35,0.4,100742,276,0,-176.53615812302695,0,0.12200996842068842,0.01328890361733686
intermediate,0.35,0.4,100742,277,0,-176.53615812302695,0,0.12157663508735513,0.013119818637438097
intermediate,0.35,0.4,100742,278,0,-176.53615812302695,0,0.12114330175402177,0.012950732863593247
intermediate,0.35,0.4,100742,279,0,-176.53615812302695,0,0.12070996842068844,0.012781646393996869
intermediate,0.35,0.4,100742,280,0,-171.1191009111254,0,0.12027663508735513,0.014267771252552176
intermediate,0.35,0.4,100742,281,0,-179.2898772260227,0,0.12414833610259438,0.01616238005771761
intermediate,0.35,0.4,100742,282,0,-179.2898772260227,0,0.12828134920561354,0.015942810049480817
intermediate,0.35,0.4,100742,283,0,-179.2898772260227,0,0.12786468253894684,0.015723239051279054
intermediate,0.35,0.4,100742,284,0,-179.2898772260227,0,0.13101633784271105,0.015503667191114881
intermediate,0.35,0.4,100742,285,0,-179.2898772260227,0,0.1305996711760444,0.015284094596789227
intermediate,0.35,0.4,100742,286,0,-179.2898772260227,0,0.1301830045093777,0.015064521395901309
intermediate,0.35,0.4,100742,287,0,-171.45825786874252,0,0.12976633784271105,0.017237942519462073
intermediate,0.35,0.4,100742,288,0,-164.28465324325296,0,0.12934967117604437,0.01917897140260909
intermediate,0.35,0.4,100742,289,0,-164.28465324325296,0,0.12893300450937772,0.018927526800906414
intermediate,0.35,0.4,100742,290,0,-158.21687569088454,0,0.12851633784271108,0.020530124316206825
intermediate,0.35,0.4,100742,291,0,-173.21687569088454,0,0.13352082779780403,0.020278222707233055
intermediate,0.35,0.4,100742,292,0,-173.21687569088454,0,0.13310416113113738,0.020026319986347574
intermediate,0.35,0.4,100742,293,0,-173.21687569088454,0,0.1326874944644707,0.019774416279766036
intermediate,0.35,0.4,100742,294,0,-173.21687569088454,0,0.13227082779780402,0.019522511713505584
intermediate,0.35,0.4,100742,295,0,-173.21687569088454,0,0.13185416113113738,0.01927060641338487
intermediate,0.35,0.4,100742,296,0,-173.21687569088454,0,0.1314374944644707,0.019018700486288075
intermediate,0.35,0.4,100742,297,0,-173.21687569088454,0,0.13102082779780402,0.018766794027419865
intermediate,0.35,0.4,100742,298,0,-173.21687569088454,0,0.13060416113113738,0.018514887131838305
intermediate,0.35,0.4,100742,299,0,-173.21687569088454,0,0.1301874944644707,0.018262979894454873
intermediate,0.35,0.4,100742,300,0,-173.21687569088454,0,0.12977082779780402,0.018011072410034454
intermediate,0.35,0.4,100742,301,0,-183.21687569088454,0,0.12935416113113737,0.017759164773195342
intermediate,0.35,0.4,100742,302,0,-183.21687569088454,0,0.12893749446447067,0.017508718318140888
intermediate,0.35,0.4,100742,303,0,-175.38525633360436,0,0.12852082779780402,0.019669671870306382
intermediate,0.35,0.4,100742,304,0,-175.38525633360436,0,0.12810416113113737,0.019417176800794626
intermediate,0.35,0.4,100742,305,0,-175.38525633360436,0,0.1276874944644707,0.01916468129290847
intermediate,0.35,0.4,100742,306,0,-175.38525633360436,0,0.12727082779780405,0.018912185378132013
intermediate,0.35,0.4,100742,307,0,-175.38525633360436,0,0.12685416113113734,0.018659689087910707
intermediate,0.35,0.4,100742,308,0,-175.38525633360436,0,0.1264374944644707,0.01840719245365132
intermediate,0.35,0.4,100742,309,0,-175.38525633360436,0,0.12602082779780405,0.018154695506721996
intermediate,0.35,0.4,100742,310,0,-175.38525633360436,0,0.12560416113113734,0.017902198278452186
intermediate,0.35,0.4,100742,311,0,-185.38525633360436,0,0.12939076045986606,0.017649700800132697
intermediate,0.35,0.4,100742,312,0,-185.38525633360436,0,0.1334871187037764,0.017397203103015672
intermediate,0.35,0.4,100742,313,0,-185.38525633360436,0,0.1330704520371097,0.01714470521831459
intermediate,0.35,0.4,100742,314,0,-178.2116517081148,0,0.1326537853704431,0.019084141923881626
intermediate,0.35,0.4,100742,315,0,-178.2116517081148,0,0.1322371187037764,0.018831105737151292
intermediate,0.35,0.4,100742,316,0,-178.2116517081148,0,0.1318204520371097,0.018578069057862846
intermediate,0.35,0.4,100742,317,0,-178.2116517081148,0,0.1314037853704431,0.018325031949061488
intermediate,0.35,0.4,100742,318,0,-178.2116517081148,0,0.1309871187037764,0.018071994473706336
intermediate,0.35,0.4,100742,319,0,-178.2116517081148,0,0.1305704520371097,0.017818956694670478
intermediate,0.35,0.4,100742,320,0,-178.2116517081148,0,0.13015378537044306,0.017565918644913196
intermediate,0.35,0.4,100742,321,0,-188.2116517081148,0,0.12973711870377638,0.017312880356231276
intermediate,0.35,0.4,100742,322,0,-188.2116517081148,0,0.12932045203710976,0.01705984186037408
intermediate,0.35,0.4,100742,323,0,-188.2116517081148,0,0.12890378537044303,0.016806803189043602
intermediate,0.35,0.4,100742,324,0,-188.2116517081148,0,0.1284871187037764,0.01655376437389441
intermediate,0.35,0.4,100742,325,0,-188.2116517081148,0,0.1331551517077507,0.01630072544653369
intermediate,0.35,0.4,100742,326,0,-188.2116517081148,0,0.13273848504108401,0.016047686438521204
intermediate,0.35,0.4,100742,327,0,-188.2116517081148,0,0.13232181837441734,0.015794647381369337
intermediate,0.35,0.4,100742,328,0,-181.11736595709232,0,0.13190515170775066,0.017709306730466595
intermediate,0.35,0.4,100742,329,0,-181.11736595709232,0,0.13148848504108399,0.017436625308412022
intermediate,0.35,0.4,100742,330,0,-181.11736595709232,0,0.13107181837441736,0.01716394349179726
intermediate,0.35,0.4,100742,331,0,-191.11736595709232,0,0.13365598872427523,0.016891261311682122
intermediate,0.35,0.4,100742,332,0,-191.11736595709232,0,0.13325346248593956,0.016618578799089324
intermediate,0.35,0.4,100742,333,0,-184.62043645760593,0,0.13285346248593957,0.01833106888762527
intermediate,0.35,0.4,100742,334,0,-184.62043645760593,0,0.13245346248593956,0.018057898533284267
intermediate,0.35,0.4,100742,335,0,-184.62043645760593,0,0.13679070169037544,0.017784727553247164
intermediate,0.35,0.4,100742,336,0,-184.62043645760593,0,0.13640736835704217,0.017511555982139194
intermediate,0.35,0.4,100742,337,0,-184.62043645760593,0,0.13602403502370883,0.017238383854547564
intermediate,0.35,0.4,100742,338,0,-184.62043645760593,0,0.13564070169037548,0.016965211205021424
intermediate,0.35,0.4,100742,339,0,-177.44683183211637,0,0.1352573683570421,0.01888397281474925
intermediate,0.35,0.4,100742,340,0,-177.44683183211637,0,0.1400695461073441,0.018610261204502432
intermediate,0.35,0.4,100742,341,0,-192.44683183211637,0,0.13968621277401075,0.01833654877674982
intermediate,0.35,0.4,100742,342,0,-186.37905427974795,0,0.13930287944067743,0.0199168787382552
intermediate,0.35,0.4,100742,343,0,-186.37905427974795,0,0.14190069696749485,0.019622851301165384
intermediate,0.35,0.4,100742,344,0,-186.37905427974795,0,0.15083490767588223,0.019328822909998714
intermediate,0.35,0.4,100742,345,0,-186.37905427974795,0,0.1504349076758822,0.019034793660687728
intermediate,0.35,0.4,100742,346,0,-186.37905427974795,0,0.15003490767588223,0.01874076364902808
intermediate,0.35,0.4,100742,347,0,-179.3181936992877,0,0.14963490767588225,0.020604218148041344
intermediate,0.35,0.4,100742,348,0,-179.3181936992877,0,0.14923490767588218,0.020285983899594708
intermediate,0.35,0.4,100742,349,0,-179.3181936992877,0,0.14883490767588226,0.019967748782790902
intermediate,0.35,0.4,100742,350,0,-179.3181936992877,0,0.15297294801092196,0.019649512923909804
intermediate,0.35,0.4,100742,351,0,-194.3181936992877,0,0.15257294801092192,0.01933127644904869
intermediate,0.35,0.4,100742,352,0,-188.42870926181774,0,0.152172948010922,0.020814283406457603
intermediate,0.35,0.4,100742,353,0,-188.42870926181774,0,0.15177294801092195,0.020518616831048775
intermediate,0.35,0.4,100742,354,0,-188.42870926181774,0,0.15137294801092194,0.0202229496702878
intermediate,0.35,0.4,100742,355,0,-188.42870926181774,0,0.15097294801092198,0.019927282021533592
intermediate,0.35,0.4,100742,356,0,-181.4451187560745,0,0.15057294801092197,0.021765488829275717
intermediate,0.35,0.4,100742,357,0,-181.4451187560745,0,0.15017294801092199,0.02145015083616096
intermediate,0.35,0.4,100742,358,0,-181.4451187560745,0,0.14977294801092195,0.021161026718788816
intermediate,0.35,0.4,100742,359,0,-181.4451187560745,0,0.14937294801092194,0.020875123485917007
intermediate,0.35,0.4,100742,360,0,-181.4451187560745,0,0.14897294801092198,0.020609227761791575
intermediate,0.35,0.4,100742,361,0,-191.4451187560745,0,0.14857294801092194,0.020343331656804332
intermediate,0.35,0.4,100742,362,0,-191.4451187560745,0,0.14817294801092196,0.020077435261180783
intermediate,0.35,0.4,100742,363,0,-191.4451187560745,0,0.147772948010922,0.019811538632146606
intermediate,0.35,0.4,100742,364,0,-191.4451187560745,0,0.14737294801092193,0.019565433272641063
intermediate,0.35,0.4,100742,365,0,-191.4451187560745,0,0.146972948010922,0.019330871385559868
intermediate,0.35,0.4,100742,366,0,-191.4451187560745,0,0.146572948010922,0.019096309357336427
intermediate,0.35,0.4,100742,367,0,-191.4451187560745,0,0.14617294801092193,0.018861747218647754
intermediate,0.35,0.4,100742,368,0,-191.4451187560745,0,0.14577294801092197,0.018627185000131306
intermediate,0.35,0.4,100742,369,0,-191.4451187560745,0,0.14937967632552762,0.018392622732384952
intermediate,0.35,0.4,100742,370,0,-191.4451187560745,0,0.14897967632552764,0.018158060445967048
intermediate,0.35,0.4,100742,371,0,-191.4451187560745,0,0.14857967632552765,0.01792349815954914
intermediate,0.35,0.4,100742,372,0,-191.4451187560745,0,0.14817967632552762,0.01768893587313124
intermediate,0.35,0.4,100742,373,0,-191.4451187560745,0,0.14777967632552763,0.01745437358671333
intermediate,0.35,0.4,100742,374,0,-191.4451187560745,0,0.15152745035566412,0.017219811300295425
intermediate,0.35,0.4,100742,375,0,-183.61349939879432,0,0.15112745035566408,0.019378243817490908
intermediate,0.35,0.4,100742,376,0,-176.62990889305107,0,0.15405261647544333,0.02127696903637609
intermediate,0.35,0.4,100742,377,0,-164.06520184119626,0,0.15365261647544332,0.024857281774895358
intermediate,0.35,0.4,100742,378,0,-164.06520184119626,0,0.15325261647544333,0.02459743533873126
intermediate,0.35,0.4,100742,379,0,-164.06520184119626,0,0.15755267750068544,0.024337587507611325
intermediate,0.35,0.4,100742,380,0,-164.06520184119626,0,0.15715267750068537,0.02407773841832061
intermediate,0.35,0.4,100742,381,0,-194.06520184119626,0,0.15675267750068547,0.023817888207470505
intermediate,0.35,0.4,100742,382,0,-194.06520184119626,0,0.15635267750068546,0.023558037011498712
intermediate,0.35,0.4,100742,383,0,-194.06520184119626,0,0.15595267750068537,0.02329818496666927
intermediate,0.35,0.4,100742,384,0,-194.06520184119626,0,0.15555267750068547,0.023038332209072514
intermediate,0.35,0.4,100742,385,0,-194.06520184119626,0,0.1586114668833759,0.0227784788746251
intermediate,0.35,0.4,100742,386,0,-194.06520184119626,0,0.1582114668833758,0.02251862509906999
intermediate,0.35,0.4,100742,387,0,-194.06520184119626,0,0.15781172839727628,0.022258771017976475
intermediate,0.35,0.4,100742,388,0,-194.06520184119626,0,0.15742839506394293,0.021998916760479527
intermediate,0.35,0.4,100742,389,0,-186.23358248391608,0,0.15704506173060961,0.024132057226051676
intermediate,0.35,0.4,100742,390,0,-186.23358248391608,0,0.15666172839727627,0.023845293663309612
intermediate,0.35,0.4,100742,391,0,-196.23358248391608,0,0.1562783950639429,0.02355852966219314
intermediate,0.35,0.4,100742,392,0,-196.23358248391608,0,0.16005037858826585,0.02327176525417417
intermediate,0.35,0.4,100742,393,0,-196.23358248391608,0,0.15966704525493253,0.022985000470673735
intermediate,0.35,0.4,100742,394,0,-196.23358248391608,0,0.15928371192159918,0.022698235343062038
intermediate,0.35,0.4,100742,395,0,-196.23358248391608,0,0.15890037858826583,0.022411469902658385
intermediate,0.35,0.4,100742,396,0,-196.23358248391608,0,0.15851704525493251,0.022124704180731234
intermediate,0.35,0.4,100742,397,0,-196.23358248391608,0,0.15813371192159922,0.02183793820849819
intermediate,0.35,0.4,100742,398,0,-196.23358248391608,0,0.15775037858826593,0.021551172017126
intermediate,0.35,0.4,100742,399,0,-196.23358248391608,0,0.15736704525493247,0.02126440563773051
intermediate,0.35,0.4,100742,400,0,-196.23358248391608,0,0.1569837119215992,0.020977639101376754
intermediate,0.35,0.4,100742,401,0,-196.23358248391608,0,0.15660037858826586,0.02069087243907887
intermediate,0.35,0.4,100742,402,0,-196.23358248391608,0,0.15621704525493252,0.020404105681800136
intermediate,0.35,0.4,100742,403,0,-196.23358248391608,0,0.1558337119215992,0.020117338860452975
intermediate,0.35,0.4,100742,404,0,-196.23358248391608,0,0.15545037858826588,0.01983057200589894
intermediate,0.35,0.4,100742,405,0,-196.23358248391608,0,0.15506704525493253,0.019560847451139993
intermediate,0.35,0.4,100742,406,0,-181.59162624825467,0,0.15468371192159922,0.02377266308979447
intermediate,0.35,0.4,100742,407,0,-181.59162624825467,0,0.15430037858826584,0.0234864370445396
intermediate,0.35,0.4,100742,408,0,-181.59162624825467,0,0.15391704525493252,0.02320021018900331
intermediate,0.35,0.4,100742,409,0,-181.59162624825467,0,0.15799264322033976,0.02291398259133552
intermediate,0.35,0.4,100742,410,0,-175.09469674876829,0,0.15760930988700642,0.024612927222220936
intermediate,0.35,0.4,100742,411,0,-195.09469674876829,0,0.1572259765536731,0.024326211074683215
intermediate,0.35,0.4,100742,412,0,-189.02691919639983,0,0.16054375384863817,0.025893537171778266
intermediate,0.35,0.4,100742,413,0,-182.04332869065658,0,0.16016042051530485,0.027734309272449575
intermediate,0.35,0.4,100742,414,0,-176.15384425318663,0,0.15977708718197153,0.02924682940377636
intermediate,0.35,0.4,100742,415,0,-176.15384425318663,0,0.1593977898724642,0.028959341848234395
intermediate,0.35,0.4,100742,416,0,-176.15384425318663,0,0.15903112320579757,0.028671852848130626
intermediate,0.35,0.4,100742,417,0,-176.15384425318663,0,0.15866445653913092,0.028384362598297425
intermediate,0.35,0.4,100742,418,0,-176.15384425318663,0,0.1582977898724642,0.028096871293283254
intermediate,0.35,0.4,100742,419,0,-176.15384425318663,0,0.15793112320579755,0.02780937909915271
intermediate,0.35,0.4,100742,420,0,-176.15384425318663,0,0.1575644565391309,0.027540162701900576
intermediate,0.35,0.4,100742,421,0,-196.15384425318663,0,0.15719778987246427,0.027294436978860137
intermediate,0.35,0.4,100742,422,0,-196.15384425318663,0,0.15683112320579753,0.027053599404405458
intermediate,0.35,0.4,100742,423,0,-196.15384425318663,0,0.1564644565391309,0.026812761540322392
intermediate,0.35,0.4,100742,424,0,-196.15384425318663,0,0.15609778987246423,0.02657192349409226
intermediate,0.35,0.4,100742,425,0,-189.17025374744338,0,0.15573112320579754,0.028464960237124075
intermediate,0.35,0.4,100742,426,0,-189.17025374744338,0,0.15536445653913092,0.028223598313315158
intermediate,0.35,0.4,100742,427,0,-189.17025374744338,0,0.1549977898724642,0.027982236004246867
intermediate,0.35,0.4,100742,428,0,-189.17025374744338,0,0.15463112320579755,0.027740873343614157
intermediate,0.35,0.4,100742,429,0,-182.673324247957,0,0.15426445653913093,0.02948468326767177
intermediate,0.35,0.4,100742,430,0,-182.673324247957,0,0.15389778987246425,0.029242832735038374
intermediate,0.35,0.4,100742,431,0,-192.673324247957,0,0.15353112320579754,0.029000981601265838
intermediate,0.35,0.4,100742,432,0,-192.673324247957,0,0.15316445653913088,0.028759129939285043
intermediate,0.35,0.4,100742,433,0,-192.673324247957,0,0.15279778987246426,0.028517277821923426
intermediate,0.35,0.4,100742,434,0,-192.673324247957,0,0.15244606253495255,0.028275425321904944
intermediate,0.35,0.4,100742,435,0,-192.673324247957,0,0.15680049135008653,0.028033572511850093
intermediate,0.35,0.4,100742,436,0,-192.673324247957,0,0.15645049135008657,0.02779171946427593
intermediate,0.35,0.4,100742,437,0,-192.673324247957,0,0.15610049135008655,0.027549866251596018
intermediate,0.35,0.4,100742,438,0,-192.673324247957,0,0.15575049135008656,0.02730801294612051
intermediate,0.35,0.4,100742,439,0,-192.673324247957,0,0.15540049135008654,0.027066159605007044
intermediate,0.35,0.4,100742,440,0,-192.673324247957,0,0.15506123290799273,0.026824306263893583
intermediate,0.35,0.4,100742,441,0,-192.673324247957,0,0.1547278995746594,0.026582452922780116
intermediate,0.35,0.4,100742,442,0,-192.673324247957,0,0.15439456624132608,0.026340599581666645
intermediate,0.35,0.4,100742,443,0,-192.673324247957,0,0.15406123290799273,0.026098746240553188
intermediate,0.35,0.4,100742,444,0,-192.673324247957,0,0.1537278995746594,0.025856892899439723
intermediate,0.35,0.4,100742,445,0,-192.673324247957,0,0.15339456624132614,0.02561503955832626
intermediate,0.35,0.4,100742,446,0,-192.673324247957,0,0.15306123290799273,0.025373186217212795
intermediate,0.35,0.4,100742,447,0,-192.673324247957,0,0.15272789957465938,0.02513133287609933
intermediate,0.35,0.4,100742,448,0,-192.673324247957,0,0.1523945662413261,0.024889479534985867
intermediate,0.35,0.4,100742,449,0,-192.673324247957,0,0.15206123290799275,0.024647626193872403
intermediate,0.35,0.4,100742,450,0,-192.673324247957,0,0.15172789957465938,0.024405772852758932
highest observed,0.4,0.2,100848,0,0,0,0,0.10650375004306162,0.03910963180904329
highest observed,0.4,0.2,100848,1,0,0,0,0.10600375004306165,0.03839839942054687
highest observed,0.4,0.2,100848,2,0,0,0,0.1055037500430616,0.037687027592059094
highest observed,0.4,0.2,100848,3,0,0,0,0.10500375004306162,0.03697551720615296
highest observed,0.4,0.2,100848,4,0,0,0,0.1045037500430616,0.03627829567904712
highest observed,0.4,0.2,100848,5,0,0,0,0.10400375004306163,0.03560876803394626
highest observed,0.4,0.2,100848,6,0,0,0,0.10350375004306164,0.03497120760258464
highest observed,0.4,0.2,100848,7,0,0,0,0.10828730064030563,0.03433544211353516
highest observed,0.4,0.2,100848,8,0,0,0,0.10778730064030566,0.03369955620574097
highest observed,0.4,0.2,100848,9,0,0,0,0.10728730064030569,0.033063550673096014
highest observed,0.4,0.2,100848,10,0,0,0,0.10678730064030564,0.03242742630829248
highest observed,0.4,0.2,100848,11,0,-10,0,0.10628730064030564,0.03179118390282047
highest observed,0.4,0.2,100848,12,0,-10,0,0.10578730064030563,0.031154824246967812
highest observed,0.4,0.2,100848,13,0,-10,0,0.10528730064030567,0.030518348129819864
highest observed,0.4,0.2,100848,14,0,-1.2922163002120737,0,0.10478730064030568,0.03254246802530553
highest observed,0.4,0.2,100848,15,0,-1.2922163002120737,0,0.10428730064030563,0.0319051082642344
highest observed,0.4,0.2,100848,16,0,-1.2922163002120737,0,0.10378730064030565,0.031267633884468495
highest observed,0.4,0.2,100848,17,0,-1.2922163002120737,0,0.10328730064030567,0.0306300456753085
highest observed,0.4,0.2,100848,18,0,5.009921627286774,0,0.10278730064030564,0.031917997680474854
highest observed,0.4,0.2,100848,19,0,5.009921627286774,0,0.10228730064030564,0.03127971151526451
highest observed,0.4,0.2,100848,20,0,5.009921627286774,0,0.10178730064030564,0.030658471385787832
highest observed,0.4,0.2,100848,21,0,-4.990078372713226,0,0.10128730064030567,0.030041303990935877
highest observed,0.4,0.2,100848,22,0,-4.990078372713226,0,0.10078730064030567,0.02942402979940701
highest observed,0.4,0.2,100848,23,0,-4.990078372713226,0,0.10506880521787924,0.028809441975850184
highest observed,0.4,0.2,100848,24,0,-4.990078372713226,0,0.10456880521787926,0.028220314974665452
highest observed,0.4,0.2,100848,25,0,-4.990078372713226,0,0.10980707872414479,0.027631087212830405
highest observed,0.4,0.2,100848,26,0,-4.990078372713226,0,0.10930707872414477,0.027041759418681397
highest observed,0.4,0.2,100848,27,0,1.583860722749053,0,0.10880707872414476,0.028461035931943577
highest observed,0.4,0.2,100848,28,0,1.583860722749053,0,0.10830707872414476,0.027842643809009516
highest observed,0.4,0.2,100848,29,0,1.583860722749053,0,0.1078070787241448,0.027224149786260955
highest observed,0.4,0.2,100848,30,0,1.583860722749053,0,0.10730707872414479,0.026605554618320485
highest observed,0.4,0.2,100848,31,0,1.583860722749053,0,0.11262582278928311,0.026000552250539988
highest observed,0.4,0.2,100848,32,0,1.583860722749053,0,0.11212582278928311,0.02540196105275848
highest observed,0.4,0.2,100848,33,0,1.583860722749053,0,0.11162582278928315,0.02480327520103384
highest observed,0.4,0.2,100848,34,0,1.583860722749053,0,0.11112582278928311,0.02422223280168164
highest observed,0.4,0.2,100848,35,0,1.583860722749053,0,0.11062582278928311,0.02365235416099299
highest observed,0.4,0.2,100848,36,0,9.162897997466649,0,0.11012582278928311,0.025398204030427085
highest observed,0.4,0.2,100848,37,0,9.162897997466649,0,0.10962582278928316,0.024827580784786075
highest observed,0.4,0.2,100848,38,0,9.162897997466649,0,0.10912582278928314,0.024256870038178526
highest observed,0.4,0.2,100848,39,0,9.162897997466649,0,0.1086258227892831,0.023686072485528568
highest observed,0.4,0.2,100848,40,0,9.162897997466649,0,0.10812582278928311,0.02311518882068168
highest observed,0.4,0.2,100848,41,0,9.162897997466649,0,0.10762582278928313,0.02256890518633754
highest observed,0.4,0.2,100848,42,0,9.162897997466649,0,0.1071258227892831,0.02204646546697888
highest observed,0.4,0.2,100848,43,0,9.162897997466649,0,0.1172452492736172,0.021523949338492707
highest observed,0.4,0.2,100848,44,0,9.162897997466649,0,0.1167452492736172,0.021021080340312782
highest observed,0.4,0.2,100848,45,0,9.162897997466649,0,0.11624524927361722,0.0205192657141937
highest observed,0.4,0.2,100848,46,0,9.162897997466649,0,0.11574524927361723,0.02001737934854487
highest observed,0.4,0.2,100848,47,0,9.162897997466649,0,0.11524524927361718,0.01951542184914775
highest observed,0.4,0.2,100848,48,0,9.162897997466649,0,0.1147452492736172,0.01902147454037085
highest observed,0.4,0.2,100848,49,0,9.162897997466649,0,0.11424524927361723,0.018540599626237417
highest observed,0.4,0.2,100848,50,0,9.162897997466649,0,0.1137452492736172,0.01806346239734271
highest observed,0.4,0.2,100848,51,0,9.162897997466649,0,0.11324524927361719,0.017620445278522252
highest observed,0.4,0.2,100848,52,0,9.162897997466649,0,0.11774685722186051,0.017185656766234885
highest observed,0.4,0.2,100848,53,0,9.162897997466649,0,0.122632531513996,0.016761598045775587
highest observed,0.4,0.2,100848,54,0,9.162897997466649,0,0.12214919818066267,0.016347020545007675
highest observed,0.4,0.2,100848,55,0,15.465035924965497,0,0.12167252913018499,0.01788590570447866
highest observed,0.4,0.2,100848,56,0,15.465035924965497,0,0.12120586246351835,0.017489281214368966
highest observed,0.4,0.2,100848,57,0,15.465035924965497,0,0.12433247043747159,0.017101534679291756
highest observed,0.4,0.2,100848,58,0,15.465035924965497,0,0.12386580377080492,0.01671374012333315
highest observed,0.4,0.2,100848,59,0,15.465035924965497,0,0.12339913710413823,0.01633036429318105
highest observed,0.4,0.2,100848,60,0,15.465035924965497,0,0.12293247043747155,0.01596669527734003
highest observed,0.4,0.2,100848,61,0,-9.534964075034503,0,0.1224658037708049,0.015602981990012027
highest observed,0.4,0.2,100848,62,0,-9.534964075034503,0,0.12199913710413825,0.015239224866374107
highest observed,0.4,0.2,100848,63,0,-2.306721769772972,0,0.12153247043747156,0.017084053934190248
highest observed,0.4,0.2,100848,64,0,-2.306721769772972,0,0.12672566364301383,0.016714112128057453
highest observed,0.4,0.2,100848,65,0,6.401061930014954,0,0.12624233030968052,0.019017802326952375
highest observed,0.4,0.2,100848,66,0,13.434461897243942,0,0.12575899697634715,0.02080918026215902
highest observed,0.4,0.2,100848,67,0,13.434461897243942,0,0.12527566364301382,0.020427611255768387
highest observed,0.4,0.2,100848,68,0,20.46786186447293,0,0.12479233030968047,0.022204995240076644
highest observed,0.4,0.2,100848,69,0,27.04180095993521,0,0.12430899697634715,0.0238503259506437
highest observed,0.4,0.2,100848,70,0,27.04180095993521,0,0.12382566364301381,0.023486418296868858
highest observed,0.4,0.2,100848,71,0,12.041800959935209,0,0.12334233030968046,0.02312246899232741
highest observed,0.4,0.2,100848,72,0,12.041800959935209,0,0.12286033783521697,0.022758478486408697
highest observed,0.4,0.2,100848,73,0,12.041800959935209,0,0.1223936711685503,0.02239444722781418
highest observed,0.4,0.2,100848,74,0,12.041800959935209,0,0.12865007319742489,0.022030375664557376
highest observed,0.4,0.2,100848,75,0,12.041800959935209,0,0.12818340653075821,0.021666264243963788
highest observed,0.4,0.2,100848,76,0,12.041800959935209,0,0.12771673986409154,0.02130211341267085
highest observed,0.4,0.2,100848,77,0,12.041800959935209,0,0.12725007319742487,0.020937923616627774
highest observed,0.4,0.2,100848,78,0,17.867440863313565,0,0.12678508009984182,0.02235474159263811
highest observed,0.4,0.2,100848,79,0,17.867440863313565,0,0.1263350800998418,0.021988514837637353
highest observed,0.4,0.2,100848,80,0,17.867440863313565,0,0.1258850800998418,0.021622249559809528
highest observed,0.4,0.2,100848,81,0,7.867440863313565,0,0.13536928049001382,0.021255946205712924
highest observed,0.4,0.2,100848,82,0,7.867440863313565,0,0.13491928049001384,0.02091079509630617
highest observed,0.4,0.2,100848,83,0,7.867440863313565,0,0.1396452596792411,0.020588728028930223
highest observed,0.4,0.2,100848,84,0,7.867440863313565,0,0.13919525967924112,0.020266629371277847
highest observed,0.4,0.2,100848,85,0,7.867440863313565,0,0.13874525967924115,0.019944499513261757
highest observed,0.4,0.2,100848,86,0,7.867440863313565,0,0.142892412450022,0.019639523561085493
highest observed,0.4,0.2,100848,87,0,7.867440863313565,0,0.14244241245002198,0.019365149628713656
highest observed,0.4,0.2,100848,88,0,13.856508212010503,0,0.14199241245002198,0.020923391279734367
highest observed,0.4,0.2,100848,89,0,13.856508212010503,0,0.141542412450022,0.020631361694575395
highest observed,0.4,0.2,100848,90,0,13.856508212010503,0,0.14109241245002202,0.02033930521725195
highest observed,0.4,0.2,100848,91,0,-16.143491787989497,0,0.14064241245002196,0.020047222210757307
highest observed,0.4,0.2,100848,92,0,-10.719399828712827,0,0.14434322506377878,0.02141247446953395
highest observed,0.4,0.2,100848,93,0,-10.719399828712827,0,0.1438932250637788,0.021119932684571786
highest observed,0.4,0.2,100848,94,0,-4.671745167315592,0,0.1434432250637788,0.02269131290382392
highest observed,0.4,0.2,100848,95,0,-4.671745167315592,0,0.14299322506377876,0.022444141158226665
highest observed,0.4,0.2,100848,96,0,-4.671745167315592,0,0.14254322506377878,0.022200576456555845
highest observed,0.4,0.2,100848,97,0,-4.671745167315592,0,0.14209322506377878,0.02195699068326991
highest observed,0.4,0.2,100848,98,0,-4.671745167315592,0,0.14164322506377877,0.02171338415032795
highest observed,0.4,0.2,100848,99,0,-4.671745167315592,0,0.14119322506377877,0.021469757169228665
highest observed,0.4,0.2,100848,100,0,1.1543249195847016,0,0.14074322506377876,0.023006298133118788
highest observed,0.4,0.2,100848,101,0,1.1543249195847016,0,0.14029322506377878,0.02276219423310279
highest observed,0.4,0.2,100848,102,0,1.1543249195847016,0,0.13984322506377878,0.022518070470463312
highest observed,0.4,0.2,100848,103,0,1.1543249195847016,0,0.13939322506377877,0.0222739271582209
highest observed,0.4,0.2,100848,104,0,1.1543249195847016,0,0.1389432250637788,0.022029764608934705
highest observed,0.4,0.2,100848,105,0,6.979964822963058,0,0.13849322506377879,0.023565639771845837
highest observed,0.4,0.2,100848,106,0,6.979964822963058,0,0.13804322506377878,0.02332100276131103
highest observed,0.4,0.2,100848,107,0,6.979964822963058,0,0.13759322506377875,0.023076347102467087
highest observed,0.4,0.2,100848,108,0,6.979964822963058,0,0.13714322506377877,0.022831673109390698
highest observed,0.4,0.2,100848,109,0,6.979964822963058,0,0.13669500126211975,0.022586981095696162
highest observed,0.4,0.2,100848,110,0,6.979964822963058,0,0.13626166792878644,0.022342271374535337
highest observed,0.4,0.2,100848,111,0,-18.02003517703694,0,0.13583841388495974,0.022115211912707135
highest observed,0.4,0.2,100848,112,0,-18.02003517703694,0,0.1354217472182931,0.021889697638124952
highest observed,0.4,0.2,100848,113,0,-18.02003517703694,0,0.1350050805516264,0.02166416826952507
highest observed,0.4,0.2,100848,114,0,-18.02003517703694,0,0.1345884138849597,0.021438624091279033
highest observed,0.4,0.2,100848,115,0,-18.02003517703694,0,0.13850484089729673,0.02121306538733211
highest observed,0.4,0.2,100848,116,0,-18.02003517703694,0,0.13808817423063008,0.0209874924412033
highest observed,0.4,0.2,100848,117,0,-18.02003517703694,0,0.14295715855706856,0.020761905535985312
highest observed,0.4,0.2,100848,118,0,-18.02003517703694,0,0.14254049189040197,0.02053630495434449
highest observed,0.4,0.2,100848,119,0,-10.79179287177541,0,0.14212382522373526,0.022519320571795197
highest observed,0.4,0.2,100848,120,0,-10.79179287177541,0,0.1417071585570686,0.022293151365429444
highest observed,0.4,0.2,100848,121,0,-35.791792871775414,0,0.14651398494064088,0.022066968898561457
highest observed,0.4,0.2,100848,122,0,-35.791792871775414,0,0.15212483467914498,0.021840773456325294
highest observed,0.4,0.2,100848,123,0,-35.791792871775414,0,0.1517081680124783,0.021614565323427523
highest observed,0.4,0.2,100848,124,0,-35.791792871775414,0,0.15129150134581165,0.021388344784147213
highest observed,0.4,0.2,100848,125,0,-35.791792871775414,0,0.150874834679145,0.021162112122335885
highest observed,0.4,0.2,100848,126,0,-35.791792871775414,0,0.1504581680124783,0.02093586762141751
highest observed,0.4,0.2,100848,127,0,-35.791792871775414,0,0.1500415013458116,0.020709611564388487
highest observed,0.4,0.2,100848,128,0,-35.791792871775414,0,0.15391667790516259,0.0204833442338176
highest observed,0.4,0.2,100848,129,0,-35.791792871775414,0,0.15350001123849585,0.020257065911846017
highest observed,0.4,0.2,100848,130,0,-35.791792871775414,0,0.1530833445718292,0.020030776880187263
highest observed,0.4,0.2,100848,131,0,-35.791792871775414,0,0.15266667790516256,0.019804477420127184
highest observed,0.4,0.2,100848,132,0,-35.791792871775414,0,0.1522500112384959,0.01957816781252395
highest observed,0.4,0.2,100848,133,0,-29.96572278487512,0,0.15184589997905487,0.02113203641991645
highest observed,0.4,0.2,100848,134,0,-29.96572278487512,0,0.15144589997905486,0.020876869260314696
highest observed,0.4,0.2,100848,135,0,-24.54163082559845,0,0.15104589997905485,0.0222790527754855
highest observed,0.4,0.2,100848,136,0,-24.54163082559845,0,0.1506458999790549,0.021993886573358896
highest observed,0.4,0.2,100848,137,0,-24.54163082559845,0,0.15024589997905488,0.021713349083779636
highest observed,0.4,0.2,100848,138,0,-24.54163082559845,0,0.1498458999790549,0.02145751238957869
highest observed,0.4,0.2,100848,139,0,-24.54163082559845,0,0.15454563798417523,0.021201666578577468
highest observed,0.4,0.2,100848,140,0,-24.54163082559845,0,0.1541456379841752,0.020945811961330676
highest observed,0.4,0.2,100848,141,0,-24.54163082559845,0,0.15374563798417523,0.020689948847909465
highest observed,0.4,0.2,100848,142,0,-24.54163082559845,0,0.1533456379841752,0.020434077547901407
highest observed,0.4,0.2,100848,143,0,-24.54163082559845,0,0.15294563798417518,0.02017819837041052
highest observed,0.4,0.2,100848,144,0,-24.54163082559845,0,0.1592859203532903,0.019922311624057207
highest observed,0.4,0.2,100848,145,0,-24.54163082559845,0,0.15886925368662366,0.019666417616978255
highest observed,0.4,0.2,100848,146,0,-24.54163082559845,0,0.158452587019957,0.01941051665682684
highest observed,0.4,0.2,100848,147,0,-24.54163082559845,0,0.1580359203532903,0.019154609050772486
highest observed,0.4,0.2,100848,148,0,-24.54163082559845,0,0.16395827846504735,0.018898695105501073
highest observed,0.4,0.2,100848,149,0,-24.54163082559845,0,0.163524945131714,0.01864277512721482
highest observed,0.4,0.2,100848,150,0,-24.54163082559845,0,0.1630916117983806,0.018386849421632247
highest observed,0.4,0.2,100848,151,0,-49.541630825598446,0,0.16265827846504732,0.018130918293988205
highest observed,0.4,0.2,100848,152,0,-49.541630825598446,0,0.16222494513171398,0.017874982049033837
highest observed,0.4,0.2,100848,153,0,-37.66790607730092,0,0.16675758770752347,0.021247123553016382
highest observed,0.4,0.2,100848,154,0,-29.17328051181361,0,0.16632425437419016,0.023585867490302743
highest observed,0.4,0.2,100848,155,0,-23.74918855253694,0,0.16589092104085681,0.024985750817248388
highest observed,0.4,0.2,100848,156,0,-23.74918855253694,0,0.16545758770752347,0.024708748494448606
highest observed,0.4,0.2,100848,157,0,-17.76012120384,0,0.16502425437419016,0.026281839757366195
highest observed,0.4,0.2,100848,158,0,-17.76012120384,0,0.1646163117524498,0.025995120538951866
highest observed,0.4,0.2,100848,159,0,-17.76012120384,0,0.16421631175244977,0.025708396248046814
highest observed,0.4,0.2,100848,160,0,-17.76012120384,0,0.16858714376666312,0.025431536463548194
highest observed,0.4,0.2,100848,161,0,-32.76012120384,0,0.16818714376666316,0.025166682596943213
highest observed,0.4,0.2,100848,162,0,-32.76012120384,0,0.16778714376666307,0.024901824891458087
highest observed,0.4,0.2,100848,163,0,-32.76012120384,0,0.1673871437666631,0.02463696357709142
highest observed,0.4,0.2,100848,164,0,-32.76012120384,0,0.16698714376666318,0.0243720988676436
highest observed,0.4,0.2,100848,165,0,-32.76012120384,0,0.16658714376666317,0.02410723096195568
highest observed,0.4,0.2,100848,166,0,-32.76012120384,0,0.16618714376666305,0.023842360058547816
highest observed,0.4,0.2,100848,167,0,-26.934051116939706,0,0.16578714376666318,0.0253576744118365
highest observed,0.4,0.2,100848,168,0,-26.934051116939706,0,0.16538714376666314,0.025073263623000348
highest observed,0.4,0.2,100848,169,0,-26.934051116939706,0,0.1649871437666631,0.024788849512675203
highest observed,0.4,0.2,100848,170,0,-26.934051116939706,0,0.17057033528647353,0.024504432267259603
highest observed,0.4,0.2,100848,171,0,-26.934051116939706,0,0.17017033528647357,0.024220012051680104
highest observed,0.4,0.2,100848,172,0,-26.934051116939706,0,0.16977033528647353,0.023935589018996277
highest observed,0.4,0.2,100848,173,0,-26.934051116939706,0,0.16937033528647355,0.02365116332201732
highest observed,0.4,0.2,100848,174,0,-26.934051116939706,0,0.16897033528647357,0.023366735113302086
highest observed,0.4,0.2,100848,175,0,-26.934051116939706,0,0.16857033528647353,0.02308230454515907
highest observed,0.4,0.2,100848,176,0,-21.509959157663037,0,0.16817033528647354,0.024455233201647577
highest observed,0.4,0.2,100848,177,0,-21.509959157663037,0,0.1677703352864736,0.024151108736493346
highest observed,0.4,0.2,100848,178,0,-21.509959157663037,0,0.17175234397430755,0.023846982072021475
highest observed,0.4,0.2,100848,179,0,-15.683889070762742,0,0.1713523439743075,0.02534074830532972
highest observed,0.4,0.2,100848,180,0,-15.683889070762742,0,0.17095234397430759,0.025056502968229866
highest observed,0.4,0.2,100848,181,0,-15.683889070762742,0,0.17055234397430763,0.024772255628956553
highest observed,0.4,0.2,100848,182,0,-15.683889070762742,0,0.1701523439743075,0.02448800647141291
highest observed,0.4,0.2,100848,183,0,-15.683889070762742,0,0.16975234397430758,0.024203755679213627
highest observed,0.4,0.2,100848,184,0,-8.225159905450955,0,0.16935234397430762,0.02619855956343047
highest observed,0.4,0.2,100848,185,0,-8.225159905450955,0,0.16895234397430753,0.025913746605729957
highest observed,0.4,0.2,100848,186,0,-8.225159905450955,0,0.16855234397430757,0.025628932055240795
highest observed,0.4,0.2,100848,187,0,-8.225159905450955,0,0.1681523439743076,0.02534411606984966
highest observed,0.4,0.2,100848,188,0,-8.225159905450955,0,0.16775234397430752,0.02505929878396947
highest observed,0.4,0.2,100848,189,0,-8.225159905450955,0,0.17101056541307283,0.02477448029658149
highest observed,0.4,0.2,100848,190,0,-0.9969176001894233,0,0.17586581683248134,0.026698290299789665
highest observed,0.4,0.2,100848,191,0,-0.9969176001894233,0,0.17546581683248128,0.026434611609597036
highest observed,0.4,0.2,100848,192,0,-0.9969176001894233,0,0.17506581683248132,0.02617923129423245
highest observed,0.4,0.2,100848,193,0,-0.9969176001894233,0,0.17466581683248136,0.025923849803562823
highest observed,0.4,0.2,100848,194,0,-0.9969176001894233,0,0.17426581683248127,0.025668467268469445
highest observed,0.4,0.2,100848,195,0,-0.9969176001894233,0,0.1738658168324813,0.025413083819624545
highest observed,0.4,0.2,100848,196,0,5.050737061207812,0,0.17346581683248138,0.027005594067362675
highest observed,0.4,0.2,100848,197,0,5.050737061207812,0,0.17740442411475243,0.026726012023074733
highest observed,0.4,0.2,100848,198,0,5.050737061207812,0,0.17700442411475237,0.026446429069948825
highest observed,0.4,0.2,100848,199,0,5.050737061207812,0,0.17660442411475244,0.026166845336541497
highest observed,0.4,0.2,100848,200,0,5.050737061207812,0,0.17620442411475248,0.02588726092174667
highest observed,0.4,0.2,100848,201,0,-17.4905337734804,0,0.1758044241147524,0.027886732055495654
highest observed,0.4,0.2,100848,202,0,-17.4905337734804,0,0.17540442411475243,0.0276065871613554
highest observed,0.4,0.2,100848,203,0,-17.4905337734804,0,0.17500442411475248,0.02732644145964802
highest observed,0.4,0.2,100848,204,0,-17.4905337734804,0,0.17460442411475244,0.027046295079507284
highest observed,0.4,0.2,100848,205,0,-8.99590820799309,0,0.17759116673438796,0.029361728163879865
highest observed,0.4,0.2,100848,206,0,-8.99590820799309,0,0.17719116673438798,0.029080943644855847
highest observed,0.4,0.2,100848,207,0,-8.99590820799309,0,0.17679116673438788,0.028800158245162955
highest observed,0.4,0.2,100848,208,0,-8.99590820799309,0,0.17639116673438796,0.028519372066266886
highest observed,0.4,0.2,100848,209,0,-8.99590820799309,0,0.17599116673438797,0.028238585209477626
highest observed,0.4,0.2,100848,210,0,-8.99590820799309,0,0.17559116673438793,0.027957797746070705
highest observed,0.4,0.2,100848,211,0,-33.99590820799309,0,0.18132160943469425,0.02767700974724416
highest observed,0.4,0.2,100848,212,0,-25.501282642505778,0,0.18092160943469432,0.02999180131801746
highest observed,0.4,0.2,100848,213,0,-18.04255347719399,0,0.1805216094346943,0.031959447795293576
highest observed,0.4,0.2,100848,214,0,-18.04255347719399,0,0.18012609734330756,0.03164747793397468
highest observed,0.4,0.2,100848,215,0,-18.04255347719399,0,0.1797427640099743,0.031335506932112935
highest observed,0.4,0.2,100848,216,0,-18.04255347719399,0,0.17935943067664098,0.03102353487848998
highest observed,0.4,0.2,100848,217,0,-18.04255347719399,0,0.18265547145243027,0.030711561846902668
highest observed,0.4,0.2,100848,218,0,-10.81431117193246,0,0.18227213811909698,0.03260821750432401
highest observed,0.4,0.2,100848,219,0,-10.81431117193246,0,0.18188880478576366,0.032295700619632904
highest observed,0.4,0.2,100848,220,0,-10.81431117193246,0,0.1815054714524303,0.03198318258111743
highest observed,0.4,0.2,100848,221,0,-25.81431117193246,0,0.18112213811909694,0.0316706634991755
highest observed,0.4,0.2,100848,222,0,-9.757187971706307,0,0.18073880478576365,0.03626448668413664
highest observed,0.4,0.2,100848,223,0,-9.757187971706307,0,0.1803573333529849,0.03592608104031013
highest observed,0.4,0.2,100848,224,0,-9.757187971706307,0,0.1850637709217893,0.035587673786115076
highest observed,0.4,0.2,100848,225,0,-9.757187971706307,0,0.18469710425512265,0.03524926509741157
highest observed,0.4,0.2,100848,226,0,-9.757187971706307,0,0.19165533112992608,0.03491637716344632
highest observed,0.4,0.2,100848,227,0,-1.5180381577065418,0,0.19128866446325946,0.037118907125601626
highest observed,0.4,0.2,100848,228,0,-1.5180381577065418,0,0.19092199779659283,0.036782978107074545
highest observed,0.4,0.2,100848,229,0,-1.5180381577065418,0,0.19055533112992612,0.036447047892469775
highest observed,0.4,0.2,100848,230,0,-1.5180381577065418,0,0.19018866446325944,0.03611111666330941
highest observed,0.4,0.2,100848,231,0,-26.518038157706542,0,0.18982199779659284,0.035775184586651985
highest observed,0.4,0.2,100848,232,0,-26.518038157706542,0,0.18945533112992616,0.03543925177030315
highest observed,0.4,0.2,100848,233,0,-26.518038157706542,0,0.18908866446325942,0.03510331831103965
highest observed,0.4,0.2,100848,234,0,-26.518038157706542,0,0.18872199779659285,0.03476738430549423
highest observed,0.4,0.2,100848,235,0,-26.518038157706542,0,0.18835533112992614,0.0344314498501557
highest observed,0.4,0.2,100848,236,0,-26.518038157706542,0,0.19229140381589935,0.034095515041368867
highest observed,0.4,0.2,100848,237,0,-26.518038157706542,0,0.19192473714923272,0.033759579975334554
highest observed,0.4,0.2,100848,238,0,-18.278888343706775,0,0.1915580704825661,0.03594116272389487
highest observed,0.4,0.2,100848,239,0,-18.278888343706775,0,0.19119140381589936,0.035604609390310356
highest observed,0.4,0.2,100848,240,0,-18.278888343706775,0,0.19553543073170268,0.035268055488794345
highest observed,0.4,0.2,100848,241,0,-28.278888343706775,0,0.19516876406503603,0.03493150109285822
highest observed,0.4,0.2,100848,242,0,-28.278888343706775,0,0.19480209739836937,0.034594946275920524
highest observed,0.4,0.2,100848,243,0,-28.278888343706775,0,0.19443543073170266,0.03425839111130706
highest observed,0.4,0.2,100848,244,0,-28.278888343706775,0,0.1983339965933025,0.033937879122871745
highest observed,0.4,0.2,100848,245,0,-19.57110464391885,0,0.19796732992663582,0.03628464067358123
highest observed,0.4,0.2,100848,246,0,-19.57110464391885,0,0.1976006632599691,0.03594100592968562
highest observed,0.4,0.2,100848,247,0,-19.57110464391885,0,0.19723399659330249,0.035597370537764364
highest observed,0.4,0.2,100848,248,0,-10.85862528010683,0,0.1968673299266358,0.03791588104392178
highest observed,0.4,0.2,100848,249,0,-10.85862528010683,0,0.20038146463863724,0.03754941384832257
highest observed,0.4,0.2,100848,250,0,-10.85862528010683,0,0.20001479797197064,0.03718294573513776
highest observed,0.4,0.2,100848,251,0,-10.85862528010683,0,0.19964813130530393,0.036816476800339594
highest observed,0.4,0.2,100848,252,0,-10.85862528010683,0,0.19928146463863722,0.036450007107621474
highest observed,0.4,0.2,100848,253,0,-10.85862528010683,0,0.19891479797197062,0.0360835367205775
highest observed,0.4,0.2,100848,254,0,-10.85862528010683,0,0.198548131305304,0.035717065702702534
highest observed,0.4,0.2,100848,255,0,-10.85862528010683,0,0.19818146463863723,0.035350594117392165
highest observed,0.4,0.2,100848,256,0,-10.85862528010683,0,0.19781479797197057,0.03498412202794272
highest observed,0.4,0.2,100848,257,0,-10.85862528010683,0,0.19744813130530398,0.034617649497551264
highest observed,0.4,0.2,100848,258,0,-10.85862528010683,0,0.19708146463863724,0.034251176589315604
highest observed,0.4,0.2,100848,259,0,-10.85862528010683,0,0.19671479797197058,0.03388470336623425
highest observed,0.4,0.2,100848,260,0,-10.85862528010683,0,0.20139071229063923,0.03351822989120649
highest observed,0.4,0.2,100848,261,0,-25.85862528010683,0,0.20102404562397255,0.033151756227032314
highest observed,0.4,0.2,100848,262,0,-17.619475466107062,0,0.20065737895730582,0.0353028004351346
highest observed,0.4,0.2,100848,263,0,-11.630408117410123,0,0.20029071229063922,0.0367600293152412
highest observed,0.4,0.2,100848,264,0,-11.630408117410123,0,0.1999240456239725,0.03639570867689153
highest observed,0.4,0.2,100848,265,0,-11.630408117410123,0,0.19955737895730583,0.03603138726564904
highest observed,0.4,0.2,100848,266,0,-11.630408117410123,0,0.1991907122906392,0.035667065161318026
highest observed,0.4,0.2,100848,267,0,-11.630408117410123,0,0.19882404562397255,0.03530274242819338
highest observed,0.4,0.2,100848,268,0,-5.2220783810260425,0,0.19845737895730578,0.03689651988326851
highest observed,0.4,0.2,100848,269,0,-5.2220783810260425,0,0.19809071229063918,0.036531715460368964
highest observed,0.4,0.2,100848,270,0,-5.2220783810260425,0,0.19772404562397256,0.036166910260933556
highest observed,0.4,0.2,100848,271,0,-15.222078381026042,0,0.19735737895730582,0.035802104393247
highest observed,0.4,0.2,100848,272,0,-15.222078381026042,0,0.19699071229063916,0.03543729796545433
highest observed,0.4,0.2,100848,273,0,-15.222078381026042,0,0.19662404562397254,0.03508792073308158
highest observed,0.4,0.2,100848,274,0,-15.222078381026042,0,0.19625737895730583,0.03474731263538084
highest observed,0.4,0.2,100848,275,0,-15.222078381026042,0,0.19589071229063917,0.034406704301171195
highest observed,0.4,0.2,100848,276,0,-15.222078381026042,0,0.19552404562397255,0.03406609580764887
highest observed,0.4,0.2,100848,277,0,-15.222078381026042,0,0.19515737895730587,0.03372548723009834
highest observed,0.4,0.2,100848,278,0,-6.982928567026278,0,0.19885510095365613,0.03590239662940857
highest observed,0.4,0.2,100848,279,0,-6.982928567026278,0,0.19848843428698956,0.035561170093760607
highest observed,0.4,0.2,100848,280,0,-6.982928567026278,0,0.19812176762032285,0.03521994311236665
highest observed,0.4,0.2,100848,281,0,9.750846812460798,0,0.19775510095365612,0.039991813766395455
highest observed,0.4,0.2,100848,282,0,9.750846812460798,0,0.19738843428698954,0.03965843942011474
highest observed,0.4,0.2,100848,283,0,9.750846812460798,0,0.2016179950688065,0.03934548194002975
highest observed,0.4,0.2,100848,284,0,9.750846812460798,0,0.2058507319358408,0.039032523355432745
highest observed,0.4,0.2,100848,285,0,9.750846812460798,0,0.20548406526917423,0.03871956379020342
highest observed,0.4,0.2,100848,286,0,9.750846812460798,0,0.20511739860250758,0.038406603368067754
highest observed,0.4,0.2,100848,287,0,9.750846812460798,0,0.20475073193584084,0.03810377807412894
highest observed,0.4,0.2,100848,288,0,9.750846812460798,0,0.2043840652691742,0.03782143004360108
highest observed,0.4,0.2,100848,289,0,9.750846812460798,0,0.20401739860250762,0.03753908152642284
highest observed,0.4,0.2,100848,290,0,9.750846812460798,0,0.20365073193584085,0.0372567326084624
highest observed,0.4,0.2,100848,291,0,9.750846812460798,0,0.2070705266492199,0.036986904373683745
highest observed,0.4,0.2,100848,292,0,15.739914161157737,0,0.20670385998255328,0.03856491498177513
highest observed,0.4,0.2,100848,293,0,15.739914161157737,0,0.2063371933158866,0.03828211613080009
highest observed,0.4,0.2,100848,294,0,15.739914161157737,0,0.21287190352768356,0.0379993168494183
highest observed,0.4,0.2,100848,295,0,15.739914161157737,0,0.212505236861017,0.03771651722901399
highest observed,0.4,0.2,100848,296,0,15.739914161157737,0,0.21213857019435028,0.037433717335611655
highest observed,0.4,0.2,100848,297,0,15.739914161157737,0,0.21177190352768355,0.03715841078655172
highest observed,0.4,0.2,100848,298,0,15.739914161157737,0,0.21140523686101698,0.036906235102873414
highest observed,0.4,0.2,100848,299,0,24.234539726645046,0,0.2110385701943503,0.039249639275628426
highest observed,0.4,0.2,100848,300,0,32.47368954064481,0,0.2106719035276835,0.0414937776591187
highest observed,0.4,0.2,100848,301,0,22.473689540644813,0,0.21030523686101696,0.04121977951257351
highest observed,0.4,0.2,100848,302,0,22.473689540644813,0,0.21370390988386465,0.04094578034321845
highest observed,0.4,0.2,100848,303,0,22.473689540644813,0,0.2133372432171979,0.04067178021757044
highest observed,0.4,0.2,100848,304,0,22.473689540644813,0,0.21297057655053128,0.040397779202046936
highest observed,0.4,0.2,100848,305,0,22.473689540644813,0,0.21260390988386468,0.04012377736296583
highest observed,0.4,0.2,100848,306,0,22.473689540644813,0,0.21223724321719797,0.03984977476654559
highest observed,0.4,0.2,100848,307,0,22.473689540644813,0,0.21187057655053126,0.03957577147890513
highest observed,0.4,0.2,100848,308,0,22.473689540644813,0,0.22108681407444572,0.0393017675660639
highest observed,0.4,0.2,100848,309,0,22.473689540644813,0,0.22070348074111237,0.03902776309394184
highest observed,0.4,0.2,100848,310,0,22.473689540644813,0,0.22032014740777897,0.0387537581283594
highest observed,0.4,0.2,100848,311,0,22.473689540644813,0,0.2199368140744457,0.0384797527350375
highest observed,0.4,0.2,100848,312,0,22.473689540644813,0,0.2195534807411124,0.03820574697959758
highest observed,0.4,0.2,100848,313,0,22.473689540644813,0,0.21917014740777896,0.03793174092756158
highest observed,0.4,0.2,100848,314,0,22.473689540644813,0,0.21878681407444572,0.037657734644351924
highest observed,0.4,0.2,100848,315,0,22.473689540644813,0,0.21840348074111243,0.03738372819529152
highest observed,0.4,0.2,100848,316,0,22.473689540644813,0,0.22314704571361918,0.03710972164560378
highest observed,0.4,0.2,100848,317,0,30.968315106132124,0,0.22276371238028594,0.03943129506704372
highest observed,0.4,0.2,100848,318,0,30.968315106132124,0,0.22238037904695265,0.03913245220226862
highest observed,0.4,0.2,100848,319,0,30.968315106132124,0,0.2219970457136192,0.038833608859721626
highest observed,0.4,0.2,100848,320,0,38.31295894254626,0,0.22161371238028593,0.040778961799054665
highest observed,0.4,0.2,100848,321,0,45.77168810785805,0,0.22123037904695264,0.0427586228820506
highest observed,0.4,0.2,100848,322,0,53.116331944272176,0,0.2208470457136192,0.04470286438181423
highest observed,0.4,0.2,100848,323,0,53.116331944272176,0,0.22046371238028592,0.04440235720966718
highest observed,0.4,0.2,100848,324,0,53.116331944272176,0,0.22008037904695263,0.04410184865813314
highest observed,0.4,0.2,100848,325,0,53.116331944272176,0,0.21969704571361925,0.0438013388841445
highest observed,0.4,0.2,100848,326,0,53.116331944272176,0,0.21931371238028588,0.04350082804444463
highest observed,0.4,0.2,100848,327,0,53.116331944272176,0,0.21893037904695264,0.04320031629558787
highest observed,0.4,0.2,100848,328,0,53.116331944272176,0,0.21854704571361927,0.04289980379393958
highest observed,0.4,0.2,100848,329,0,53.116331944272176,0,0.21816371238028587,0.04259929069567603
highest observed,0.4,0.2,100848,330,0,53.116331944272176,0,0.21778037904695263,0.042298777144789794
highest observed,0.4,0.2,100848,331,0,33.116331944272176,0,0.21739704571361929,0.041998263247063745
highest observed,0.4,0.2,100848,332,0,33.116331944272176,0,0.21701371238028586,0.041697749108148066
highest observed,0.4,0.2,100848,333,0,33.116331944272176,0,0.21663037904695262,0.04139723482133644
highest observed,0.4,0.2,100848,334,0,33.116331944272176,0,0.2162470457136193,0.0410967204504677
highest observed,0.4,0.2,100848,335,0,33.116331944272176,0,0.21586371238028584,0.04080743129948442
highest observed,0.4,0.2,100848,336,0,33.116331944272176,0,0.21548037904695258,0.040536605318655244
highest observed,0.4,0.2,100848,337,0,33.116331944272176,0,0.21996066373876932,0.040265779337826046
highest observed,0.4,0.2,100848,338,0,33.116331944272176,0,0.21957733040543595,0.03999495335699684
highest observed,0.4,0.2,100848,339,0,33.116331944272176,0,0.2191939970721026,0.03972412737616766
highest observed,0.4,0.2,100848,340,0,33.116331944272176,0,0.21881066373876934,0.03945330139533845
highest observed,0.4,0.2,100848,341,0,18.116331944272176,0,0.21842733040543597,0.03918247541450926
highest observed,0.4,0.2,100848,342,0,18.116331944272176,0,0.21804399707210256,0.03891164943368008
highest observed,0.4,0.2,100848,343,0,18.116331944272176,0,0.2176606637387693,0.03864082345285088
highest observed,0.4,0.2,100848,344,0,18.116331944272176,0,0.21727733040543598,0.03836999747202168
highest observed,0.4,0.2,100848,345,0,18.116331944272176,0,0.21689399707210255,0.038099171491192484
highest observed,0.4,0.2,100848,346,0,25.24980132970166,0,0.2208389344586132,0.04000801671146676
highest observed,0.4,0.2,100848,347,0,25.24980132970166,0,0.2204556011252799,0.039736655720433646
highest observed,0.4,0.2,100848,348,0,39.93677280027498,0,0.2200722677919464,0.04396962956927594
highest observed,0.4,0.2,100848,349,0,39.93677280027498,0,0.21968893445861318,0.04368837148147021
highest observed,0.4,0.2,100848,350,0,39.93677280027498,0,0.2193056011252799,0.04340711227296539
highest observed,0.4,0.2,100848,351,0,24.93677280027498,0,0.21892226779194643,0.043125852050370804
highest observed,0.4,0.2,100848,352,0,24.93677280027498,0,0.21853893445861317,0.04284459092014919
highest observed,0.4,0.2,100848,353,0,24.93677280027498,0,0.21815560112527985,0.0425633289886168
highest observed,0.4,0.2,100848,354,0,24.93677280027498,0,0.21777226779194644,0.04228206636194328
highest observed,0.4,0.2,100848,355,0,24.93677280027498,0,0.21738893445861315,0.04200080314615181
highest observed,0.4,0.2,100848,356,0,30.92584014897192,0,0.21700560112527983,0.04354953224810965
highest observed,0.4,0.2,100848,357,0,30.92584014897192,0,0.21663113192974554,0.04326781899151429
highest observed,0.4,0.2,100848,358,0,37.334169885356,0,0.2162644652630788,0.04494420588869334
highest observed,0.4,0.2,100848,359,0,37.334169885356,0,0.21589779859641223,0.04466201092622932
highest observed,0.4,0.2,100848,360,0,37.334169885356,0,0.22613497925137072,0.044379930792258555
highest observed,0.4,0.2,100848,361,0,22.334169885355998,0,0.225768312584704,0.044097968079205734
highest observed,0.4,0.2,100848,362,0,22.334169885355998,0,0.2254016459180374,0.043816125371406896
highest observed,0.4,0.2,100848,363,0,22.334169885355998,0,0.22503497925137067,0.043534282242960964
highest observed,0.4,0.2,100848,364,0,22.334169885355998,0,0.22466831258470396,0.043252438751638755
highest observed,0.4,0.2,100848,365,0,22.334169885355998,0,0.22430164591803736,0.042970594952691295
highest observed,0.4,0.2,100848,366,0,22.334169885355998,0,0.2305930456531477,0.04268875090131215
highest observed,0.4,0.2,100848,367,0,22.334169885355998,0,0.2302097123198143,0.04240690665263746
highest observed,0.4,0.2,100848,368,0,22.334169885355998,0,0.229826378986481,0.042125062261745956
highest observed,0.4,0.2,100848,369,0,22.334169885355998,0,0.23313740723538018,0.04184321778365893
highest observed,0.4,0.2,100848,370,0,22.334169885355998,0,0.2327540739020468,0.041561373273340245
highest observed,0.4,0.2,100848,371,0,22.334169885355998,0,0.23666791305685136,0.04127952876302156
highest observed,0.4,0.2,100848,372,0,27.99695554595033,0,0.23628457972351805,0.0427279798712178
highest observed,0.4,0.2,100848,373,0,27.99695554595033,0,0.2397667337420772,0.042445710651974576
highest observed,0.4,0.2,100848,374,0,27.99695554595033,0,0.23938340040874376,0.042163576149798994
highest observed,0.4,0.2,100848,375,0,27.99695554595033,0,0.23900006707541055,0.0418815791087859
highest observed,0.4,0.2,100848,376,0,27.99695554595033,0,0.2386167337420772,0.04159972226541379
highest observed,0.4,0.2,100848,377,0,27.99695554595033,0,0.23823340040874375,0.041318008348613225
highest observed,0.4,0.2,100848,378,0,35.341599382364464,0,0.2378500670754105,0.04328063680762961
highest observed,0.4,0.2,100848,379,0,35.341599382364464,0,0.23746673374207725,0.042968041032803155
highest observed,0.4,0.2,100848,380,0,35.341599382364464,0,0.23708340040874376,0.04265559271116532
highest observed,0.4,0.2,100848,381,0,43.60204611654961,0,0.2367000670754105,0.044867317130736925
highest observed,0.4,0.2,100848,382,0,43.60204611654961,0,0.23631673374207723,0.04454087035913625
highest observed,0.4,0.2,100848,383,0,49.59111346524655,0,0.23593340040874378,0.04605330811329537
highest observed,0.4,0.2,100848,384,0,49.59111346524655,0,0.23555006707541049,0.045735450499168155
highest observed,0.4,0.2,100848,385,0,49.59111346524655,0,0.2404979688439791,0.045417732196059685
highest observed,0.4,0.2,100848,386,0,49.59111346524655,0,0.24011463551064569,0.04510015629318534
highest observed,0.4,0.2,100848,387,0,57.83026327924632,0,0.23973130217731237,0.047300243870698096
highest observed,0.4,0.2,100848,388,0,65.17490711566045,0,0.2393479688439791,0.04919701428751853
highest observed,0.4,0.2,100848,389,0,65.17490711566045,0,0.23896463551064573,0.04884918828713505
highest observed,0.4,0.2,100848,390,0,65.17490711566045,0,0.24275904752318145,0.048501515888693676
highest observed,0.4,0.2,100848,391,0,65.17490711566045,0,0.2423757141898482,0.04816148366225721
highest observed,0.4,0.2,100848,392,0,65.17490711566045,0,0.2419923808565149,0.04783369232550225
highest observed,0.4,0.2,100848,393,0,65.17490711566045,0,0.2477124094255718,0.047506054614202944
highest observed,0.4,0.2,100848,394,0,65.17490711566045,0,0.24732907609223848,0.04717857051539552
highest observed,0.4,0.2,100848,395,0,65.17490711566045,0,0.2469457427589052,0.04685124000799273
highest observed,0.4,0.2,100848,396,0,65.17490711566045,0,0.24656240942557178,0.046524063071442565
highest observed,0.4,0.2,100848,397,0,73.88738647947247,0,0.2461790760922385,0.04885918615800354
highest observed,0.4,0.2,100848,398,0,73.88738647947247,0,0.24952392903001547,0.04853166286207273
highest observed,0.4,0.2,100848,399,0,73.88738647947247,0,0.25287153667137097,0.04820429255450736
highest observed,0.4,0.2,100848,400,0,73.88738647947247,0,0.2525257314328438,0.04787707499321716
highest observed,0.4,0.2,100848,401,0,43.88738647947247,0,0.25217988447146034,0.0475500101166431
highest observed,0.4,0.2,100848,402,0,52.564664106549465,0,0.2518339958706662,0.049874488249808266
highest observed,0.4,0.2,100848,403,0,52.564664106549465,0,0.2514880657137403,0.04954707776428992
highest observed,0.4,0.2,100848,404,0,66.20123614819508,0,0.2511420940837951,0.053386549605482246
highest observed,0.4,0.2,100848,405,0,66.20123614819508,0,0.2507960810637764,0.05301759430021432
highest observed,0.4,0.2,100848,406,0,66.20123614819508,0,0.2504500267364643,0.052648790049312034
highest observed,0.4,0.2,100848,407,0,66.20123614819508,0,0.2501039311844736,0.05228013683046364
highest observed,0.4,0.2,100848,408,0,66.20123614819508,0,0.2497577944902535,0.051911634621861505
highest observed,0.4,0.2,100848,409,0,74.87851377527208,0,0.24941161673608853,0.05419467378825294
highest observed,0.4,0.2,100848,410,0,74.87851377527208,0,0.2518777835080707,0.05382582274091239
highest observed,0.4,0.2,100848,411,0,44.87851377527208,0,0.25153152388021144,0.05345712212578927
highest observed,0.4,0.2,100848,412,0,44.87851377527208,0,0.25118522343827443,0.05308857192809719
highest observed,0.4,0.2,100848,413,0,44.87851377527208,0,0.250838882263888,0.05272017213354996
highest observed,0.4,0.2,100848,414,0,44.87851377527208,0,0.25049250043851706,0.0523519227283612
highest observed,0.4,0.2,100848,415,0,44.87851377527208,0,0.2539407217719892,0.051983823699243766
highest observed,0.4,0.2,100848,416,0,44.87851377527208,0,0.2535942588883924,0.05161587503340926
highest observed,0.4,0.2,100848,417,0,44.87851377527208,0,0.2532477555972295,0.05124807671856752
highest observed,0.4,0.2,100848,418,0,44.87851377527208,0,0.2575718565571729,0.05088042873147387
highest observed,0.4,0.2,100848,419,0,44.87851377527208,0,0.2572252726931615,0.05051293103065867
highest observed,0.4,0.2,100848,420,0,44.87851377527208,0,0.26114561986583124,0.05014558354532296
highest observed,0.4,0.2,100848,421,0,44.87851377527208,0,0.26079895575094036,0.04978043670347899
highest observed,0.4,0.2,100848,422,0,44.87851377527208,0,0.260452251630946,0.0494565872678658
highest observed,0.4,0.2,100848,423,0,44.87851377527208,0,0.26010550758585826,0.04914118093819444
highest observed,0.4,0.2,100848,424,0,44.87851377527208,0,0.26456391725535217,0.04882592454348615
highest observed,0.4,0.2,100848,425,0,44.87851377527208,0,0.26425702341202467,0.04851081801504645
highest observed,0.4,0.2,100848,426,0,44.87851377527208,0,0.26395004335638395,0.04819585279269856
highest observed,0.4,0.2,100848,427,0,44.87851377527208,0,0.26364297726085434,0.047881029316114695
highest observed,0.4,0.2,100848,428,0,44.87851377527208,0,0.26333582529751587,0.04756634802077237
highest observed,0.4,0.2,100848,429,0,52.106756080533614,0,0.26302858763810405,0.049460438933058834
highest observed,0.4,0.2,100848,430,0,52.106756080533614,0,0.26272126445401117,0.04914550117902753
highest observed,0.4,0.2,100848,431,0,12.106756080533614,0,0.26241385591628635,0.048848517227728656
highest observed,0.4,0.2,100848,432,0,12.106756080533614,0,0.262106362195637,0.048565307409933686
highest observed,0.4,0.2,100848,433,0,12.106756080533614,0,0.26179878346242896,0.0482822415812915
highest observed,0.4,0.2,100848,434,0,12.106756080533614,0,0.26472385063764337,0.047999320196423494
highest observed,0.4,0.2,100848,435,0,12.106756080533614,0,0.2644161023890532,0.04771654370768649
highest observed,0.4,0.2,100848,436,0,12.106756080533614,0,0.26410826963696027,0.04743391256519926
highest observed,0.4,0.2,100848,437,0,12.106756080533614,0,0.26380035255037154,0.04715142721686904
highest observed,0.4,0.2,100848,438,0,12.106756080533614,0,0.2634923512979559,0.04686908810841809
highest observed,0.4,0.2,100848,439,0,24.580370976151087,0,0.2631842660480452,0.050398278012626536
highest observed,0.4,0.2,100848,440,0,24.580370976151087,0,0.26287609696863423,0.05011529719137582
highest observed,0.4,0.2,100848,441,0,31.80861328141262,0,0.2625678442273821,0.05204109281620936
highest observed,0.4,0.2,100848,442,0,40.06906001559776,0,0.2622595079916125,0.05428188944763916
highest observed,0.4,0.2,100848,443,0,40.06906001559776,0,0.2619510884283145,0.05399818815937647
highest observed,0.4,0.2,100848,444,0,40.06906001559776,0,0.2616425857041429,0.053717065549275564
highest observed,0.4,0.2,100848,445,0,40.06906001559776,0,0.2613339999854198,0.05346427203484364
highest observed,0.4,0.2,100848,446,0.03333333333333333,40.06906001559776,0,0.26102533143813417,0.05321161265889292
highest observed,0.4,0.2,100848,447,0.03333333333333333,40.06906001559776,0,0.26071658022794303,0.05295908816126157
highest observed,0.4,0.2,100848,448,0.03333333333333333,40.06906001559776,0,0.2604077465201723,0.05270669927918779
highest observed,0.4,0.2,100848,449,0.03333333333333333,53.28636966955624,0,0.2600988304798171,0.05649306914160402
highest observed,0.4,0.2,100848,450,0.03333333333333333,65.75998456517371,0,0.2650701486749287,0.06002792172855745
